npc_id,npc_name,zone,family,name_keeper,notes,taming_requirements
30,Forest Spider,Elwynn Forest,Spider,,,
43,Mine Spider,Elwynn Forest,Spider,,,
113,Stonetusk Boar,Elwynn Forest,Boar,,,
118,Prowler,Elwynn Forest,Wolf,,,
119,Longsnout,Elwynn Forest,Boar,,,
154,Greater Fleshripper,Westfall,Carrion Bird,,,
157,Goretusk,Westfall,Boar,,,
199,Young Fleshripper,Westfall,Carrion Bird,,,
217,Venom Web Spider,Duskwood,Spider,,,
299,Young Wolf,Elwynn Forest,Wolf,,,
330,Princess,Elwynn Forest,Boar,True,,
345,Bellygrub,Redridge Mountains,Boar,True,,
428,Dire Condor,Redridge Mountains,Carrion Bird,,,
442,Tarantula,Redridge Mountains,Spider,,,
454,Young Goretusk,Westfall,Boar,,,
462,Vultros,Westfall,Carrion Bird,True,Vultros can appear a one of five places around the farmsteads of northern Westfall: (i) south of the Jansen Stead; (ii) south-east of Furlbrow's Pumpkin Farm; (iii) around the road between Furlbrow's Pumpkin Farm and the Molsen Farm; (iv) east of the Molsen Farm; and (v) just south-east of Saldean's Farm.,
471,Mother Fang,Elwynn Forest,Spider,True,,
521,Lupos,Duskwood,Wolf,True,,
524,Rockhide Boar,Elwynn Forest,Boar,,,
525,Mangy Wolf,Elwynn Forest,Wolf,,,
547,Great Goretusk,Redridge Mountains,Boar,,,
574,Naraxis,Duskwood,Spider,True,"Appears in a cave in the mountains that form the eastern border of the zone. The cave can be seen on the zone map, in an area roughly north-east of Tranquil Gardens Cemetery.",
616,Chatter,Redridge Mountains,Spider,True,,
628,Black Ravager,Duskwood,Wolf,,,
681,Young Stranglethorn Tiger,Northern Stranglethorn,Cat,,,
682,Stranglethorn Tiger,Northern Stranglethorn,Cat,,,
683,Young Panther,Northern Stranglethorn,Cat,,,
684,Shadowmaw Panther,Northern Stranglethorn,Cat,,,
685,Stranglethorn Raptor,Northern Stranglethorn,Raptor,,,
686,Lashtail Raptor,Northern Stranglethorn,Raptor,,,
687,Jungle Stalker,Northern Stranglethorn,Raptor,,,
688,Stone Maw Basilisk,Northern Stranglethorn,Basilisk,,,
689,Crystal Spine Basilisk,Northern Stranglethorn,Basilisk,,,
690,Cold Eye Basilisk,The Cape of Stranglethorn,Basilisk,,,
704,Ragged Timber Wolf,Dun Morogh,Wolf,,,
705,Ragged Young Wolf,Dun Morogh,Wolf,,,
708,Small Crag Boar,Dun Morogh,Boar,,,
728,Bhag'thera,Northern Stranglethorn,Cat,True,,
729,Sin'Dall,Northern Stranglethorn,Cat,True,,
730,Tethis,Northern Stranglethorn,Raptor,True,,
731,King Bangalash,Northern Stranglethorn,Cat,True,,
736,Panther,Northern Stranglethorn,Cat,,,
772,Stranglethorn Tigress,The Cape of Stranglethorn,Cat,,,
822,Young Forest Bear,Elwynn Forest,Bear,,,
830,Sand Crawler,Azshara; Westfall,Crab,,,
831,Sea Crawler,Westfall,Crab,,,
833,Coyote Packleader,Westfall,Wolf,,,
834,Coyote,Westfall,Wolf,,,
858,Sorrow Spinner,Swamp of Sorrows,Spider,,,
922,Silt Crawler,Swamp of Sorrows,Crab,,,
930,Black Widow Hatchling,Duskwood,Spider,,,
976,Kurzen War Tiger,Northern Stranglethorn,Cat,,,
977,Kurzen War Panther,Northern Stranglethorn,Cat,,,
1016,Highland Lashtail,Wetlands,Raptor,,,
1019,Elder Razormaw,Wetlands,Raptor,,,
1085,Elder Stranglethorn Tiger,Northern Stranglethorn,Cat,,,
1088,Monstrous Crawler,Swamp of Sorrows,Crab,,,
1109,Fleshripper,Westfall,Carrion Bird,,,
1111,Leech Stalker,Wetlands,Spider,,,
1112,Leech Widow,Wetlands,Spider,True,,
1125,Crag Boar,Dun Morogh,Boar,,,
1130,Bjarn,Dun Morogh,Bear,True,,
1132,Timber,Dun Morogh,Wolf,True,,
1140,Razormaw Matriarch,Wetlands,Raptor,True,,
1150,River Crocolisk,Northern Stranglethorn,Crocolisk,,,
1152,Snapjaw Crocolisk,Northern Stranglethorn,Crocolisk,,,
1186,Black Bear,Loch Modan,Bear,,,
1195,Forest Lurker,Loch Modan,Spider,,,
1196,Ice Claw Bear,Dun Morogh,Bear,,,
1201,Snow Leopard,Dun Morogh,Cat,,Only found in North Gate Pass. Left overs.,
1216,Shore Crawler,Westfall,Crab,,,
1225,Ol' Sooty,Loch Modan,Bear,True,,
1504,Young Night Web Spider,Tirisfal Glades,Spider,,,
1505,Night Web Spider,Tirisfal Glades,Spider,,,
1508,Young Scavenger,Tirisfal Glades,Wolf,,,
1509,Ragged Scavenger,Tirisfal Glades,Wolf,,,
1511,Enraged Silverback Gorilla,The Cape of Stranglethorn,Gorilla,,"Spawns as the first gorilla during the quest Stranglethorn Fever, at a cave at the north end of Mistvale Valley. See Fin Fizracket in Booty Bay to obtain the quest.",
1512,Duskbat,Tirisfal Glades,Bat,,,
1513,Mangy Duskbat,Tirisfal Glades,Bat,,,
1516,Konda,The Cape of Stranglethorn,Gorilla,True,"Spawns as the second gorilla during the quest Stranglethorn Fever, at a cave at the north end of Mistvale Valley. See Fin Fizracket in Booty Bay to obtain the quest.",
1547,Decrepit Darkhound,Tirisfal Glades,Hound,,,
1548,Cursed Darkhound,Tirisfal Glades,Hound,,,
1549,Ravenous Darkhound,Tirisfal Glades,Hound,,,
1550,Thrashtail Basilisk,The Cape of Stranglethorn,Basilisk,,,
1551,Ironjaw Basilisk,The Cape of Stranglethorn,Basilisk,,,
1552,Scale Belly,The Cape of Stranglethorn,Basilisk,True,Located at the back of the mine.,
1553,Greater Duskbat,Tirisfal Glades,Bat,,,
1554,Vampiric Duskbat,Tirisfal Glades,Bat,,,
1555,Vicious Night Web Spider,Tirisfal Glades,Spider,,,
1557,Elder Mistvale Gorilla,The Cape of Stranglethorn,Gorilla,,,
1558,Silverback Patriarch,The Cape of Stranglethorn,Gorilla,,,
1559,King Mukla,The Cape of Stranglethorn,Gorilla,True,,
1688,Night Web Matriarch,Tirisfal Glades,Spider,,,
1689,Scarred Crag Boar,Dun Morogh,Boar,,,
1693,Loch Crocolisk,Loch Modan,Crocolisk,,,
1713,Elder Shadowmaw Panther,The Cape of Stranglethorn,Cat,,,
1765,Worg,Silverpine Forest,Wolf,,,
1766,Rabid Worg,Silverpine Forest,Wolf,,,
1778,Ferocious Grizzled Bear,Silverpine Forest,Bear,,,
1780,Skitterweb Striker,Silverpine Forest,Spider,,Found at the Skittering Dark cave in the northwest of Silverpine.,
1781,Skitterweb Lurker,Silverpine Forest,Spider,,Found at the Skittering Dark cave in the northwest of Silverpine.,
1797,Giant Rabid Bear,Silverpine Forest,Bear,,,
1815,Diseased Black Bear,Western Plaguelands,Bear,,,
1817,Diseased Wolf,Western Plaguelands,Wolf,,,
1822,Venom Mist Lurker,Western Plaguelands,Spider,,,
1824,Plague Lurker,Western Plaguelands,Spider,,,
1922,Gray Forest Wolf,Elwynn Forest,Wolf,,,
1961,Mangeclaw,Dun Morogh,Bear,True,,
1984,Young Thistle Boar,Teldrassil,Boar,,,
1985,Thistle Boar,Teldrassil,Boar,,,
1986,Webwood Spider,Teldrassil,Spider,,,
1994,Githyiss the Vile,Teldrassil,Spider,True,,
1995,Strigid Owl,Teldrassil,Bird of Prey,,,
1996,Strigid Screecher,Teldrassil,Bird of Prey,,,
1997,Strigid Hunter,Teldrassil,Bird of Prey,,,
1998,Webwood Lurker,Teldrassil,Spider,,,
1999,Webwood Venomfang,Teldrassil,Spider,,,
2000,Webwood Silkspinner,Teldrassil,Spider,,,
2001,Giant Webwood Spider,Teldrassil,Spider,,,
2031,Young Nightsaber,Teldrassil,Cat,,,
2032,Mangy Nightsaber,Teldrassil,Cat,,,
2033,Elder Nightsaber,Teldrassil,Cat,,,
2034,Feral Nightsaber,Teldrassil,Cat,,,
2042,Nightsaber,Teldrassil,Cat,,,
2043,Nightsaber Stalker,Teldrassil,Cat,,,
2071,Moonstalker Matriarch,Darkshore,Cat,,,
2098,Ram,Loch Modan; Wetlands; Arathi Highlands,Gruffhorn,,"The Ram will try to run away when you start taming, so a Freezing Trap may be handy. In the Wetlands it can be found on peaks just north of Dun Algaz and terraced slopes south-east of Menethil Harbor. In Loch Modan it can be found sporadically in many places, especially in grassy areas close to the mountain borders. In the Arathi Highlands it can be found on a remote dwarven farm by the sea, beyond the eastern mountain border. but only in its original (pre-Battle for Azeroth) phase.",
2165,Grizzled Thistle Bear,Darkshore,Bear,,,
2172,Strider Clutchmother,Darkshore,Tallstrider,True,,
2175,Shadowclaw,Darkshore,Cat,True,,
2233,Encrusted Tide Crawler,Darkshore,Crab,,,
2237,Moonstalker Sire,Darkshore,Cat,,,
2321,Foreststrider Fledgling,Darkshore,Tallstrider,,,
2349,Domesticated Creeper,Hillsbrad Foothills,Spider,,,
2350,Forest Creeper,Hillsbrad Foothills; Old Hillsbrad Foothills (Dungeon),Spider,,Located in Hillsbrad Foothills; Old Hillsbrad Foothills (Dungeon).,
2354,Vicious Gray Bear,Old Hillsbrad Foothills (Dungeon),Bear,,Located in Old Hillsbrad Foothills (Dungeon).,
2356,Elder Gray Bear,Hillsbrad Foothills,Bear,,,
2385,Foothill Stalker,Hillsbrad Foothills; Old Hillsbrad Foothills (Dungeon),Cat,,Located in Hillsbrad Foothills; Old Hillsbrad Foothills (Dungeon).,
2408,Snapjaw,Hillsbrad Foothills; Old Hillsbrad Foothills (Dungeon),Turtle,,Located in Hillsbrad Foothills; Old Hillsbrad Foothills (Dungeon).,
2462,Flesh Eating Worm,Duskwood,Worm,,Spawns when Rotted Ones are killed. You must be very fast to tame it before it dies! Will still die after taming.,Exotic
2476,Gosh-Haldir <The Clutch Mother>,Loch Modan,Crocolisk,True,Spawns on what used to be the crocolisk island in the southern part of the dried-up loch.,
2505,Saltwater Snapjaw,The Hinterlands,Turtle,,,
2521,Skymane Gorilla,The Cape of Stranglethorn,Gorilla,,,
2522,Jaguero Stalker,The Cape of Stranglethorn,Cat,,,
2544,Southern Sand Crawler,The Cape of Stranglethorn,Crab,,,
2559,Highland Strider,Arathi Highlands,Raptor,,,
2560,Highland Thrasher,Arathi Highlands,Raptor,,,
2561,Highland Fleshstalker,Arathi Highlands,Raptor,,,
2563,Plains Creeper,Arathi Highlands,Spider,,,
2565,Giant Plains Creeper,Arathi Highlands,Spider,,,
2578,Young Mesa Buzzard,Arathi Highlands,Carrion Bird,,,
2579,Mesa Buzzard,Arathi Highlands,Carrion Bird,,,
2580,Elder Mesa Buzzard,Arathi Highlands,Carrion Bird,,,
2635,Elder Snapjaw Crocolisk,Northern Stranglethorn,Crocolisk,,,
2658,Razorbeak Gryphon,The Hinterlands,Feathermane,,Friendly to Alliance.,Feathermane
2680,Vilebranch Wolf Pup,The Hinterlands,Wolf,,,
2681,Vilebranch Raiding Wolf,The Hinterlands,Wolf,,,
2728,Feral Crag Coyote,Badlands,Wolf,,,
2729,Elder Crag Coyote,Badlands,Wolf,,,
2730,Rabid Crag Coyote,Badlands,Wolf,,,
2731,Ridge Stalker,Badlands,Cat,,,
2732,Ridge Huntress,Badlands,Cat,,,
2734,Ridge Stalker Patriarch,Badlands,Cat,,,
2753,Barnabus,Badlands,Wolf,True,,
2829,Starving Buzzard,Badlands,Carrion Bird,,,
2830,Parched Buzzard,Badlands,Carrion Bird,,,
2831,Giant Buzzard,Badlands,Carrion Bird,,,
2850,Broken Tooth,Badlands,Cat,True,,
2923,Mangy Silvermane,The Hinterlands,Wolf,,,
2924,Silvermane Wolf,The Hinterlands,Wolf,,,
2925,Silvermane Howler,The Hinterlands,Wolf,,,
2926,Silvermane Stalker,The Hinterlands,Wolf,,,
2931,Zaricotl,Badlands,Carrion Bird,True,,
2955,Plainstrider,Mulgore,Tallstrider,,,
2956,Adult Plainstrider,Mulgore,Tallstrider,,,
2957,Elder Plainstrider,Mulgore,Tallstrider,,,
2958,Prairie Wolf,Mulgore,Wolf,,,
2959,Prairie Stalker,Mulgore,Wolf,,,
2960,Prairie Wolf Alpha,Mulgore,Wolf,,,
2966,Young Battleboar,Mulgore,Boar,,,
2969,Wiry Swoop,Mulgore,Carrion Bird,,,
2970,Swoop,Mulgore,Carrion Bird,,,
2971,Taloned Swoop,Mulgore,Carrion Bird,,,
2972,Kodo Calf,Mulgore,Scalehide,,,
2973,Kodo Bull,Mulgore,Scalehide,,,
2974,Kodo Matriarch,Mulgore,Scalehide,,,
3035,Flatland Cougar,Mulgore,Cat,,,
3056,Ghost Howl,Mulgore,Wolf,,Spawns rarely though not classed as a rare.,
3058,Arra'chea,Mulgore,Scalehide,True,,
3068,Mazzranache,Mulgore,Tallstrider,True,,
3098,Mottled Boar,Durotar,Boar,,,
3099,Dire Mottled Boar,Durotar,Boar,,,
3100,Elder Mottled Boar,Durotar,Boar,,,
3106,Surf Crawler,Durotar,Crab,,,
3107,Mature Surf Crawler,Durotar,Crab,,,
3108,Encrusted Surf Crawler,Durotar,Crab,,,
3110,Dreadmaw Crocolisk,Durotar,Crocolisk,,,
3122,Bloodtalon Taillasher,Durotar,Raptor,,,
3123,Bloodtalon Scythemaw,Durotar,Raptor,,,
3124,Scorpid Worker,Durotar,Scorpid,,,
3125,Clattering Scorpid,Durotar,Scorpid,,,
3126,Armored Scorpid,Durotar,Scorpid,,,
3127,Venomtail Scorpid,Durotar,Scorpid,,,
3234,Lost Barrens Kodo,Northern Barrens,Scalehide,,,
3236,Barrens Kodo,Northern Barrens,Scalehide,,,
3240,Stormsnout,Southern Barrens,Scalehide,,,
3241,Savannah Patriarch,Northern Barrens,Cat,,,
3242,Zhevra Runner,Northern Barrens,Courser,,,
3243,Savannah Highmane,Northern Barrens,Cat,,,
3244,Greater Plainstrider,Northern Barrens,Tallstrider,,,
3245,Ornery Plainstrider,Northern Barrens,Tallstrider,,,
3246,Fleeting Plainstrider,Northern Barrens,Tallstrider,,,
3248,Barrens Giraffe,Southern Barrens; Northern Barrens,Stag,,,
3252,Silithid Swarmer,Southern Barrens,Aqiri,,,Exotic
3253,Silithid Harvester,Southern Barrens,Beetle,True,,
3254,Sunscale Lashtail,Northern Barrens,Raptor,,,
3255,Sunscale Screecher,Northern Barrens,Raptor,,,
3256,Sunscale Scytheclaw,Northern Barrens,Raptor,,,
3281,Sarkoth,Durotar,Scorpid,True,,
3398,Gesharahan,Northern Barrens,Hydra,True,,
3415,Savannah Huntress,Northern Barrens,Cat,,,
3416,Savannah Matriarch,Northern Barrens,Cat,,,
3425,Savannah Prowler,Northern Barrens,Cat,,,
3426,Zhevra Charger,Northern Barrens; Southern Barrens,Courser,,,
3461,Oasis Snapjaw,Northern Barrens,Turtle,,,
3462,Elder Barrens Giraffe,Northern Barrens,Stag,,,
3475,Echeyakee,Northern Barrens,Cat,True,,
3566,Flatland Prowler,Mulgore,Cat,,,
3581,Sewer Beast,Stormwind City,Crocolisk,True,,
3619,Ghost Saber,Darkshore,Cat,,"This cat remains ghostly after it is tamed! To summon a Ghost Saber you have to find and click on Cat Figurines around the Ruins of Mathystra, until one appears.",
3630,Deviate Coiler,Wailing Caverns (Dungeon),Wind Serpent,,Located outside the Wailing Caverns (Dungeon).,
3631,Deviate Stinglash,Wailing Caverns (Dungeon),Wind Serpent,,Located outside the Wailing Caverns (Dungeon).,
3632,Deviate Creeper,Wailing Caverns (Dungeon),Raptor,,Located outside the Wailing Caverns (Dungeon).,
3633,Deviate Slayer,Wailing Caverns (Dungeon),Raptor,,Located outside the Wailing Caverns (Dungeon).,
3634,Deviate Stalker,Wailing Caverns (Dungeon),Raptor,,Located outside the Wailing Caverns (Dungeon).,
3636,Deviate Ravager,Wailing Caverns (Dungeon),Raptor,,Located in Wailing Caverns (Dungeon).,
3637,Deviate Guardian,Wailing Caverns (Dungeon),Raptor,,Located in Wailing Caverns (Dungeon).,
3652,Trigore the Lasher,Wailing Caverns (Dungeon),Hydra,True,Located outside the Wailing Caverns (Dungeon).,
3653,Kresh,Wailing Caverns (Dungeon),Turtle,True,"Located in Screaming Gully, Wailing Caverns (Dungeon). Kresh wanders the watery channel in the first section of the dungeon, just down from the entrance.",
3680,Serpentbloom Snake,Wailing Caverns (Dungeon),Serpent,,"Located in Wailing Caverns (Dungeon). To get this snake to spawn you must have the quest Preemptive Methods, which is a one-time quest offered by Nalpak just inside the dungeon entrance. A Serpentbloom Snake will spawn each time you harvest a Serpentbloom inside the instance. Note that these snakes are level 1 but the rest of the NPCs in the dungeon are higher level (scaling from approximately 8 to 31).",
3721,Mystlash Hydra,Ashenvale,Hydra,,,
3809,Ashenvale Bear,Ashenvale,Bear,,,
3810,Elder Ashenvale Bear,Ashenvale,Bear,,,
3812,Clattering Crawler,Ashenvale,Crab,,,
3814,Spined Crawler,Ashenvale,Crab,,,
3815,Blink Dragon,Ashenvale,Lesser Dragonkin,,,Lesser Dragonkin
3816,Wild Buck,Ashenvale,Stag,,,
3817,Shadowhorn Stag,Ashenvale,Stag,,,
3818,Elder Shadowhorn Stag,Ashenvale,Stag,,,
3819,Wildthorn Stalker,Ashenvale,Spider,,,
3820,Wildthorn Venomspitter,Ashenvale,Spider,,,
3821,Wildthorn Lurker,Ashenvale,Spider,,,
3823,Ghostpaw Runner,Ashenvale,Wolf,,,
3824,Ghostpaw Howler,Ashenvale,Wolf,,,
3825,Ghostpaw Alpha,Ashenvale,Wolf,,,
3864,Fel Steed,Shadowfang Keep (Dungeon),Courser,,Located in Shadowfang Keep (Dungeon). Found in the stables after the first boss.,
3868,Blood Seeker,Deepholm,Bat,True,"Spawns extremely rarely, and is reported to despawn shortly afterwards (after approximately 15 seconds).",
4005,Deepmoss Creeper,Stonetalon Mountains,Spider,,,
4006,Deepmoss Webspinner,Stonetalon Mountains,Spider,,Hangs upside down from trees.,
4007,Deepmoss Venomspitter,Stonetalon Mountains,Spider,,,
4008,Cliff Stormer,Stonetalon Mountains,Scalehide,,,
4012,Pridewing Wyvern,Stonetalon Mountains,Feathermane,,,Feathermane
4014,Pridewing Consort,Stonetalon Mountains,Feathermane,,,Feathermane
4015,Pridewing Patriarch,Stonetalon Mountains,Feathermane,True,Kill other Pridewings to get him to spawn.,Feathermane
4016,Fey Dragon,Stonetalon Mountains,Lesser Dragonkin,,"Friendly to Alliance. This fey darter appears only sporadically in the area, and is often killed by hostile NPCs. It may take you a while to find one.",Lesser Dragonkin
4017,Wily Fey Dragon,Stonetalon Mountains,Lesser Dragonkin,,"Hostile to both factions. This fey darter appears only sporadically in the area, and is often killed by hostile NPCs. It may take you a while to find one.",Lesser Dragonkin
4018,Antlered Courser,Stonetalon Mountains,Stag,,,
4019,Great Courser,Stonetalon Mountains,Stag,,,
4040,Cave Stalker,Wetlands,Spider,,,
4066,Nal'taszar,Stonetalon Mountains,Lesser Dragonkin,True,,Lesser Dragonkin
4067,Twilight Runner,Stonetalon Mountains,Cat,,,
4117,Cloud Serpent,Thousand Needles,Wind Serpent,,,
4118,Venomous Cloud Serpent,Thousand Needles,Wind Serpent,,,
4127,Hecklefang Hyena,Northern Barrens,Hyena,,,
4132,Krkk'kx,Thousand Needles,Aqiri,True,,Exotic
4166,Gazelle,Northern Barrens; Southern Barrens; Desolace; Mulgore,Stag,,,
4250,Galak Packhound,Thousand Needles,Hyena,True,"Although not technically rare, these packhounds only spawn as the companions of a rare NPC, Achellios the Banished.",
4316,Kolkar Packhound,Northern Barrens,Hyena,,,
4341,Drywallow Crocolisk,Dustwallow Marsh,Crocolisk,,,
4343,Drywallow Snapper,Dustwallow Marsh,Crocolisk,,,
4344,Mottled Drywallow Crocolisk,Dustwallow Marsh,Crocolisk,,,
4345,Drywallow Daggermaw,Dustwallow Marsh,Crocolisk,,,
4346,Noxious Flayer,Dustwallow Marsh,Wind Serpent,,,
4347,Noxious Reaver,Dustwallow Marsh,Wind Serpent,,,
4348,Noxious Shredder,Dustwallow Marsh,Wind Serpent,,,
4351,Bloodfen Raptor,Dustwallow Marsh,Raptor,,,
4352,Bloodfen Screecher,Dustwallow Marsh,Raptor,,,
4356,Bloodfen Razormaw,Dustwallow Marsh,Raptor,,,
4357,Bloodfen Lashtail,Dustwallow Marsh,Raptor,,,
4374,Strashaz Hydra,Dustwallow Marsh,Hydra,,"Phased out once you complete the ""Theramore's Fall"" scenario. Speak to Zidormi to access the pre-destruction phase. Originally this hydra just came in black. The orange variant was introduced in Patch 7.1.",
4376,Darkmist Spider,Dustwallow Marsh,Spider,,,
4378,Darkmist Recluse,Dustwallow Marsh,Spider,,,
4379,Darkmist Silkspinner,Dustwallow Marsh,Spider,,,
4380,Darkmist Widow,Dustwallow Marsh,Spider,True,,
4397,Mudrock Spikeshell,Dustwallow Marsh,Turtle,,,
4412,Darkfang Creeper,Dustwallow Marsh,Spider,,,
4414,Darkfang Venomspitter,Dustwallow Marsh,Spider,,,
4415,Giant Darkfang Spider,Dustwallow Marsh,Spider,,,
4660,Maraudine Bonepaw,Desolace,Hyena,,,
4688,Bonepaw Hyena,Desolace,Hyena,,,
4689,Starving Bonepaw,Desolace,Hyena,,,
4690,Rabid Bonepaw,Desolace,Hyena,,,
4692,Dread Swoop,Desolace,Carrion Bird,,,
4693,Dread Flyer,Desolace,Carrion Bird,,,
4694,Dread Ripper,Desolace,Carrion Bird,,,
4695,Carrion Horror,Desolace,Carrion Bird,,,
4696,Scorpashi Snapper,Desolace,Scorpid,,,
4697,Scorpashi Lasher,Desolace,Scorpid,,,
4699,Scorpashi Venomlash,Desolace,Scorpid,,,
4700,Aged Kodo,Desolace,Scalehide,,,
4701,Dying Kodo,Desolace,Scalehide,,,
4702,Ancient Kodo,Desolace,Scalehide,,,
4726,Raging Thunder Lizard,Desolace,Scalehide,,,
4727,Elder Thunder Lizard,Desolace,Scalehide,,,
4728,Gritjaw Basilisk,Desolace,Basilisk,,,
4729,Hulking Gritjaw Basilisk,Desolace,Basilisk,,,
4841,Deadmire,Dustwallow Marsh,Crocolisk,True,,
4861,Shrike Bat,Uldaman (Dungeon),Bat,,Located in Uldaman (Dungeon).,
4863,Jadespine Basilisk,Uldaman (Dungeon),Basilisk,,Located in Uldaman (Dungeon).,
4950,Spot,Dustwallow Marsh,Wolf,True,"Spot phases out once you complete the ""Theramore's Fall"" scenario but you can speak to Zidormi to be transported to the pre-destruction phase.",
5048,Deviate Adder,Wailing Caverns (Dungeon),Serpent,,Located in Wailing Caverns (Dungeon).,
5053,Deviate Crocolisk,Wailing Caverns (Dungeon),Crocolisk,,Located in Wailing Caverns (Dungeon).,
5056,Deviate Dreadfang,Wailing Caverns (Dungeon),Wind Serpent,,Located in Wailing Caverns (Dungeon).,
5225,Murk Spitter,Swamp of Sorrows,Serpent,,"This tamable serpent has a rare brown/aqua skin. Located in Hall of Bones, Swamp of Sorrows. Found outside the The Temple of Atal'Hakkar (former Sunken Temple dungeon). Go downstairs and continue the path as if you were going to enter the dungeon the old way. (Do not enter). When you reach the instance portal take the hallway going right. Follow the hallway to the end and take a right. Enter Den of the Caller and take a sharp left, almost like a u-turn and keep going down that hallway. Follow the hallway and you should be entering hall of ritual. Take a left (only way you can go). And voila, a murk spitter is there to greet you.",
5244,Zukk'ash Stinger,Feralas,Wasp,,,
5245,Zukk'ash Wasp,Feralas,Wasp,,,
5246,Zukk'ash Worker,Feralas,Aqiri,,,Exotic
5247,Zukk'ash Tunneler,Feralas,Aqiri,,,Exotic
5260,Groddoc Ape,Feralas,Gorilla,,,
5268,Ironfur Bear,Feralas,Bear,,,
5278,Sprite Darter,Feralas,Lesser Dragonkin,,"Friendly to Alliance, but can be attacked and tamed by Horde. Found in the glades west and north-west of Camp Mojache.",Lesser Dragonkin
5286,Longtooth Runner,Feralas,Wolf,,,
5291,Hakkari Frostwing,Sunken Temple (Dungeon),Wind Serpent,,"Located in The Temple of Atal'Hakkar, former Sunken Temple (Dungeon).",
5300,Frayfeather Hippogryph,Feralas,Feathermane,,Initially friendly to Alliance but players can /roar at them to make them aggressive for taming. In valley north and west of Ruins of Isildien.,Feathermane
5304,Frayfeather Stagwing,Feralas,Feathermane,,Friendly to Alliance. In valley north and west of Ruins of Isildien.,Feathermane
5307,Vale Screecher,Feralas,Wind Serpent,,,
5347,Antilus the Soarer,Feralas,Feathermane,True,,Feathermane
5349,Arash-ethis,Feralas,Wind Serpent,True,,
5350,Qirot,Feralas,Wasp,True,,
5352,Old Grizzlegut,Feralas,Bear,True,,
5356,Snarler,Feralas,Wolf,True,,
5419,Glasshide Basilisk,Tanaris,Basilisk,,,
5420,Glasshide Gazer,Tanaris,Basilisk,,,
5426,Blisterpaw Hyena,Tanaris,Hyena,,,
5427,Rabid Blisterpaw,Tanaris,Hyena,,,
5429,Fire Roc,Tanaris,Carrion Bird,,,
5430,Searing Roc,Tanaris,Carrion Bird,,,
5431,Surf Glider,Tanaris,Turtle,,,
5450,Hazzali Stinger,Tanaris,Wasp,,,
5451,Hazzali Swarmer,Tanaris,Beetle,,,
5452,Hazzali Worker,Tanaris,Aqiri,,,Exotic
5454,Hazzali Sandreaver,Tanaris,Aqiri,,,Exotic
5455,Centipaar Wasp,Tanaris,Wasp,,,
5458,Centipaar Worker,Tanaris,Aqiri,,,Exotic
5459,Centipaar Tunneler,Tanaris,Beetle,,,
5460,Centipaar Sandreaver,Tanaris,Aqiri,,,Exotic
5755,Deviate Viper,Wailing Caverns (Dungeon),Serpent,,Located in Wailing Caverns (Dungeon).,
5756,Deviate Venomwing,Wailing Caverns (Dungeon),Wind Serpent,,Located in Wailing Caverns (Dungeon).,
5762,Deviate Moccasin,Wailing Caverns (Dungeon),Serpent,,Located in Wailing Caverns (Dungeon). Three of these snakes spawn as the first wave of attackers while the Disciple of Naralex is attempting to wake Naralex.,
5807,The Rake,Mulgore,Cat,True,,
5823,Death Flayer,Durotar,Scorpid,True,,
5828,Humar The Pridelord,Northern Barrens,Cat,True,,
5829,Snort the Heckler,Southern Barrens,Hyena,True,,
5831,Swiftmane,Northern Barrens,Courser,True,,
5832,Thunderstomp,Southern Barrens,Scalehide,True,,
5833,Margol the Rager,Searing Gorge,Scalehide,True,"Margol wanders a mountain path in the far south-east corner of the zone, near a cave.",
5834,Azzere the Skyblade,Southern Barrens,Wind Serpent,True,,
5842,Takk the Leaper,Northern Barrens,Raptor,True,,
5856,Glassweb Spider,Searing Gorge,Spider,,,
5857,Searing Lava Spider,Searing Gorge,Spider,,,
5858,Greater Lava Spider,Searing Gorge,Spider,,,
5865,Dishu,Northern Barrens,Cat,True,,
5912,Deviate Faerie Dragon,Wailing Caverns (Dungeon),Lesser Dragonkin,,"Located in Wailing Caverns (Dungeon). This rarely-occurring fey darter spawns in the upper caverns in the far south-east of the instance. If it's present, head south-east, go past Skum, and follow the ramp up and around until you find it. The orange variant of this creature occurs roughly 1 in 5 of the times it spawns. You can '/tar Deviate Faerie Dragon' from just inside the dungeon entrance to check if it has spawned and if it's in the colour you're after. If not, you can leave, select ""Reset All Instances"" from your character portrait, and keep trying. Note: you can only target it from just inside the entrance, and in the south-eastern third of the dungeon; once you proceed past the NPCs at the dungeon entrance you won't be able to detect it again until you head further south-east again.",Lesser Dragonkin
5928,Sorrow Wing,Stonetalon Mountains,Feathermane,True,In some trees north-west of the lake.,Feathermane
5935,Ironeye the Invincible,Thousand Needles,Basilisk,True,,
5937,Vile Sting,Thousand Needles,Scorpid,True,,
5983,Bonepicker Felfeeder,Blasted Lands,Carrion Bird,,Flies high over most of Blasted Lands.,
5985,Snickerfang Hyena,Blasted Lands,Hyena,,,
5990,Redstone Basilisk,Blasted Lands,Basilisk,,,
5992,Ashmane Boar,Blasted Lands,Boar,,,
6021,Boar Spirit,Razorfen Kraul (Dungeon),Boar,,Located in Razorfen Kraul (Dungeon). Behind the shield that goes down after you kill Groyat.,
6215,Chomper,Gnomeregan (Dungeon),Basilisk,True,Located in Gnomeregan (Dungeon).,
6352,Coralshell Lurker,Azshara,Turtle,,,
6375,Thunderhead Hippogryph,Azshara,Feathermane,,,Feathermane
6377,Thunderhead Stagwing,Azshara,Feathermane,,,Feathermane
6498,Devilsaur,Un'Goro Crater,Devilsaur,,,Exotic
6499,Ironhide Devilsaur,Un'Goro Crater,Devilsaur,,,Exotic
6500,Tyrant Devilsaur,Un'Goro Crater,Devilsaur,,,Exotic
6501,Stegodon,Un'Goro Crater,Scalehide,,,
6502,Plated Stegodon,Un'Goro Crater,Scalehide,,,
6503,Spiked Stegodon,Un'Goro Crater,Scalehide,,,
6504,Thunderstomp Stegodon,Un'Goro Crater,Scalehide,,,
6505,Ravasaur,Un'Goro Crater,Raptor,,,
6506,Ravasaur Runner,Un'Goro Crater,Raptor,,,
6507,Ravasaur Hunter,Un'Goro Crater,Raptor,,,
6508,Venomhide Ravasaur,Un'Goro Crater,Raptor,,,
6513,Un'Goro Stomper,Un'Goro Crater,Gorilla,,,
6514,Un'Goro Gorilla,Un'Goro Crater,Gorilla,,,
6516,Un'Goro Thunderer,Un'Goro Crater,Gorilla,,,
6551,Gorishi Wasp,Un'Goro Crater,Wasp,,,
6552,Gorishi Worker,Un'Goro Crater,Aqiri,,,Exotic
6553,Gorishi Reaver,Un'Goro Crater,Aqiri,,,Exotic
6554,Gorishi Stinger,Un'Goro Crater,Wasp,,,
6555,Gorishi Tunneler,Un'Goro Crater,Beetle,,,
6581,Ravasaur Matriarch,Un'Goro Crater,Raptor,True,,
6582,Clutchmother Zavas,Un'Goro Crater,Aqiri,True,,Exotic
6583,Gruff,Un'Goro Crater,Scalehide,True,,
6584,King Mosh,Un'Goro Crater,Devilsaur,True,,Exotic
6585,Uhk'loc,Un'Goro Crater,Gorilla,True,,
6648,Antilos,Azshara,Feathermane,True,,Feathermane
7022,Venomlash Scorpid,Uldaman (Dungeon),Scorpid,,Located in Uldaman (Dungeon).,
7055,Blackrock Worg,Burning Steppes,Wolf,,,
7078,Cleft Scorpid,Uldaman (Dungeon),Scorpid,,Located in Uldaman (Dungeon).,
7097,Ironbeak Owl,Felwood,Bird of Prey,,,
7099,Ironbeak Hunter,Felwood,Bird of Prey,,,
7268,Sandfury Guardian,Zul'Farrak (Dungeon),Serpent,,Located in Zul'Farrak (Dungeon).,
7269,Scarab,Zul'Farrak (Dungeon),Beetle,,Located in Zul'Farrak (Dungeon).,
7273,Gahz'rilla,Zul'Farrak (Dungeon),Hydra,True,Located in Zul'Farrak (Dungeon).,
7319,Lady Sathrah,Teldrassil,Spider,True,,
7376,Sky Shadow,Deadwind Pass,Carrion Bird,,,
7405,Deadly Cleft Scorpid,Uldaman (Dungeon),Scorpid,,Located in Uldaman (Dungeon).,
7430,Young Frostsaber,Winterspring,Cat,,,
7431,Frostsaber,Winterspring,Cat,,,
7432,Frostsaber Stalker,Winterspring,Cat,,,
7433,Frostsaber Huntress,Winterspring,Cat,,,
7434,Frostsaber Pride Watcher,Winterspring,Cat,,,
7443,Shardtooth Mauler,Winterspring,Bear,,,
7444,Shardtooth Bear,Winterspring,Bear,,,
7446,Rabid Shardtooth,Winterspring,Bear,,,
7448,Chillwind Chimaera,Winterspring,Chimaera,,,Exotic
7455,Winterspring Owl,Winterspring,Bird of Prey,,,
7456,Winterspring Screecher,Winterspring,Bird of Prey,,,
7803,Scorpid Duneburrower,Tanaris,Scorpid,,Spawns during the quest Rescue OOX-17/TN!.,
7977,Gammerita,The Hinterlands,Turtle,True,,
8095,Sul'lithuz Sandcrawler,Zul'Farrak (Dungeon),Basilisk,,Located in Zul'Farrak (Dungeon).,
8120,Sul'lithuz Abomination,Zul'Farrak (Dungeon),Basilisk,,Located in Zul'Farrak (Dungeon).,
8138,Sul'lithuz Broodling,Zul'Farrak (Dungeon),Basilisk,,Located in Zul'Farrak (Dungeon).,
8204,Soriid the Devourer,Tanaris,Aqiri,True,,Exotic
8205,Haarka the Ravenous,Tanaris,Aqiri,True,,Exotic
8207,Emberwing,Tanaris,Carrion Bird,True,,
8211,Old Cliff Jumper,The Hinterlands,Wolf,True,Appears in Featherbeard's Hovel,
8213,Ironback,The Hinterlands,Turtle,True,,
8277,Rekk'tilac,Searing Gorge,Spider,True,,
8299,Spiteflayer,Blasted Lands,Carrion Bird,True,"Spiteflayer circles an area roughly south of Nethergarde Keep, bordered by the road to the south. It stands out as the only yellow vulture in the area. It only appears in the original, pre-""Iron Horde Invasion"" phase of the zone. Speak to Zidormi, in the passage to the Swamp of Sorrows, to access the pre-invasion phase. It used to be a Black Vulture.",
8300,Ravage,Blasted Lands,Hyena,True,"Ravage may be found north-east of (and across the hills from) Dreadmaul Post. It only appears in the original, pre-""Iron Horde Invasion"" phase of the zone. Speak to Zidormi, in the passage to the Swamp of Sorrows, to access the pre-invasion phase.",
8301,Clack the Reaver,Blasted Lands,Scorpid,True,"Clack only appears in the original, pre-""Iron Horde Invasion"" phase of the zone. Speak to Zidormi, in the passage to the Swamp of Sorrows, to access the pre-invasion phase.",
8302,Deatheye,Blasted Lands,Basilisk,True,"Deatheye is located west of a small hill, south-west of Nethergarde Keep and east (across the main road from) Dreadmaul Hold. It only appears in the original, pre-""Iron Horde Invasion"" phase of the zone. Speak to Zidormi, in the passage to the Swamp of Sorrows, to access the pre-invasion phase.",
8303,Grunter,Blasted Lands,Boar,True,"Appears roughly east (and across the road from) Dreadmaul Post and north of the Dark Portal area. It used to be a Black Boar. Grunter only appears in the original, pre-""Iron Horde Invasion"" phase of the zone. Speak to Zidormi, in the passage to the Swamp of Sorrows, to access the pre-invasion phase.",
8336,Hakkari Sapper,Sunken Temple (Dungeon),Wind Serpent,,"Located in The Temple of Atal'Hakkar, former Sunken Temple (Dungeon).",
8440,Avatar of Hakkar,Sunken Temple (Dungeon),Wind Serpent,,"Located in Sanctum of the Fallen God, The Temple of Atal'Hakkar, former Sunken Temple (Dungeon).",Undead
8596,Plaguehound Runt,Eastern Plaguelands,Hound,,,
8597,Plaguehound,Eastern Plaguelands,Hound,,,
8598,Frenzied Plaguehound,Eastern Plaguelands,Hound,,,
8600,Plaguebat,Eastern Plaguelands,Bat,,,
8601,Noxious Plaguebat,Eastern Plaguelands,Bat,,,
8602,Monstrous Plaguebat,Eastern Plaguelands,Bat,,,
8660,The Evalcharr,Azshara,Chimaera,True,,Exotic
8761,Mosshoof Courser,Azshara,Stag,,,
8764,Mistwing Ravager,Azshara,Chimaera,,,Exotic
8886,Deviate Python,Wailing Caverns (Dungeon),Serpent,,"Located in Pit of Fangs, Wailing Caverns (Dungeon). Found in the western region of the dungeon.",
8921,Bloodhound,Blackrock Depths (Dungeon),Hound,,Located in Blackrock Depths (Dungeon).,
8922,Bloodhound Mastiff,Blackrock Depths (Dungeon),Hound,,Located in Blackrock Depths (Dungeon).,
8925,Dredge Worm,Blackrock Depths (Dungeon),Worm,,Located in Blackrock Depths (Dungeon).,Exotic
8926,Deep Stinger,Blackrock Depths (Dungeon),Scorpid,,Located in Blackrock Depths (Dungeon).,
8927,Dark Screecher,Blackrock Depths (Dungeon),Bat,,Located in Blackrock Depths (Dungeon).,
8928,Burrowing Thundersnout,Blackrock Depths (Dungeon),Scalehide,,"Located in Ring of the Law, Blackrock Depths (Dungeon). May appear during the Ring of the Law event. Random encounter.",
8932,Borer Beetle,Blackrock Depths (Dungeon),Beetle,,Located in Blackrock Depths (Dungeon). May appear during Ring of Law event.,
8933,Cave Creeper,Blackrock Depths (Dungeon),Spider,,Located in Blackrock Depths (Dungeon).,
8956,Angerclaw Bear,Felwood,Bear,,,
8958,Angerclaw Mauler,Felwood,Bear,,,
8959,Felpaw Wolf,Felwood,Wolf,,,
8960,Felpaw Scavenger,Felwood,Wolf,,,
9042,Verek,Blackrock Depths (Dungeon),Hound,True,Located in Blackrock Depths (Dungeon).,
9162,Young Diemetradon,Un'goro Crater,Lizard,,,
9163,Diemetradon,Un'goro Crater,Lizard,,,
9164,Elder Diemetradon,Un'goro Crater,Lizard,,,
9166,Pterrordax,Un'Goro Crater,Pterrordax,,,Exotic
9167,Frenzied Pterrordax,Un'Goro Crater,Pterrordax,,,Exotic
9318,Incendosaur,Searing Gorge,Lizard,,,
9397,Unearthed Fossil,Tanaris,Wind Serpent,,,Undead
9416,Scarshield Worg,Blackrock Spire (Dungeon),Wolf,,Located in Blackrock Spire (Dungeon).,
9622,U'cha,Un'Goro Crater,Gorilla,True,,
9683,Lar'korwi Mate,Un'Goro Crater,Raptor,,Summoned during quest The Scent of Lar'korwi.,
9684,Lar'korwi,Un'Goro Crater,Raptor,True,Summoned during quest The Bait for Lar'korwi.,
9690,Ember Worg,Burning Steppes,Wolf,,,
9691,Venomtip Scorpid,Burning Steppes,Scorpid,,,
9696,Bloodaxe Worg,Blackrock Spire (Dungeon),Wolf,,Located in Blackrock Spire (Dungeon).,
9697,Giant Ember Worg,Burning Steppes,Wolf,,,
9701,Spire Scorpid,Blackrock Spire (Dungeon),Scorpid,,Located in Blackrock Spire (Dungeon).,
10077,Deathmaw,Burning Steppes,Wolf,True,,
10177,Spire Scarab,Blackrock Spire (Dungeon),Beetle,,Located in Blackrock Spire (Dungeon).,
10200,Rak'Shiri,Winterspring,Cat,True,,
10220,Halycon,Blackrock Spire (Dungeon),Wolf,True,"Located in Halycon's Lair, Blackrock Spire (Dungeon).",
10221,Bloodaxe Worg Pup,Blackrock Spire (Dungeon),Wolf,,Located in Blackrock Spire (Dungeon).,
10268,Gizrul the Slavener,Blackrock Spire (Dungeon),Wolf,True,Located in Blackrock Spire (Dungeon). Spawns when Halycon dies.,
10356,Bayne,Tirisfal Glades,Hound,True,,
10357,Ressan the Needler,Tirisfal Glades,Bat,True,,
10359,Sri'skulk,Tirisfal Glades,Spider,True,,
10375,Spire Spiderling,Blackrock Spire (Dungeon),Spider,,Located in Blackrock Spire (Dungeon).,
10376,Crystal Fang,Blackrock Spire (Dungeon),Spider,True,"Located in Skitterweb Tunnels, Blackrock Spire (Dungeon).",
10596,Mother Smolderweb,Blackrock Spire (Dungeon),Spider,,"Located in Skitterweb Tunnels, Blackrock Spire (Dungeon).",
10644,Mist Howler,Ashenvale,Wolf,True,,
10699,Carrion Scarab,Eastern Plaguelands,Beetle,,Summoned by Crypt Horrors and Nerubian Sycophants during combat.,
10737,Shy-Rotam,Winterspring,Cat,True,No longer spawns from a quest - now permanent.,
10741,Sian-Rotam,Winterspring,Cat,True,,
10806,Ursius,Winterspring,Bear,True,In a cave near his old spot (Moon Horror Den).,
10807,Brumeran,Winterspring,Chimaera,True,,Exotic
10981,Frostwolf,Alterac Valley (Battleground),Wolf,,Located in Alterac Valley (Battleground). Exists in each level of the battleground.,
10990,Alterac Ram,Alterac Valley (Battleground),Gruffhorn,,Located in Alterac Valley (Battleground).,
11497,The Razza,Feralas,Chimaera,True,,Exotic
11671,Core Hound,Molten Core (Raid),Core Hound,,Located in Molten Core (Raid).,Exotic
11672,Core Rager,Molten Core (Raid),Core Hound,,Located in Molten Core (Raid).,Exotic
11673,Ancient Core Hound,Molten Core (Raid),Core Hound,,Located in Molten Core (Raid).,Exotic
11698,Hive'Ashi Stinger,Silithus,Wasp,,"Original Silithus creatures vanish after you complete the Antorus raid. To time-travel to the earlier phase, speak to Zidormi near Valor's Rest.",
11721,Hive'Ashi Worker,Silithus,Beetle,,"Original Silithus creatures vanish after you complete the Antorus raid. To time-travel to the earlier phase, speak to Zidormi near Valor's Rest.",
11722,Hive'Ashi Defender,Silithus,Aqiri,,"Original Silithus creatures vanish after you complete the Antorus raid. To time-travel to the earlier phase, speak to Zidormi near Valor's Rest.",Exotic
11723,Hive'Ashi Sandstalker,Silithus,Aqiri,,"Original Silithus creatures vanish after you complete the Antorus raid. To time-travel to the earlier phase, speak to Zidormi near Valor's Rest.",Exotic
11724,Hive'Ashi Swarmer,Silithus,Wasp,,"Original Silithus creatures vanish after you complete the Antorus raid. To time-travel to the earlier phase, speak to Zidormi near Valor's Rest.",
11725,Hive'Zora Waywatcher,Silithus,Aqiri,,"Original Silithus creatures vanish after you complete the Antorus raid. To time-travel to the earlier phase, speak to Zidormi near Valor's Rest.",Exotic
11726,Hive'Zora Tunneler,Silithus,Beetle,,"Original Silithus creatures vanish after you complete the Antorus raid. To time-travel to the earlier phase, speak to Zidormi near Valor's Rest.",
11727,Hive'Zora Wasp,Silithus,Wasp,,"Original Silithus creatures vanish after you complete the Antorus raid. To time-travel to the earlier phase, speak to Zidormi near Valor's Rest.",
11728,Hive'Zora Reaver,Silithus,Aqiri,,"Original Silithus creatures vanish after you complete the Antorus raid. To time-travel to the earlier phase, speak to Zidormi near Valor's Rest.",Exotic
11729,Hive'Zora Hive Sister,Silithus,Aqiri,,"Original Silithus creatures vanish after you complete the Antorus raid. To time-travel to the earlier phase, speak to Zidormi near Valor's Rest.",Exotic
11730,Hive'Regal Ambusher,Silithus,Aqiri,,"Original Silithus creatures vanish after you complete the Antorus raid. To time-travel to the earlier phase, speak to Zidormi near Valor's Rest.",Exotic
11731,Hive'Regal Burrower,Silithus,Beetle,,"Original Silithus creatures vanish after you complete the Antorus raid. To time-travel to the earlier phase, speak to Zidormi near Valor's Rest.",
11732,Hive'Regal Spitfire,Silithus,Wasp,,"Original Silithus creatures vanish after you complete the Antorus raid. To time-travel to the earlier phase, speak to Zidormi near Valor's Rest.",
11733,Hive'Regal Slavemaker,Silithus,Aqiri,,"Original Silithus creatures vanish after you complete the Antorus raid. To time-travel to the earlier phase, speak to Zidormi near Valor's Rest.",Exotic
11734,Hive'Regal Hive Lord,Silithus,Aqiri,,"Original Silithus creatures vanish after you complete the Antorus raid. To time-travel to the earlier phase, speak to Zidormi near Valor's Rest.",Exotic
11735,Stonelash Scorpid,Silithus,Scorpid,,"Original Silithus creatures vanish after you complete the Antorus raid. To time-travel to the earlier phase, speak to Zidormi near Valor's Rest.",
11736,Stonelash Pincer,Silithus,Scorpid,,"Original Silithus creatures vanish after you complete the Antorus raid. To time-travel to the earlier phase, speak to Zidormi near Valor's Rest.",
11737,Stonelash Flayer,Silithus,Scorpid,,"Original Silithus creatures vanish after you complete the Antorus raid. To time-travel to the earlier phase, speak to Zidormi near Valor's Rest.",
11738,Sand Skitterer,Silithus,Spider,,"Original Silithus creatures vanish after you complete the Antorus raid. To time-travel to the earlier phase, speak to Zidormi near Valor's Rest.",
11739,Rock Stalker,Silithus,Spider,,"Original Silithus creatures vanish after you complete the Antorus raid. To time-travel to the earlier phase, speak to Zidormi near Valor's Rest.",
11740,Dredge Striker,Silithus,Worm,,"Original Silithus creatures vanish after you complete the Antorus raid. To time-travel to the earlier phase, speak to Zidormi near Valor's Rest.",Exotic
11741,Dredge Crusher,Silithus,Worm,,"Original Silithus creatures vanish after you complete the Antorus raid. To time-travel to the earlier phase, speak to Zidormi near Valor's Rest.",Exotic
11785,Ambereye Basilisk,Desolace,Basilisk,,,
11786,Ambereye Reaver,Desolace,Basilisk,,,
11787,Rock Borer,Maraudon (Non-Instanced),Worm,,Located in Maraudon (Non-Instanced).,Exotic
11788,Rock Worm,Maraudon (Non-Instanced),Worm,,Located in Maraudon (Non-Instanced).,Exotic
11789,Deep Borer,Maraudon (Dungeon),Worm,,Located in Maraudon (Dungeon).,Exotic
11897,Duskwing,Eastern Plaguelands,Bat,True,,
11982,Magmadar,Molten Core (Raid),Core Hound,True,Located in Molten Core (Raid).,Exotic
12037,Ursol'lok,Ashenvale,Bear,True,,
12207,Thessala Hydra,Maraudon (Dungeon),Hydra,,Located in Maraudon (Dungeon).,
12347,Enraged Reef Crawler,Desolace,Crab,,,
12418,Gordok Hyena,Feralas,Hyena,,Found outside the Dire Maul dungeon.,
12431,Gorefang,Silverpine Forest,Wolf,True,,
12433,Krethis the Shadowspinner,Silverpine Forest,Spider,True,,
12676,Sharptalon,Ashenvale,Feathermane,True,"Sharptalon patrols an area in south-east Ashenvale, around approximately 72, 76. Friendly to Alliance.",Feathermane
12940,Vorsha the Lasher,Ashenvale,Hydra,True,"Vorsha is summoned during the once-only Horde quest, Vorsha the Lasher, given by Muglash in the nearby Zoram'gar Outpost. If you've already completed the quest, or your hunter is Alliance, you can easily bring in a Horde character to start the quest, follow Muglash's directions until the stage in which Vorsha spawns, then quickly log off and switch to your hunter.",
13036,Gordok Hound,Dire Maul (Dungeon),Hyena,,Located in Dire Maul (Dungeon).,
13136,Hive'Ashi Drone,Silithus,Wasp,,"Spawns after killing Tortured Druids at Southwind Village. Original Silithus creatures vanish after you complete the Antorus raid. To time-travel to the earlier phase, speak to Zidormi near Valor's Rest.",
13323,Subterranean Diemetradon,Maraudon (Dungeon),Lizard,,Located in Maraudon (Dungeon). In the caverns beyond Earth Song Falls.,
13596,Rotgrip,Maraudon (Dungeon),Crocolisk,True,"Located in Zaetar's Grave, Maraudon (Dungeon).",
13599,Stolid Snapjaw,Maraudon (Dungeon),Turtle,,Located in Maraudon (Dungeon).,
13676,Stabled Alterac Ram,Alterac Valley (Battleground),Gruffhorn,,Located in Alterac Valley (Battleground).,
13896,Scalebeard,Azshara,Turtle,True,,
14020,Chromaggus,Blackwing Lair (Raid),Core Hound,True,"Located in Chromaggus is the seventh encounter of the raid, Blackwing Lair (Raid).",Exotic
14123,Steeljaw Snapper,Tanaris,Turtle,,,
14222,Araga,Hillsbrad Foothills,Cat,True,,
14223,Cranky Benj,Hillsbrad Foothills,Turtle,True,,
14227,Hissperak,Desolace,Basilisk,True,,
14228,Giggler,Desolace,Hyena,True,,
14232,Dart,Dustwallow Marsh,Raptor,True,,
14233,Ripscale,Dustwallow Marsh,Crocolisk,True,,
14234,Hayoc,Dustwallow Marsh,Wind Serpent,True,,
14237,Oozeworm,Dustwallow Marsh,Worm,True,,Exotic
14266,Shanda the Spinner,Loch Modan,Spider,True,,
14268,Lord Condar,Loch Modan,Carrion Bird,True,,
14279,Creepthess,Hillsbrad Foothills,Spider,True,,
14280,Big Samras,Hillsbrad Foothills,Bear,True,,
14283,Stormpike Owl,Alterac Valley (Battleground),Bird of Prey,,Located in Alterac Valley (Battleground). Exists in each level of the battleground.,
14339,Death Howl,Felwood,Wolf,True,,
14343,Olm the Wise,Felwood,Bird of Prey,True,,
14344,Mongress,Felwood,Bear,True,,
14370,Cadaverous Worm,Dire Maul (Dungeon),Worm,,Located in Dire Maul (Dungeon). Spawn when Rotting Highborne are killed. Dies after taming.,Exotic
14398,Eldreth Darter,Dire Maul West (Dungeon),Lesser Dragonkin,,Located in Dire Maul West (Dungeon).,Lesser Dragonkin
14430,Duskstalker,Teldrassil,Cat,True,,
14472,Gretheer,Silithus,Spider,True,"Original Silithus creatures vanish after you complete the Antorus raid. To time-travel to the earlier phase, speak to Zidormi near Valor's Rest.",
14473,Lapress,Silithus,Aqiri,True,"Original Silithus creatures vanish after you complete the Antorus raid. To time-travel to the earlier phase, speak to Zidormi near Valor's Rest.",Exotic
14474,Zora,Silithus,Wasp,True,"Original Silithus creatures vanish after you complete the Antorus raid. To time-travel to the earlier phase, speak to Zidormi near Valor's Rest.",
14475,Rex Ashil,Silithus,Wasp,True,"Original Silithus creatures vanish after you complete the Antorus raid. To time-travel to the earlier phase, speak to Zidormi near Valor's Rest.",
14476,Krellack,Silithus,Scorpid,True,"Original Silithus creatures vanish after you complete the Antorus raid. To time-travel to the earlier phase, speak to Zidormi near Valor's Rest.",
14477,Grubthor,Silithus,Worm,True,"Original Silithus creatures vanish after you complete the Antorus raid. To time-travel to the earlier phase, speak to Zidormi near Valor's Rest.",Exotic
14491,Kurmokk,The Cape of Stranglethorn,Gorilla,True,,
14661,Stinglasher,Feralas,Wasp,True,,
15168,Vile Scarab,Ruins of Ahn'Qiraj (Raid),Beetle,,Located in Ruins of Ahn'Qiraj (Raid).,
15196,Deathclasp,Silithus,Scorpid,True,"Original Silithus creatures vanish after you complete the Antorus raid. To time-travel to the earlier phase, speak to Zidormi near Valor's Rest.",
15229,Vekniss Soldier,Temple of Ahn'Qiraj (Raid),Aqiri,,Located in Temple of Ahn'Qiraj (Raid).,Exotic
15230,Vekniss Warrior,Temple of Ahn'Qiraj (Raid),Aqiri,,Located in Temple of Ahn'Qiraj (Raid).,Exotic
15233,Vekniss Guardian,Temple of Ahn'Qiraj (Raid),Aqiri,,Located in Temple of Ahn'Qiraj (Raid).,Exotic
15235,Vekniss Stinger,Temple of Ahn'Qiraj (Raid),Wasp,,Located in Temple of Ahn'Qiraj (Raid). Technically tameable but its 5-second interrupts make this very hard or impossible.,
15236,Vekniss Wasp,Temple of Ahn'Qiraj (Raid),Wasp,,Located in Temple of Ahn'Qiraj (Raid).,
15240,Vekniss Hive Crawler,Temple of Ahn'Qiraj (Raid),Scorpid,,Located in Temple of Ahn'Qiraj (Raid).,
15274,Mana Wyrm,Eversong Woods (Classic),Serpent,,,
15300,Vekniss Drone,Temple of Ahn'Qiraj (Raid),Aqiri,,Located in Temple of Ahn'Qiraj (Raid).,Exotic
15316,Qiraji Scarab,Temple of Ahn'Qiraj (Raid),Beetle,,Located in Temple of Ahn'Qiraj (Raid). The Hive Undergrounds,
15317,Qiraji Scorpion,Temple of Ahn'Qiraj (Raid),Scorpid,,Located in Temple of Ahn'Qiraj (Raid).,
15318,Hive'Zara Drone,Ruins of Ahn'Qiraj (Raid),Aqiri,,Located in Ruins of Ahn'Qiraj (Raid).,Exotic
15319,Hive'Zara Collector,Ruins of Ahn'Qiraj (Raid),Aqiri,,Located in Ruins of Ahn'Qiraj (Raid).,Exotic
15320,Hive'Zara Soldier,Ruins of Ahn'Qiraj (Raid),Aqiri,,Located in Ruins of Ahn'Qiraj (Raid).,Exotic
15323,Hive'Zara Sandstalker,Ruins of Ahn'Qiraj (Raid),Aqiri,,Located in Ruins of Ahn'Qiraj (Raid).,Exotic
15325,Hive'Zara Wasp,Ruins of Ahn'Qiraj (Raid),Wasp,,Located in Ruins of Ahn'Qiraj (Raid).,
15327,Hive'Zara Stinger,Ruins of Ahn'Qiraj (Raid),Wasp,,Located in Ruins of Ahn'Qiraj (Raid). Technically tameable but its 5-second interrupts make this very hard or impossible.,
15336,Hive'Zara Tail Lasher,Ruins of Ahn'Qiraj (Raid),Scorpid,,Located in Ruins of Ahn'Qiraj (Raid).,
15348,Kurinnaxx,Ruins of Ahn'Qiraj (Raid),Aqiri,True,"Located in Ruins of Ahn'Qiraj (Raid). Kurinnaxx is the first boss of the instance. It can interrupt frequently and seems to be resistant to traps, so start taming from as much distance as possible. Also, clear out any packs of roving wasps in the area as they can also interrupt your tame.",Exotic
15366,Springpaw Cub,Eversong Woods (Classic),Cat,,,
15369,Ayamiss the Hunter,Ruins of Ahn'Qiraj (Raid),Wasp,True,"Located in The Comb, Ruins of Ahn'Qiraj (Raid).",
15370,Buru the Gorger,Ruins of Ahn'Qiraj (Raid),Aqiri,True,"Located in The Hatchery, Ruins of Ahn'Qiraj (Raid).",Exotic
15372,Springpaw Lynx,Eversong Woods (Classic),Cat,,,
15461,Shrieker Scarab,Ruins of Ahn'Qiraj (Raid),Beetle,,Located in Ruins of Ahn'Qiraj (Raid).,
15462,Spitting Scarab,Ruins of Ahn'Qiraj (Raid),Beetle,,Located in Ruins of Ahn'Qiraj (Raid).,
15509,Princess Huhuran,Temple of Ahn'Qiraj (Raid),Wasp,True,Located in Temple of Ahn'Qiraj (Raid). Princess Huhuran is the fifth encounter in the raid.,
15510,Fankriss the Unyielding,Temple of Ahn'Qiraj (Raid),Aqiri,True,Located in Temple of Ahn'Qiraj (Raid). Fankriss is the fourth encounter of the raid (including the optional bug trio).,Exotic
15511,Lord Kri,Temple of Ahn'Qiraj (Raid),Aqiri,True,"Located in Temple of Ahn'Qiraj (Raid). Lord Kri is part of a trio of silithid colossus bosses that form the second encounter of the raid. Try to tame him before Princess Yauj starts using her fear ability, which will interrupt you.",Exotic
15521,Hive'Zara Hatchling,Ruins of Ahn'Qiraj (Raid),Aqiri,,Located in Ruins of Ahn'Qiraj (Raid). Spawns when Buru Eggs are attacked.,Exotic
15543,Princess Yauj,Temple of Ahn'Qiraj (Raid),Aqiri,True,"Located in Temple of Ahn'Qiraj (Raid). Princess Yauj is part of a trio of silithid colossus bosses that form the second encounter of the raid. Try to tame her before she starts using her fear ability, which will interrupt you.",Exotic
15544,Vem,Temple of Ahn'Qiraj (Raid),Aqiri,True,"Located in Temple of Ahn'Qiraj (Raid). Vem is part of a trio of silithid colossus bosses that form the second encounter of the raid. You should be able to tame him quickly, before the others reach you.",Exotic
15546,Hive'Zara Swarmer,Ruins of Ahn'Qiraj (Raid),Wasp,,Located in Ruins of Ahn'Qiraj (Raid). Spawned during Ayamiss the Hunter fight. Tameable only if it focuses aggro on you.,
15621,Yauj Brood,Temple of Ahn'Qiraj (Raid),Beetle,,Located in Temple of Ahn'Qiraj (Raid).,
15622,Vekniss Borer,Temple of Ahn'Qiraj (Raid),Aqiri,,Located in Temple of Ahn'Qiraj (Raid).,Exotic
15649,Feral Dragonhawk Hatchling,Eversong Woods (Classic),Dragonhawk,,,
15650,Crazed Dragonhawk,Eversong Woods (Classic),Dragonhawk,,,
15651,Springpaw Stalker,Eversong Woods (Classic),Cat,,,
15652,Elder Springpaw,Eversong Woods (Classic),Cat,,,
15718,Ouro Scarab,Temple of Ahn'Qiraj (Raid),Beetle,,Located in Temple of Ahn'Qiraj (Raid). Spawns during fight with Ouro.,
15932,Gluth,Naxxramas (Raid),Hound,,"Located in Construct Quarter, Naxxramas (Raid).",Undead
15934,Hive'Zara Buzzer,Ruins of Ahn'Qiraj (Raid),Wasp,,Located in Ruins of Ahn'Qiraj (Raid). Spawns during Ayamiss the Hunter fight if a player dies when chained to the altar. Technically tameable but its 5-second interrupts make this very hard or impossible.,
15962,Vekniss Hatchling,Temple of Ahn'Qiraj (Raid),Aqiri,,Located in Temple of Ahn'Qiraj (Raid).,Exotic
15966,Mana Serpent,Eversong Woods (Classic),Serpent,,,
15974,Dread Creeper,Naxxramas (Raid),Spider,,Located in Naxxramas (Raid).,
15975,Carrion Spinner,Naxxramas (Raid),Spider,,Located in Naxxramas (Raid).,
15976,Venom Stalker,Naxxramas (Raid),Spider,,Located in Naxxramas (Raid).,
16117,Plagued Swine,Eastern Plaguelands,Boar,,,
16170,Coldmist Stalker,Karazhan (Raid),Spider,,Located in Karazhan (Raid).,
16171,Coldmist Widow,Karazhan (Raid),Spider,,Located in Karazhan (Raid).,
16173,Shadowbat,Karazhan (Raid),Bat,,Located in Karazhan (Raid).,
16174,Greater Shadowbat,Karazhan (Raid),Bat,,Located in Karazhan (Raid).,
16175,Vampiric Shadowbat,Karazhan (Raid),Bat,,"Located in Servants' Quarters, Karazhan (Raid).",
16176,Shadowbeast,Karazhan (Raid),Hound,,Located in Karazhan (Raid).,
16177,Dreadbeast,Karazhan (Raid),Hound,,Located in Karazhan (Raid).,
16178,Phase Hound,Karazhan (Raid),Hound,,Located in Karazhan (Raid).,
16179,Hyakiss the Lurker,Karazhan (Raid),Spider,True,"Located in Servants' Quarters, Karazhan (Raid). One of three random bosses that may appear after most of the trash is killed in the Servants' Quarters. This can reset multiple times a day, often with a different random boss.",
16180,Shadikith the Glider,Karazhan (Raid),Bat,True,"Located in Servant's Quarters, Karazhan (Raid). One of three random bosses that may appear after most of the trash is killed in the Servants' Quarters. This can reset multiple times a day, often with a different random boss.",
16181,Rokad the Ravager,Karazhan (Raid),Hound,True,"Located in Servant's Quarters, Karazhan (Raid). Spawns in the Servants' Quarters if you clear the hound trash last. This can reset multiple times a day.",
16310,Mana Shifter,Ghostlands,Serpent,,,
16347,Starving Ghostclaw,Ghostlands,Cat,,,
16348,Ghostclaw Lynx,Ghostlands,Cat,,,
16349,Ghostclaw Ravager,Ghostlands,Cat,,,
16350,Spindleweb Spider,Ghostlands,Spider,,,
16351,Spindleweb Lurker,Ghostlands,Spider,,,
16352,Greater Spindleweb,Ghostlands,Spider,,,
16353,Mistbat,Ghostlands,Bat,,,
16354,Vampiric Mistbat,Ghostlands,Bat,,,
16355,Lesser Scourgebat,Ghostlands,Bat,,,
16491,Mana Feeder,Karazhan (Raid),Serpent,,"Located in Guardian's Library, Karazhan (Raid).",
16492,Syphoner,Karazhan (Raid),Serpent,,"Located in The Menagerie, Karazhan (Raid).",
16520,Vale Moth,Azuremyst Isle,Moth,,,
16698,Corpse Scarab,Naxxramas (Raid),Beetle,,"Located in Naxxramas (Raid). Much smaller than other beetles, and has a trailing effect when running. Spawns after Crypt Guards die during the Anub'Rekhan encounter. Anub'Rekhan is the first boss in the Arachnid Quarter of Naxxramas.",
16863,Deranged Helboar,Hellfire Peninsula,Boar,,,
16872,Jetwing,The Hinterlands,Feathermane,True,"Jetwing flies high over the central part of zone and can be hard to reach and aggro, especially since it is not aggressive. The easiest way is to dismount in mid-air, shoot to aggro it, then use Disengage before you hit the ground to avoid falling damage.",Feathermane
16874,Snowblind,Winterspring,Feathermane,True,Spawns when you click on (and destroy) a large nest on the ground. The nest isn't always present and may take several hours to reappear.,Feathermane
16875,Netherbeak,Azsuna,Feathermane,True,"Netherbeak flies in an erratic, high-altitude path around a wide swathe of Azsuna. It is stealthed and is only detectable by Track Hidden once it gets close. A good place to wait is to hover a distance above the temple on Rhut'van Peak. Netherbeak should eventually fly by and aggro to you. Then land on top of the building and tame away!",Feathermane
16879,Starving Helboar,Hellfire Peninsula,Boar,,,
16880,Hulking Helboar,Hellfire Peninsula,Boar,,,
16932,Razorfang Hatchling,Hellfire Peninsula,Ravager,,,
16933,Razorfang Ravager,Hellfire Peninsula,Ravager,,,
16934,Quillfang Ravager,Hellfire Peninsula,Ravager,,,
16972,Bonestripper Buzzard,Hellfire Peninsula,Carrion Bird,,,
16973,Bonestripper Vulture,Hellfire Peninsula,Carrion Bird,,,
16992,Dreadtusk,Hellfire Peninsula,Boar,,"Created during the quest ""Testing the Antidote"".",
17034,Female Kaliri Hatchling,Hellfire Peninsula,Bird of Prey,,May spawn when you click on the eggs in a Kaliri Nest.,
17035,Kaliri Matriarch,Hellfire Peninsula,Bird of Prey,,,
17039,Male Kaliri Hatchling,Hellfire Peninsula,Bird of Prey,,May spawn when you click on the eggs in a Kaliri Nest.,
17053,Kaliri Swooper,Hellfire Peninsula,Bird of Prey,,,
17128,Windroc,Nagrand - Outland,Bird of Prey,,,
17129,Greater Windroc,Nagrand - Outland,Bird of Prey,,,
17130,Talbuk Stag,Nagrand - Outland,Stag,,,
17131,Talbuk Thorngrazer,Nagrand - Outland,Stag,,,
17132,Clefthoof Bull,Nagrand - Outland,Clefthoof,,,Exotic
17133,Aged Clefthoof,Nagrand - Outland,Clefthoof,,,Exotic
17144,Goretooth,Nagrand - Outland,Crocolisk,True,,
17199,Ravager Specimen,Azuremyst Isle,Ravager,,,
17200,Moongraze Stag,Azuremyst Isle,Stag,,,
17201,Moongraze Buck,Azuremyst Isle,Stag,,,
17202,Infected Nightstalker Runt,Azuremyst Isle,Cat,,,
17203,Nightstalker,Azuremyst Isle,Cat,,,
17216,Skittering Crawler,Azuremyst Isle,Crab,,,
17217,Barbed Crawler,Azuremyst Isle,Crab,,,
17280,Shattered Hand Warhound,Hellfire Ramparts (Dungeon),Wolf,,Located in Hellfire Ramparts (Dungeon).,
17345,Brown Bear,Bloodmyst Isle,Bear,,,
17347,Grizzled Brown Bear,Bloodmyst Isle,Bear,,,
17348,Elder Brown Bear,Bloodmyst Isle,Bear,,,
17349,Blue Flutterer,Bloodmyst Isle,Moth,,,
17350,Royal Blue Flutterer,Bloodmyst Isle,Moth,,,
17372,Timberstrider Fledgling,Azuremyst Isle,Tallstrider,,,
17373,Timberstrider,Azuremyst Isle,Tallstrider,,,
17374,Greater Timberstrider,Azuremyst Isle,Tallstrider,,,
17447,The Kurken,Azuremyst Isle,Core Hound,True,,Exotic
17522,Myst Spinner,Bloodmyst Isle,Spider,,,
17523,Myst Leecher,Bloodmyst Isle,Spider,,,
17525,Bloodmyst Hatchling,Bloodmyst Isle,Ravager,,,
17527,Enraged Ravager,Bloodmyst Isle,Ravager,,,
17556,Death Ravager,Azuremyst Isle,Ravager,True,,
17661,Deathclaw,Bloodmyst Isle,Bear,True,,
17669,Rabid Warhound,The Shattered Halls (Dungeon),Wolf,,Located in The Shattered Halls (Dungeon).,
17683,Zarakh,Bloodmyst Isle,Spider,True,,
17724,Underbat,The Underbog (Dungeon),Sporebat,,Located in The Underbog (Dungeon).,
17731,Fen Ray,The Underbog (Dungeon),Ray,,Located in The Underbog (Dungeon).,
17732,Lykul Wasp,The Underbog (Dungeon),Wasp,,Located in The Underbog (Dungeon).,
17882,The Black Stalker,The Underbog (Dungeon),Water Strider,True,Located in The Underbog (Dungeon).,Exotic
17952,Darkwater Crocolisk,The Black Morass (Dungeon),Crocolisk,,Located in The Black Morass (Dungeon).,
18033,Dark Worg,Nagrand - Outland,Wolf,,,
18105,Ghaz'an,The Underbog (Dungeon),Hydra,True,Located in The Underbog (Dungeon).,
18128,Sporebat,Zangarmarsh,Sporebat,,,
18129,Greater Sporebat,Zangarmarsh,Sporebat,,,
18130,Marshfang Ripper,Zangarmarsh,Ray,,,
18131,Marshfang Slicer,Zangarmarsh,Ray,,,
18132,Umbraglow Stinger,Zangarmarsh,Wasp,,,
18133,Marshlight Bleeder,Zangarmarsh,Wasp,,,
18134,Fen Strider,Zangarmarsh,Water Strider,,,Exotic
18135,Marsh Walker,Zangarmarsh,Water Strider,,,Exotic
18155,Bloodfalcon,The Botanica (Dungeon),Dragonhawk,,Located in The Botanica (Dungeon).,
18205,Clefthoof,Nagrand - Outland,Clefthoof,,,Exotic
18213,Mire Hydra,Zangarmarsh,Hydra,,,
18214,Fenclaw Thrasher,Zangarmarsh,Hydra,,,
18220,Ravenous Windroc,Nagrand - Outland,Bird of Prey,,,
18241,Crusty,Desolace,Crab,True,,
18257,Gutripper,Nagrand - Outland,Bird of Prey,True,,
18258,Bach'lor,Nagrand - Outland,Stag,True,,
18259,Banthar,Nagrand - Outland,Clefthoof,True,,Exotic
18280,Sporewing,Zangarmarsh,Sporebat,True,,
18281,Boglash,Zangarmarsh,Water Strider,True,,Exotic
18283,Blacksting,Zangarmarsh,Wasp,True,,
18285,"""Count"" Ungula",Zangarmarsh,Ray,True,,
18286,Mragesh,Zangarmarsh,Hydra,True,,
18289,Bull Elekk,Nagrand - Outland,Mammoth,,"Found north-east of Oshu'gun, just outside the Spirit Fields.",
18290,Tusker <Queen of the Elekk>,Nagrand - Outland,Mammoth,True,"Tusker holds court on a large rise, north-east of Oshu'gun, just outside the Spirit Fields.",
18334,Wild Elekk,Nagrand - Outland,Mammoth,,,
18398,Brokentoe,Nagrand - Outland,Clefthoof,True,Brokentoe is the first combatant in the Ring of Blood event. Speak to Gurgthock to pick up the quest and start the event.,Exotic
18437,Vicious Teromoth,Terokkar Forest,Moth,,,
18438,Naphthal'ar,Terokkar Forest,Moth,True,,
18461,Dampscale Basilisk,Terokkar Forest,Basilisk,,,
18463,Dampscale Devourer,Terokkar Forest,Basilisk,,,
18464,Warp Stalker,Terokkar Forest,Warp Stalker,,,
18465,Warp Hunter,Terokkar Forest,Warp Stalker,,,
18466,Dreadfang Lurker,Terokkar Forest,Spider,,,
18467,Dreadfang Widow,Terokkar Forest,Spider,,,
18468,Teromoth,Terokkar Forest,Moth,,,
18469,Royal Teromoth,Terokkar Forest,Moth,,,
18470,Bonelasher,Terokkar Forest,Carrion Bird,,,
18476,Timber Worg,Terokkar Forest,Wolf,,,
18477,Timber Worg Alpha,Terokkar Forest,Wolf,,,
18647,Deathskitter,Terokkar Forest,Spider,True,,
18648,Stonegazer,Terokkar Forest,Basilisk,True,,
18670,Ironjaw,Terokkar Forest,Wolf,True,,
18680,Marticar,Zangarmarsh,Water Strider,True,,Exotic
18707,Torgos,Terokkar Forest,Carrion Bird,True,Torgos cannot be attacked or tamed until activated during the quest Torgos! / Torgos!. He can be tamed by other hunters once this happens.,
18739,Giraffe,Northern Barrens,Stag,,,
18880,Nether Ray,Netherstorm,Ray,,,
18883,Mana Snapper,Netherstorm,Serpent,,,
18884,Warp Chaser,Netherstorm,Warp Stalker,,,
18964,Injured Talbuk,Nagrand - Outland,Stag,,,
18982,Sable Jaguar,The Black Morass (Dungeon),Cat,,Located in The Black Morass (Dungeon).,
18983,Blackfang Tarantula,The Black Morass (Dungeon),Spider,,Located in The Black Morass (Dungeon).,
19055,Windroc Matriarch,Nagrand - Outland,Bird of Prey,True,"The Windroc Matriarch appears if you interact with a Mysterious Egg which can be found in a tree at approximate coordinates 61, 67 in Nagrand.",
19183,Clefthoof Calf,Nagrand - Outland,Clefthoof,,,Exotic
19189,Quillfang Skitterer,Hellfire Peninsula,Ravager,,,
19306,Mana Leech,Mana-Tombs (Dungeon),Serpent,,Located in Mana-Tombs (Dungeon).,
19349,Thornfang Ravager,Hellfire Peninsula,Ravager,,,
19350,Thornfang Venomspitter,Hellfire Peninsula,Ravager,,,
19423,Bleeding Hollow Worg,Hellfire Peninsula,Wolf,,,
19428,Cobalt Serpent,Sethekk Halls (Dungeon),Wind Serpent,,Located in Sethekk Halls (Dungeon).,
19429,Avian Darkhawk,Sethekk Halls (Dungeon),Bird of Prey,,Located in Sethekk Halls (Dungeon).,
19458,Ripp,Hellfire Peninsula,Wolf,True,,
19459,Feng,Hellfire Peninsula,Wolf,True,,
19632,Lykul Stinger,The Underbog (Dungeon),Wasp,,Located in The Underbog (Dungeon).,
19706,Marshrock Threshalisk,Zangarmarsh,Basilisk,,,
19729,Ironspine Threshalisk,Zangarmarsh,Basilisk,,,
19730,Ironspine Gazer,Zangarmarsh,Basilisk,,,
19784,Coilskar Cobra,Shadowmoon Valley - Outland,Serpent,,,
20038,Phoenix-Hawk Hatchling,Tempest Keep: The Eye (Raid),Dragonhawk,,Located in Tempest Keep: The Eye (Raid).,
20039,Phoenix-Hawk,Tempest Keep: The Eye (Raid),Dragonhawk,,Located in Tempest Keep: The Eye (Raid).,
20058,Bloodmaul Dire Wolf,Blade's Edge Mountains,Wolf,,,
20196,Bloodthirsty Marshfang,Zangarmarsh,Ray,,,
20197,Bogflare Needler,Zangarmarsh,Wasp,,,
20198,Fenglow Stinger,Zangarmarsh,Wasp,,,
20279,Ragestone Threshalisk,Zangarmarsh,Basilisk,,,
20280,Ragestone Trampler,Zangarmarsh,Basilisk,,,
20283,Marshrock Stomper,Zangarmarsh,Basilisk,,,
20324,Parched Hydra,Zangarmarsh,Hydra,,,
20330,Bloodmaul Battle Worg,Blade's Edge Mountains,Wolf,,,
20387,Young Sporebat,Zangarmarsh,Sporebat,,,
20502,Eclipsion Dragonhawk,Shadowmoon Valley - Outland,Dragonhawk,,,
20607,Craghide Basilisk,Netherstorm,Basilisk,,,
20610,Talbuk Doe,Netherstorm,Stag,,,
20611,Shimmerwing Moth,Netherstorm,Moth,,,
20634,Scythetooth Raptor,Netherstorm,Raptor,,,
20671,Ripfang Lynx,Netherstorm,Cat,,,
20673,Swiftwing Shredder,Netherstorm,Wind Serpent,,,
20682,Terokkarantula,Terokkar Forest,Spider,True,,
20714,Ridgespine Stalker,Blade's Edge Mountains,Spider,,,
20728,Bladespire Raptor,Blade's Edge Mountains,Raptor,,,
20729,Bladespire Ravager,Blade's Edge Mountains,Raptor,,,
20748,Thunderlord Dire Wolf,Blade's Edge Mountains,Wolf,,,
20749,Scalewing Serpent,Blade's Edge Mountains,Wind Serpent,,,
20751,Daggermaw Lashtail,Blade's Edge Mountains,Raptor,,,
20773,Barbscale Crocolisk,Netherstorm,Crocolisk,,,
20775,Markaru,Netherstorm,Hydra,True,,
20777,Talbuk Sire,Netherstorm,Stag,,,
20783,Porfus the Gem Gorger,Netherstorm,Basilisk,True,Random spawn from Ethereum Prisons.,
20797,Deviate Coiler Hatchling,Wailing Caverns (Dungeon),Wind Serpent,,Located outside the Wailing Caverns (Dungeon).,
20906,Phase-Hunter,The Arcatraz (Dungeon),Warp Stalker,,Located in The Arcatraz (Dungeon).,
20924,Grishnath Basilisk,Blade's Edge Mountains,Basilisk,,,
20925,Scalded Basilisk,Blade's Edge Mountains,Basilisk,,,
20931,Tyrantus,Netherstorm,Devilsaur,True,,Exotic
20932,Nuramoc,Netherstorm,Chimaera,True,,Exotic
20987,Ruuan Weald Basilisk,Blade's Edge Mountains,Basilisk,,,
20998,Ridgespine Horror,Blade's Edge Mountains,Spider,,,
21022,Grovestalker Lynx,Blade's Edge Mountains,Cat,,,
21033,Bladewing Bloodletter,Blade's Edge Mountains,Chimaera,,,Exotic
21042,Dire Raven,Blade's Edge Mountains,Bird of Prey,,,
21102,Uvuros,Shadowmoon Valley - Outland,Core Hound,True,,Exotic
21108,Spawn of Uvuros,Shadowmoon Valley - Outland,Core Hound,,,Exotic
21123,Felsworn Scalewing,Blade's Edge Mountains,Wind Serpent,,,
21124,Felsworn Daggermaw,Blade's Edge Mountains,Raptor,,,
21128,Coilfang Ray <Observer's Pet>,The Slave Pens (Dungeon),Ray,,"Located in The Slave Pens (Dungeon). Although this creature is labelled as an ""Observer's Pet"" it can be tamed.",
21195,Domesticated Felboar,Shadowmoon Valley - Outland,Boar,,,
21246,Serpentshrine Sporebat,Serpentshrine Cavern (Raid),Sporebat,,Located in Serpentshrine Cavern (Raid).,
21250,Pink Elekk,Blackrock Depths (Raid) (Tameable); Terokkar Forest (Not Tameable),Mammoth,,"Located in The Grim Guzzler, Blackrock Depths (Raid) (Tameable); Terokkar Forest (Not Tameable) . Seasonal: only tameable during Brewfest - check your in-game calendar for dates. Before you tame it, the Pink Elekk is only visible if you're drunk or wearing Synthebrew Goggles (available during Brewfest), but it remains visible to all once tamed. A Pink Elekk appears (if you're drunk) just inside the entrance of the Grim Guzzler bar in Blackrock Depths during Brewfest. You can get there super-fast if you have Direbrew's Remote. It does not appear in the 'Coren Direbrew' boss instance version of the bar. Pink Elekks with this ID also appear all year round at both Allerian Stronghold and Stonebreaker Hold in Terokkar Forest, Outland, but those are friendly and cannot be tamed.",
21306,Cursed Scarab,Hellfire Peninsula,Beetle,,"Spawns when the Horde quest ""Spinebreak Post"" is turned in, but despawns soon after. Can be tamed by anyone.",
21373,Silkwing,Blade's Edge Mountains,Moth,,These moths sometimes spawn from killing a Silkwing Larva.,
21381,Young Crust Burster,Blade's Edge Mountains,Worm,,,Exotic
21408,Felfire Diemetradon,Shadowmoon Valley - Outland,Lizard,,,
21423,Gore-Scythe Ravager,Blade's Edge Mountains,Ravager,,"Swarms of these creatures spawn and attack Toshley Station. You'll need to tame one quickly, before the guards kill it.",
21462,Greater Felfire Diemetradon,Shadowmoon Valley - Outland,Lizard,,,
21470,Angered Arakkoa Protector,Blade's Edge Mountains,Carrion Bird,,"Summoned during combat by Ruuan'ok Ravenguards, Lashh'an Wing Guards, and Vekh'nir Dreadhawks at the runed circles in Veil Ruuan, Veil Lashh, and Veil Vekh, respectively.",
21515,Trachela,Terokkar Forest,Carrion Bird,True,,
21723,Blackwind Sabercat,Terokkar Forest,Cat,,,
21724,Hawkbane,Terokkar Forest,Cat,True,,
21802,Elekk Demolisher,Shadowmoon Valley - Outland,Mammoth,,,
21804,Skettis Kaliri,Terokkar Forest,Bird of Prey,,,
21816,Ironspine Chomper,Terokkar Forest,Basilisk,,,
21839,Mature Silkwing,Blade's Edge Mountains,Moth,,,
21854,Ironspine Petrifier,Terokkar Forest,Basilisk,,,
21864,Scorchshell Pincer,Shadowmoon Valley - Outland,Scorpid,,,
21878,Felboar,Shadowmoon Valley - Outland,Boar,,,
21879,Vilewing Chimaera,Shadowmoon Valley - Outland,Chimaera,,,Exotic
21891,Avian Ripper,Sethekk Halls (Dungeon),Bird of Prey,,Located in Sethekk Halls (Dungeon).,
21897,Felspine the Greater,Shadowmoon Valley - Outland,Lizard,True,,
21901,Netherskate,Shadowmoon Valley - Outland,Ray,,,
21904,Avian Warhawk,Sethekk Halls (Dungeon),Bird of Prey,,Located in Sethekk Halls (Dungeon).,
21956,Rema <The Den Mother>,Blade's Edge Mountains,Wolf,True,,
22044,Cavern Crawler,Blade's Edge Mountains,Spider,,,
22052,Daggermaw Blackhide,Blade's Edge Mountains,Raptor,,,
22056,Coilfang Strider,Serpentshrine Cavern (Raid),Water Strider,,Located in Serpentshrine Cavern (Raid).,Exotic
22100,Scorpid Bonecrawler,Terokkar Forest,Scorpid,,,
22105,Decrepit Clefthoof,Terokkar Forest,Clefthoof,,,Exotic
22123,Rip-Blade Ravager,Blade's Edge Mountains,Ravager,,,
22132,Mature Cavern Crawler,Blade's Edge Mountains,Spider,,,
22180,Shard-Hide Boar,Blade's Edge Mountains,Boar,,,
22181,Aether Ray,Blade's Edge Mountains,Ray,,,
22255,Daggertail Lizard,Blade's Edge Mountains,Warp Stalker,,,
22265,Shadowwing Owl,Shadowmoon Valley - Outland,Bird of Prey,,,
22299,Spore Strider,The Underbog (Dungeon),Water Strider,,Located in The Underbog (Dungeon). Found in Heroic difficulty only. Several spawn as adds in The Black Stalker fight.,Exotic
22394,Deathshadow Hound,Nagrand - Outland,Hound,,,
22807,Lost Torranche,Terokkar Forest,Tallstrider,,,
22884,Leviathan,Black Temple (Raid),Hydra,,Located in Black Temple (Raid).,
22885,Dragon Turtle <Coilskar Harpooner's Pet>,Black Temple (Raid),Turtle,,Located in Black Temple (Raid).,
22946,Shadowmoon War Hound,Black Temple (Raid),Wolf,,"Located in Black Temple (Raid). Not to be confused with Shadowmoon Riding Hounds, which serve as mounts and cannot be tamed.",
22979,Wild Sparrowhawk,Nagrand - Outland,Bird of Prey,,Very difficult to tame as it drops aggro and flees. One way to maintain threat is to use Scare Beast on it and attempt to tame it while it's feared.,
23020,Shadow Serpent,Shadowmoon Valley - Outland,Serpent,,"Found along parts of the northernmost rim of the zone, including north of Coilskar Point, and a section north of the Altar of Sha'tar extending east to the Black Temple. Has a green-purple aura that is lost upon taming.",
23026,Twilight Serpent,Nagrand - Outland,Serpent,,,
23035,Anzu,Sethekk Halls (Dungeon),Bird of Prey,,"Located in Sethekk Halls (Dungeon). Found in Heroic mode only, Anzu is the second boss.",
23051,Monstrous Kaliri,Terokkar Forest,Bird of Prey,,,
23132,Brood of Anzu,Sethekk Halls (Dungeon),Bird of Prey,,Located in Sethekk Halls (Dungeon). Heroic only. Spawns during the fight with Anzu.,
23163,Gezzarak the Huntress,Terokkar Forest,Warp Stalker,True,Can be spawned through the repeatable quest Adversarial Blood in Skettis. Unlocking this quest requires completing most of the Skettis quest chain and farming for a number of summoning items.,
23204,Vakkiz the Windrager,Terokkar Forest,Wind Serpent,,"Can be spawned through the quest Adversarial Blood in Skettis. When he's first summoned, Vakkiz appears as a living wind serpent (with a different ID) who cannot be tamed. He transforms into his tameable, undead form half way through the fight. Unlocking this quest requires completing most of the Skettis quest chain and farming for a number of summoning items.",Undead
23206,Akkarai Hatchling,Terokkar Forest,Bird of Prey,,These kaliri are summoned by Darkscreecher Akkarai during combat. This NPC can be spawned through the repeatable quest Adversarial Blood in Skettis. Unlocking this quest requires completing most of the Skettis quest chain and farming for a number of summoning items.,
23219,Blackwind Warp Chaser,Terokkar Forest,Warp Stalker,,,
23232,Mutant War Hound,Black Temple (Raid),Wolf,,"Located in Halls of Anguish, Black Temple (Raid). Its green aura is lost upon taming.",
23326,Nethermine Ravager,Shadowmoon Valley - Outland,Ravager,,,
23501,Netherwing Ray,Shadowmoon Valley - Outland,Ray,,,
23584,Amani Bear,Zul'Aman (Dungeon),Bear,,Located in Zul'Aman (Dungeon).,
23598,Amani Dragonhawk Hatchling,Zul'Aman (Dungeon),Dragonhawk,,Located in Zul'Aman (Dungeon).,
23690,Shoveltusk,Howling Fjord,Oxen,,,
23691,Shoveltusk Stag,Howling Fjord,Oxen,,,
23693,Duskwing Eagle,Howling Fjord,Bird of Prey,,,
23740,Frosthorn Ram,Grizzly Hills; Howling Fjord,Gruffhorn,,,
23772,Spotted Hippogryph,Howling Fjord,Feathermane,,,Feathermane
23834,Amani Dragonhawk,Zul'Aman (Dungeon),Dragonhawk,,Located in Zul'Aman (Dungeon).,
23873,Goreclaw the Ravenous,Dustwallow Marsh,Raptor,True,,
23929,Giant Tidecrawler,Howling Fjord,Crab,,,
23930,Trained Plaguehound,Howling Fjord,Hound,,,
23939,Fiend,Howling Fjord,Hound,True,"Located outside, in the south-east corner of the area.",
23945,Fjord Crow,Howling Fjord,Bird of Prey,,,
23958,Riven Widow,Howling Fjord,Spider,,,
23959,Darkclaw Bat,Howling Fjord,Bat,,,
23994,Dragonflayer Hunting Hound,Howling Fjord,Hound,,,
24026,Fanggore Worg,Howling Fjord,Wolf,,,
24043,Amani Lynx,Zul'Aman (Dungeon),Cat,,Located in Zul'Aman (Dungeon).,
24047,Amani Crocolisk,Zul'Aman (Dungeon),Crocolisk,,Located in Zul'Aman (Dungeon).,
24064,Amani Lynx Cub,Zul'Aman (Dungeon),Cat,,Located in Zul'Aman (Dungeon).,
24076,Winterskorn Worg,Howling Fjord,Wolf,,,
24128,Wild Worg,Howling Fjord,Wolf,,,
24138,Tamed Amani Crocolisk,Zul'Aman (Dungeon),Crocolisk,,Located in Zul'Aman (Dungeon).,
24172,Daggercap Hawk,Howling Fjord,Bird of Prey,,,
24217,Amani Bear Mount,Zul'Aman (Dungeon),Bear,,Located in Zul'Aman (Dungeon).,
24287,Caldemere Snapper,Howling Fjord,Crab,,,
24338,Amani Snake,Zul'Aman (Dungeon),Serpent,,Located in Zul'Aman (Dungeon). Spawned by Snake Traps placed by Hex Lord Malacrass during combat.,
24475,Bloodthirsty Worg,Howling Fjord,Wolf,,,
24478,Fjord Crawler,Howling Fjord,Crab,,,
24514,Steelfeather,Howling Fjord,Feathermane,True,,Feathermane
24516,Bjomolf,Howling Fjord,Wolf,True,,
24517,Varg,Howling Fjord,Wolf,True,,
24530,Amani Elder Lynx,Zul'Aman (Dungeon),Cat,,Located in Zul'Aman (Dungeon).,
24547,Hozzer,Howling Fjord,Bear,True,"Found deep within the caverns under the small island of Garvan's Reef, in the south-west of the zone. The cavern entrance is at the north end of the island.",
24614,Wooly Mammoth,Borean Tundra,Mammoth,,,
24633,Rabid Brown Bear,Howling Fjord,Bear,,,
24673,Frostwing Chimaera,Howling Fjord,Chimaera,,,Exotic
24677,Spearfang Worg,Howling Fjord,Wolf,,,
24681,Island Shoveltusk,Howling Fjord,Oxen,,,
24740,Goodie <Elenna Edune's Pet>,Ashenvale,Tallstrider,True,,
24747,Fjord Hawk,Howling Fjord,Bird of Prey,,,
24761,Brightscale Wyrm,Magisters' Terrace (Dungeon),Serpent,,"Located in Halls of Theory, Magisters' Terrace (Dungeon).",
24787,Fjord Hawk Matriarch,Howling Fjord,Bird of Prey,,,
24791,Shoveltusk Calf,Howling Fjord,Oxen,,,
24863,Frosthorn Kid,Howling Fjord,Gruffhorn,,,
24901,Maddened Frosthorn,Howling Fjord; Grizzly Hills,Gruffhorn,,,
24917,Phase Wyrm,Blade's Edge Mountains,Serpent,,Phased. To see them you must pick up the daily quest Maintaining the Sunwell Portal and use the Bash'ir Phasing Device dropped by the ethereals in the area.,
24922,Razorthorn Ravager,Terokkar Forest,Ravager,,,
25355,Beryl Hound,Borean Tundra,Hound,,,
25362,Warsong Swine,Borean Tundra,Boar,,,
25452,Scourged Mammoth,Borean Tundra,Mammoth,,,
25454,Tundra Crawler,Borean Tundra,Worm,,,Exotic
25464,Bloodspore Moth,Borean Tundra,Moth,,,
25481,Landing Crawler,Borean Tundra,Crab,,,
25482,Sand Turtle,Borean Tundra,Turtle,,,
25487,Wooly Rhino Matriarch,Borean Tundra,Clefthoof,,,Exotic
25488,Wooly Rhino Calf,Borean Tundra,Clefthoof,,,Exotic
25489,Wooly Rhino Bull,Borean Tundra,Clefthoof,,,Exotic
25498,Aspatha the Broodmother,Borean Tundra,Moth,True,,
25675,Tundra Wolf,Borean Tundra,Wolf,,,
25680,Marsh Caribou,Borean Tundra,Stag,,,
25711,Spirit of the North,Borean Tundra,Serpent,,,
25718,Coldarra Mage Slayer,Borean Tundra,Hound,,,
25721,Arcane Serpent,Borean Tundra,Serpent,,,
25743,Wooly Mammoth Bull,Borean Tundra,Mammoth,,,
25748,Oil-covered Hawk,Borean Tundra,Bird of Prey,,This hawk loses its coating of black oil upon taming.,
25750,Oil-soaked Caribou,Borean Tundra,Stag,,This stag loses its coating of black oil upon taming.,
25774,Rockfang <The Den Mother>,Borean Tundra,Wolf,True,,
25791,Oil-stained Wolf,Borean Tundra,Wolf,,This wolf loses its coating of black oil upon taming.,
25817,Oiled Fledgeling,Borean Tundra,Bird of Prey,,This hawk loses its coating of black oil upon taming.,
25867,Sunblade Dragonhawk,Sunwell Plateau (Raid),Dragonhawk,,Located in Sunwell Plateau (Raid).,
26174,Carrion Condor,Borean Tundra,Carrion Bird,,,
26271,Emaciated Mammoth Bull,Dragonblight; Hour of Twilight (Dungeon),Mammoth,,"Located in The Dragon Wastes, Dragonblight; Hour of Twilight (Dungeon). These mammoths can be found wandering the area, often in family groups.",
26272,Emaciated Mammoth,Dragonblight; Hour of Twilight (Dungeon),Mammoth,,"Located in The Dragon Wastes, Dragonblight; Hour of Twilight (Dungeon). These mammoths can be found wandering the area, often in family groups.",
26273,Emaciated Mammoth Calf,Dragonblight; Hour of Twilight (Dungeon),Mammoth,,"Located in The Dragon Wastes, Dragonblight; Hour of Twilight (Dungeon). These mammoths can be found wandering the area, usually in family groups.",
26281,Moonrest Stalker,Dragonblight,Hound,,,
26293,Hulking Jormungar,Dragonblight; Hour of Twilight (Dungeon),Worm,,Located in Dragonblight; Hour of Twilight (Dungeon).,Exotic
26322,Arcane Wyrm,Dragonblight,Serpent,,,
26358,Ice Heart Jormungar Feeder,Dragonblight,Worm,,,Exotic
26359,Ice Heart Jormungar Spawn,Dragonblight,Worm,,,Exotic
26360,Rattlebore,Dragonblight,Worm,True,Found deep within caverns under the glacier on the northern edge of the zone. The entrance is on the west side of the main pass into Crystalsong Forest (The Crystal Vice).,Exotic
26363,Tallhorn Stag,Grizzly Hills,Stag,,,
26369,Imperial Eagle,Grizzly Hills,Bird of Prey,,,
26418,Longhoof Grazer,Grizzly Hills,Oxen,,,
26426,Arctic Ram,Dragonblight,Gruffhorn,,,
26446,Ice Serpent,Grizzly Hills,Wind Serpent,,,
26472,Highland Mustang,Grizzly Hills,Courser,,,
26482,Arctic Grizzly,Dragonblight,Bear,,,
26483,Dragonbone Condor,Dragonblight; Hour of Twilight (Dungeon),Carrion Bird,,Located in Dragonblight; Hour of Twilight (Dungeon).,
26521,Kili'ua,Dragonblight,Crab,True,,
26592,Graymist Hunter,Grizzly Hills,Wolf,,,
26615,Snowfall Elk,Dragonblight,Stag,,,
26616,Blighted Elk,Dragonblight,Stag,,,
26622,Drakkari Bat,Drak'Tharon Keep (Dungeon),Bat,,Located in Drak'Tharon Keep (Dungeon).,
26625,Darkweb Recluse,Drak'Tharon Keep (Dungeon),Spider,,Located in Drak'Tharon Keep (Dungeon).,
26628,Drakkari Scytheclaw,Drak'Tharon Keep (Dungeon),Raptor,,Located in Drak'Tharon Keep (Dungeon).,
26641,Drakkari Gutripper,Drak'Tharon Keep (Dungeon),Raptor,,Located in Drak'Tharon Keep (Dungeon).,
26643,Rabid Grizzly,Dragonblight,Bear,,,
26644,Ursus Mauler,Grizzly Hills,Bear,,,
26672,Bloodthirsty Tundra Wolf,Utgarde Pinnacle (Dungeon),Wolf,,Located in Utgarde Pinnacle (Dungeon).,
26706,Infected Grizzly Bear,Grizzly Hills,Bear,,,
26711,Injured Mammoth,Dragonblight,Mammoth,,,
26730,Mage Slayer,The Nexus (Dungeon),Hound,,Located in The Nexus (Dungeon).,
26806,Guardian Serpent,Grizzly Hills,Wind Serpent,,,
26824,Drakkari Raptor Mount,Drak'Tharon Keep (Dungeon),Raptor,,Located in Drak'Tharon Keep (Dungeon).,
26838,Dreadtalon,Dragonblight,Carrion Bird,True,,
27131,Grizzly Bear,Grizzly Hills,Bear,,,
27230,Silvercoat Stag,Grizzly Hills,Stag,,,
27244,Emerald Skytalon,Dragonblight,Bird of Prey,,,
27249,Alystros the Verdant Keeper,Dragonblight,Bird of Prey,True,"Found in the south-east corner of the shrine. Alystros can only be attacked when activated, which seems to require someone who has the quest The Plume of Alystros.",
27294,Tundra Scavenger,Dragonblight,Hyena,,,
27329,Onslaught Bloodhound,Dragonblight,Hound,,,
27408,Duskhowl Prowler,Grizzly Hills,Wolf,,,
27421,Fern Feeder Moth,Grizzly Hills,Moth,,These moths do not keep their yellow 'butterfly aura' after they are tamed.,
27483,King Dred,Drak'Tharon Keep (Dungeon),Devilsaur,True,"Located in Raptor Pens, Drak'Tharon Keep (Dungeon).",Exotic
27523,Grizzlesnout,Grizzly Hills,Wolf,True,,
27578,Goremaw,Grizzly Hills,Wolf,True,"Found in the stables of Shadowfang Tower, which can be accessed from the outside, on the west side of the tower. Shadowfang Tower is on Bloodmoon Isle, in the north-east of the zone.",
27626,Tatjana's Horse,Grizzly Hills,Courser,,Found just north of Camp Oneqwah. You can tame Tajana's horse right out from under her!,
27642,Phantasmal Mammoth,The Oculus (Dungeon),Mammoth,,"Located in The Oculus (Dungeon). Tameable in Normal Mode only (for some reason). This mammoth can appear in a pack of phantasmal creatures that are summoned by Mage-Lord Urom when you confront him. Prior to combat you confront Urom three times, on three different platforms, and on each he'll summon one pack of phantasmal NPCs: beasts, elementals, or humanoids. The mammoth appears when he summons beasts.",
28001,Dreadsaber,Sholazar Basin,Cat,,,
28002,Mangal Crocolisk,Sholazar Basin,Crocolisk,,,
28003,Bittertide Hydra,Sholazar Basin,Hydra,,,
28004,Goretalon Roc,Sholazar Basin,Bird of Prey,,,
28009,Shardhorn Rhino,Sholazar Basin,Clefthoof,,,Exotic
28011,Emperor Cobra,Sholazar Basin,Serpent,,,
28085,Sapphire Hive Drone,Sholazar Basin,Wasp,,,
28086,Sapphire Hive Wasp,Sholazar Basin,Wasp,,,
28087,Sapphire Hive Queen,Sholazar Basin,Wasp,,,
28096,Hardknuckle Charger,Sholazar Basin,Gorilla,,,
28097,Pitch,Sholazar Basin,Cat,True,,
28098,Hardknuckle Forager,Sholazar Basin,Gorilla,,,
28129,Longneck Grazer,Sholazar Basin,Stag,,,
28145,Lurking Basilisk,Zul'Drak,Basilisk,,,
28203,Gorged Lurking Basilisk,Zul'Drak,Basilisk,,,
28207,Cerberon,Sholazar Basin,Hound,True,,Undead
28211,Glonn,Sholazar Basin,Hound,True,,Undead
28213,Hardknuckle Matriarch,Sholazar Basin,Gorilla,True,"This gorilla is summoned during the quest ""Tormenting the Softknuckles"".",
28221,Trapdoor Crawler,Zul'Drak,Spider,,,
28233,Zul'Drak Bat,Zul'Drak,Bat,,,
28288,Farunn,Sholazar Basin,Clefthoof,True,,Exotic
28297,Shango,Sholazar Basin,Cat,True,,
28325,Ravenous Mangal Crocolisk,Sholazar Basin,Crocolisk,True,,
28342,Trapdoor Ambusher,Zul'Drak,Spider,,,
28358,Venomtip,Sholazar Basin,Serpent,True,,
28379,Shattertusk Mammoth,Sholazar Basin,Mammoth,,,
28380,Shattertusk Bull,Sholazar Basin,Mammoth,,,
28404,Cursed Offspring of Har'koa,Zul'Drak,Cat,,,
28477,Scion of Quetz'lun,Zul'Drak,Wind Serpent,,,
28851,Enraged Mammoth,Zul'Drak,Mammoth,,Has a green aura which is lost upon taming.,
29033,Spirit of Atha,Sholazar Basin,Hydra,True,Spawns during the Oracles daily quest A Cleansing Song. This quest is given by Oracle Soo-nee and isn't up every day. You can only take this quest if you're at least Friendly with The Oracles.,
29044,Goretalon Matriarch,Sholazar Basin,Bird of Prey,,,
29319,Icepaw Bear,Zul'Drak,Bear,,,
29327,Frost Leopard,Zul'Drak,Cat,,,
29334,Gundrak Raptor,Zul'Drak,Raptor,,,
29358,Frostworg,The Storm Peaks,Wolf,,,
29390,Snowdrift Jormungar,The Storm Peaks,Worm,,,Exotic
29402,Ironwool Mammoth,The Storm Peaks,Mammoth,,,
29411,Crystalweb Weaver,The Storm Peaks,Spider,,,
29412,Crystalweb Spitter,The Storm Peaks,Spider,,,
29444,Drakkari Snake,Zul'Drak,Serpent,,"Summoned by Drakkari Snake Handlers in combat. The black and brown variants seem to make sounds when clicked, the red and green variants do not.",
29452,Vargul Blighthound,Zul'Drak,Hound,,,
29453,Vargul Plaguetalon,Zul'Drak,Bird of Prey,,,Undead
29461,Icetip Crawler,The Storm Peaks,Spider,,,
29469,Ice Steppe Rhino,The Storm Peaks,Clefthoof,,,Exotic
29479,Shoveltusk Forager,Howling Fjord,Oxen,,,
29486,Tamed Shoveltusk,Howling Fjord,Oxen,,,
29487,Wild Shoveltusk,Howling Fjord,Oxen,,,
29562,Icemaw Bear,The Storm Peaks,Bear,,,
29605,Ravenous Jormungar,The Storm Peaks,Worm,,,Exotic
29630,Fanged Pit Viper,Gundrak (Dungeon),Serpent,,"Located in Den of Sseratus, Gundrak (Dungeon). Tameable in Normal difficulty only - not tameable in Heroic mode. These snakes can be found in the first room with Slad'ran. The red ones don't seem to make sounds when clicked, but the others do.",
29637,Crafty Snake,Gundrak (Dungeon),Serpent,,"Located in Den of Sseratus, Gundrak (Dungeon). Tameable in Normal difficulty only - not tameable in Heroic mode. These snakes can be found in the first room with Slad'ran. Crafty Snakes seem to be much less common than the dominant Fanged Pit Vipers and there may only be one in the room. The green and red variants do not make sounds when clicked, but the brown and black ones do.",
29693,Serpent Defender,Grizzly Hills,Wind Serpent,,,
29698,Drakuru Raptor,Zul'Drak,Raptor,,,
29713,Slad'ran Constrictor,Gundrak (Dungeon),Serpent,,"Located in Den of Sseratus, Gundrak (Dungeon). Summoned during combat with Slad'ran, the first boss of the dungeon. You may have to damage him a bit before the constrictors appear. They will stun you, but they always spawn in the same place and slither towards you, so one technique is to pull Slad'ran to another room to buy yourself some time.",
29735,Savage Worg,Utgarde Keep (Dungeon),Wolf,,Located in Utgarde Keep (Dungeon).,
29838,Drakkari Rhino,Gundrak (Dungeon),Clefthoof,,Located in Gundrak (Dungeon).,Exotic
29931,Drakkari Rhino,Gundrak (Dungeon),Clefthoof,,Located in Gundrak (Dungeon).,Exotic
29958,Tundra Ram,The Storm Peaks,Gruffhorn,,"This ram may be unreachable after you complete the Sons of Hodir quest chain, due to phasing.",
30093,Yggdras Worm,Zul'Drak,Worm,,,Exotic
30148,Infesting Jormungar,The Storm Peaks,Worm,,,Exotic
30164,Cavedweller Worg,The Storm Peaks,Wolf,,,
30206,Carrion Fleshstripper,Icecrown,Spider,,,
30260,Stoic Mammoth,The Storm Peaks,Mammoth,,,
30291,Ravenous Jormungar,The Storm Peaks,Worm,,,Exotic
30320,Battlescarred Frostworg,The Storm Peaks,Wolf,,"Tameable if you set yourself ""At War"" with Sons of Hodir.",
30422,Roaming Jormungar,The Storm Peaks,Worm,,,Exotic
30423,Disembodied Jormungar,The Storm Peaks,Worm,,,Exotic
30430,Sentry Worg,Icecrown,Wolf,,,
30432,Grimmr Hound,Icecrown,Hound,,"Spawns during the quest, ""The Sum is Greater than the Parts"".",Undead
30445,Ice Steppe Bull,The Storm Peaks,Clefthoof,,,Exotic
30447,Romping Rhino,The Storm Peaks,Clefthoof,,,Exotic
30448,Plains Mammoth,The Storm Peaks,Mammoth,,,
30455,Frostworg,The Storm Peaks,Wolf,,"If this wolf is friendly, you can still tame it if you open your reputations window, click on The Sons of Hodir entry and check the ""At War"" box.",
30456,Oloh,The Storm Peaks,Wolf,True,"If this wolf is friendly, you can still tame it. Go to your reputations window, scroll down to Wrath of the Lich King reputations, click on The Sons of Hodir entry and check the ""At War"" box.",
30664,Azure Mage Slayer,The Violet Hold (Northrend Dungeon),Hound,,Located in The Violet Hold (Northrend Dungeon).,
30952,Hungering Plaguehound,Icecrown,Hound,,,
30963,Azure Mage Slayer,The Violet Hold (Northrend Dungeon),Hound,,Located in The Violet Hold (Northrend Dungeon).,
30988,Scourgebeak Fleshripper,Icecrown,Bird of Prey,,,Undead
31010,Azure Mage Slayer,The Violet Hold (Northrend Dungeon),Hound,,Located in The Violet Hold (Northrend Dungeon). Spawns during programmed attacks before the dungeon event begins.,
31233,Sinewy Wolf,Crystalsong Forest,Wolf,,,
31236,Dappled Stag,Crystalsong Forest,Stag,,,
31263,Carrion Hunter,Icecrown,Bird of Prey,,,Undead
31404,Azure Manabeast,Crystalsong Forest,Hound,,,
31747,Necrotic Webspinner,Icecrown,Spider,,,
32163,Grimkor's Hound,Icecrown,Hound,,"Summoned during the quest ""The Ironwall Rampart"".",
32280,Corp'rethar Guardian,Icecrown,Hound,,,Undead
32361,Icehorn,Borean Tundra,Clefthoof,True,,Exotic
32400,Tukemuth,Dragonblight,Mammoth,True,,
32475,Terror Spinner,Zul'Drak,Spider,True,,
32481,Aotona,Sholazar Basin,Bird of Prey,True,,
32485,King Krush,Sholazar Basin,Devilsaur,True,,Exotic
32517,Loque'nahak <Mate of Har'koa>,Sholazar Basin,Spirit Beast,True,,Exotic
32935,Corrupted Tide Crawler,Darkshore,Crab,,,
32997,Fleetfoot,Darkshore,Tallstrider,True,"Fleetfoot is in the earlier (pre-Horde Invasion) phase of Darkshore. You can change phases by speaking to Zidormi south-west of Lor'danel (approximate coordinates 49, 25).",
33009,Corrupted Thistle Bear,Darkshore,Bear,,,
33127,Moonstalker,Darkshore,Cat,,,
33311,Darkshore Stag,Darkshore,Stag,,,
33710,Lake Snapper,Eversong Woods (Classic),Turtle,,,
33711,Plagued Snapper,Ghostlands,Turtle,,,
33712,Golden Crawler,Eversong Woods (Classic),Crab,,,
33713,Rotting Crawler,Ghostlands,Crab,,,
33776,Gondria,Zul'Drak,Spirit Beast,True,,Exotic
33905,Corrupted Thistle Bear Matriarch,Darkshore,Bear,,,
33978,Hungry Thistle Bear,Darkshore,Bear,,,
34034,Swarming Guardian,Ulduar (Raid),Cat,,Located in Ulduar (Raid). Spawns during the Auriaya fight.,
34302,Consumed Thistle Bear,Darkshore,Bear,,,
34318,Whitetail Stag,Darkshore,Stag,,,
34369,Hermit Tide Crawler,Darkshore,Crab,,Spawns during the quest The Seeds of Life.,
34417,Young Grizzled Thistle Bear,Darkshore,Bear,,,
34500,Shady Nook Guardian,Ashenvale,Bear,,,
34543,Fez,Northern Barrens,Raptor,True,"Fez is being ridden by a quilboar named Tortusk, but can be tamed right out from under him!",
34640,Barrens Vulture,Northern Barrens,Carrion Bird,,,
34647,Barrens Boar,Northern Barrens,Boar,,,
34699,Bomb-Throwing Monkey,The Lost Isles,Monkey,,,
34829,King Reaperclaw,Northern Barrens,Raptor,True,,
34865,Tunneling Worm,Kezan,Shale Beast,,,Exotic
34886,Kalimdor Eagle,Stonetalon Mountains,Bird of Prey,,,
34894,Stonetalon Ram,Stonetalon Mountains,Gruffhorn,,,
34982,Emerald Spirit,Stonetalon Mountains,Bird of Prey,,Partially transparent. Found around the Ruins of Eldre'thar.,
35096,Weakened Mosshoof Stag,Azshara,Stag,,,
35189,Skoll,The Storm Peaks,Spirit Beast,True,,Exotic
35245,Greystone Basilisk,Azshara,Basilisk,,,
35409,Revitalized Basilisk,Desolace,Basilisk,,,
35412,Rejuvenated Thunder Lizard,Desolace,Scalehide,,,
35434,Recovering Kodo,Desolace,Scalehide,,,
35750,Snapjaw Basilisk,Desolace,Basilisk,,"Spawns during quest ""Early Adoption"".",
35811,Famished Bonepaw,Desolace,Hyena,,"Spawns during quest ""Early Adoption"".",
35812,Smart Mining Monkey,The Lost Isles,Monkey,,Phases out around level 7.,
35904,Jungle Cat,The Lost Isles,Cat,,Found on the first island. Doesn't seem to phase out.,
36094,Enraged Kodo,Desolace,Scalehide,,,
36147,Static-Charged Hippogryph,Azshara,Feathermane,,,Feathermane
36304,Mistwing Cliffdweller,Azshara,Chimaera,,,Exotic
36512,Fox,Gilneas,Fox,,"Wanders around Duskhaven, especially by the farms to the south. Phases out when Duskhaven sinks.",
36696,Armored Battleboar,Mulgore,Boar,,,
36732,Ancient Island Turtle,The Lost Isles,Turtle,,,
36740,Teraptor Hatchling,The Lost Isles,Raptor,,On first island. Does not seem to phase out.,
36813,Vilebrood Skitterer,Gilneas,Spider,,,
36852,Skychaser Hippogryph,Azshara,Feathermane,,Friendly to Alliance. Ridden by Talrendis Skychaser Night Elves.,Feathermane
36882,Swamp Crocolisk,Gilneas,Crocolisk,,,
37025,Stinky,Icecrown Citadel (Raid),Hound,True,Located in Icecrown Citadel (Raid).,Undead
37045,Rygna <Vilebrood Matriarch>,Gilneas,Spider,True,,
37078,Swamp Crocolisk,Gilneas,Crocolisk,,,
37082,Dusthoof Giraffe,Southern Barrens,Stag,,,
37083,Terrortooth Runner,Southern Barrens,Raptor,,,
37084,Terrortooth Scytheclaw,Southern Barrens,Raptor,,,
37085,Towering Plainstrider,Southern Barrens,Tallstrider,,,
37086,Hecklefang Scavenger,Southern Barrens,Hyena,,,
37088,Elder Zhevra,Southern Barrens,Courser,,,
37090,Deviate Terrortooth,Southern Barrens,Raptor,,,
37091,Deviate Plainstrider,Southern Barrens,Tallstrider,,Does not keep the glittery effect.,
37206,Plains Prowler,Southern Barrens,Cat,,,
37207,Plains Pridemane,Southern Barrens,Cat,,,
37208,Thunderhead,Southern Barrens,Scalehide,,,
37217,Precious,Icecrown Citadel (Raid),Hound,True,Located in Icecrown Citadel (Raid). Precious does not keep its ribbon when tamed.,Undead
37492,Blackwald Fox,Gilneas,Fox,,,
37555,Landquaker Kodo,Southern Barrens,Scalehide,,,
37556,Landquaker Bull,Southern Barrens,Scalehide,,,
37557,Thunderhawk Cloudscraper,Southern Barrens,Wind Serpent,,,
37559,Savannah Boar,Southern Barrens,Boar,,,
37718,Mountain Mastiff,Gilneas,Hound,,Accompanies watchmen around Tempest's Reach. Becomes friendly (and untameable) after you defeat the rebels and rescue Greymane.,
37785,Wild Horse,Gilneas,Courser,,These horses only appear in the Worgen starting phase of the zone.,
37786,Brown Stag,Gilneas,Stag,,Phased - Worgen starting zone only.,
37956,Bloodtalon Raptor,Durotar,Raptor,,,
37961,Corrupted Bloodtalon,Durotar,Raptor,,Does not retain red smoke.,
38046,Wildmane Cat,Durotar,Cat,,,
38141,Docile Island Boar,Durotar,Boar,,,
38187,Spiny Raptor,The Lost Isles,Raptor,,"Many phase out out after the volcano event, but some can still be found in a meadow in the far north-east of the islands.",
38305,Gorishi Fledgling Colossus,Un'Goro Crater,Aqiri,True,,Exotic
38346,Devilsaur Queen,Un'Goro Crater,Devilsaur,,,Exotic
38453,Arcturis,Grizzly Hills,Spirit Beast,True,,Exotic
38845,Child of Volcanoth,The Lost Isles,Turtle,,In the pit of the volcano. Does not retain fire breath. Phases out after Volcanoth.,
38881,Fox,Gilneas,Fox,,"Wanders around Duskhaven, especially by the farms to the south. Phases out when Duskhaven sinks.",
39004,Pygmy Surf Crawler,Durotar,Crab,,,
39049,Plagued Bruin,Tirisfal Glades,Bear,,,
39149,Sarinexx,Tanaris,Aqiri,True,Spawns during quest Thunderdrome: Sarinexx!. The quest cannot be repeated but it's possible to tame if someone else has the quest.,Exotic
39183,Scorpitar,Tanaris,Scorpid,True,,
39185,Slaverjaw,Tanaris,Hyena,True,,
39186,Hellgazer,Tanaris,Basilisk,True,,
39224,Lo'Shall,Durotar,Boar,True,,
39337,Wayward Plainstrider,Durotar,Tallstrider,,,
39348,Smolderos the Carbonizer,Mount Hyjal,Core Hound,True,"Smolderos seems to be phased until you reach the part of the zone quest chain set in his area (see Signed in Blood), and he becomes phased again later in the chain.",Exotic
39385,Screamslash,Durotar,Raptor,True,,
39418,Green Sand Crab,Shimmering Expanse,Crab,,,
39440,Venomous Skitterer,Halls of Origination (Dungeon),Beetle,,Located in Halls of Origination (Dungeon).,
39444,Pit Viper,Halls of Origination (Dungeon),Serpent,,"Located in Chamber of Prophecy, Halls of Origination (Dungeon). It is tameable in Normal mode but not Heroic. Tameable in Normal difficulty only - not tameable in Heroic mode.",
39452,Dreadmaw Toothgnasher,Durotar,Crocolisk,,,
39588,Hyjal Stag,Mount Hyjal,Stag,,,
39658,Spinescale Basilisk,Mount Hyjal,Basilisk,,Pre-quest phase.,
39833,Twilight Buzzard,Mount Hyjal,Carrion Bird,,"Only appears during the quest ""Wave One"" in a phase of the Firelands Hatchery area. Serves as a mount, but the rider is lost after taming.",
40064,Jungle Panther,The Lost Isles,Cat,,Found on both islands. Doesn't seem to phase out.,
40193,Sharphorn Stag,Feralas,Stag,,,
40194,Vale Owl,Feralas,Bird of Prey,,,
40238,Agitated Green Sand Crab,Shimmering Expanse,Crab,,"Spawns to attack The Great Sambino and Felice, his assistant.",
40239,Enormous Sand Crab,Shimmering Expanse,Crab,,Spawns during the quest Totem Modification.,
40276,Sabreclaw Skitterer,Kelp'thar Forest,Crab,,,
40280,Swarming Serpent,Shimmering Expanse,Serpent,,,
40310,Blistering Scarab,Halls of Origination (Dungeon),Beetle,,Located in Halls of Origination (Dungeon).,
40403,Spinescale Matriarch,Mount Hyjal,Basilisk,True,Only exists for one short quest phase.,
40458,Jeweled Scarab,Halls of Origination (Dungeon),Beetle,,Located in Halls of Origination (Dungeon).,
40527,Duneshore Crab,Tanaris,Crab,,,
40581,Gargantapid,Tanaris,Scorpid,True,,
40650,Twilight Firebird,Mount Hyjal,Carrion Bird,,"Only appears during the quest ""Wave Two"" in a phase of the Firelands Hatchery area. Serves as a mount, but the rider is lost after taming.",
40656,Duneclaw Matriarch,Tanaris,Scorpid,,,
40657,Basking Cobra,Tanaris,Serpent,,,
40685,Splitclaw Skitterer,Kelp'thar Forest,Crab,,,
40717,Duneclaw Lasher,Tanaris,Scorpid,,,
40764,Desert Crawler,Tanaris,Crab,,,
40798,Spineshell Pincer,Shimmering Expanse,Crab,,,
40819,Pacified Hyjal Bear,Mount Hyjal,Bear,,"Phases out after the quest ""Aessina's Miracle"".",
40889,Sandskin Pincer,Shimmering Expanse,Crab,,,
41084,Blaithe <Aviana's Consort>,Mount Hyjal,Bird of Prey,True,Summoned during the quest A Prayer and a Wing. If you've already completed this quest you may need to party and quest sync with someone who is on it.,
41166,Gomegaz,Blasted Lands,Core Hound,True,"Wanders the perimeter of the area north of (and up from) the Dark Portal blast zone. Gomegaz only appears in the original, pre-""Iron Horde Invasion"" phase of the zone. Speak to Zidormi, in the passage to the Swamp of Sorrows, to access the pre-invasion phase.",Exotic
41185,Queen Silith,Stonetalon Mountains,Spider,True,,
41212,Void Wurm,Halls of Origination (Dungeon),Serpent,,"Located in Seat of Destruction, Halls of Origination (Dungeon). This ID is for the wurms that spawn during battle when Setesh summons a Chaos Portal.",
41295,Ocean Crawler,Wetlands,Crab,,,
41342,Mottled Screecher,Wetlands,Raptor,,,
41343,Mottled Raptor,Wetlands,Raptor,,,
41374,Void Wurm,Halls of Origination (Dungeon),Serpent,,"Located in Seat of Destruction, Halls of Origination (Dungeon). This ID is for the trash mobs that are present before battle with Setesh.",
41388,Living Fossil,Wetlands,Raptor,,,Undead
41400,Highland Razormaw,Wetlands,Raptor,,,
41401,Highland Scytheclaw,Wetlands,Raptor,,,
41419,Wetlands Crocolisk,Wetlands,Crocolisk,,,
41420,Horrorjaw,Wetlands,Crocolisk,True,,
41478,Snow Tracker Wolf,Dun Morogh,Wolf,,,
41561,Wary Mastiff,Gilneas,Hound,,,
41609,Silversand Burrower,Shimmering Expanse,Crab,,,
41645,Chasm Stalker,Abyssal Depths,Warp Stalker,,In the depths of the Fireplume Trench. Does not retain corrupted glow.,
41922,Pyreshell Scuttler,Abyssal Depths,Crab,,,
42170,Snow Leopard,Dun Morogh,Cat,,,
42171,Snow Leopard Cub,Dun Morogh,Cat,,,
42235,Darktail Bonepicker,Blasted Lands,Carrion Bird,,,
42286,Young Snow Leopard,Dun Morogh,Cat,,,
42290,Winter Wolf,Dun Morogh,Wolf,,,
42336,Tainted Black Bear,Blasted Lands,Bear,,,
42337,Tainted Nightstalker,Blasted Lands,Spider,,,
42338,Tainted Screecher,Blasted Lands,Bat,,,
42357,Hulking Goretusk,Westfall,Boar,,,
42504,Mature Swine,Durotar,Boar,,,
42523,Stone Bat,Deepholm,Bat,,,
42543,Crystal Gorged Basilisk,Deepholm,Basilisk,,,
42556,Jeweled Scarab,Halls of Origination (Dungeon),Beetle,,Located in Halls of Origination (Dungeon).,
42657,Hyjal Eagle,Mount Hyjal,Bird of Prey,,Found at Shrine of Aviana. You'll need a flying mount to get at most of them.,
42658,Hyjal Roc,Mount Hyjal,Bird of Prey,,Found at Shrine of Aviana. You'll need a flying mount to get at most of them.,
42659,Hyjal Screecher,Mount Hyjal,Bird of Prey,,Found at Shrine of Aviana. You'll need a flying mount to get at most of them.,
42660,Hyjal Darkhawk,Mount Hyjal,Bird of Prey,,Found at Shrine of Aviana. You'll need a flying mount to get at most of them.,
42663,Hyjal Owl,Mount Hyjal,Bird of Prey,,Found at Shrine of Aviana. You'll need a flying mount to get at most of them.,
42664,Hyjal Huntress,Mount Hyjal,Bird of Prey,,Found at Shrine of Aviana. You'll need a flying mount to get at most of them.,
42766,Gorged Gyreworm,Deepholm,Shale Beast,,"The Gorged Gyreworm with this ID is found only in the Crumbling Depths. It is initially hidden underground, but appears when you walk over its rumbling dust patch.",Exotic
42845,Rock Borer,The Stonecore (Dungeon),Shale Beast,,Located in The Stonecore (Dungeon).,Exotic
42859,Wild Mature Swine,Durotar,Boar,,,
42879,Spawn of Shadra,The Hinterlands,Spider,,,
42925,Ravenous Tunneler,Deepholm,Shale Beast,,,Exotic
43007,Shadra <The Venom Queen>,The Hinterlands,Spider,True,"Shadra spawns during quest Shadra the Venom Queen / Shadra the Venom Queen. She can be very difficult to tame at high level, as spawning NPCs will steal aggro and you can't attack her as she will die with one hit. It is possible, however: instead of accepting the quest from your faction NPC, go to the altar at the high point on the pond shore and accept the quest there. Immediately start taming Shadra the second she spawns and try to complete the tame before the faction NPCs run out and steal aggro. If it doesn't work, abandon the quest, re-accept and try again.",
43050,Vale Howler,Northern Stranglethorn,Monkey,,,
43083,Redridge Fox,Redridge Mountains,Fox,,,
43084,Forest Stalker,Redridge Mountains,Fox,,,
43181,Shalehide Basilisk,Deepholm,Basilisk,,,
43296,Chimaeron,Blackwing Descent (Raid),Hydra,True,"Located in Den of the Devourer, Blackwing Descent (Raid). Chimaeron can only be tamed when he's under 20% health. If you're high level you'll have to be careful you don't kill him. If necessary, remove all your equipment. You can also kill yourself outside the instance and take resurrection sickness to weaken yourself further.",
43339,Gorgonite,Deepholm,Basilisk,True,"You should try to tame Gorgonite as quickly as you can, before a Son of Gorgonite appears and tries to 'help' you by attacking it.",
43340,Blackrock Battle Worg,Redridge Mountains,Wolf,,Phases out once a major zone questline has been completed. Players report still being able to tame by using an immolation trap in the worg pen to pull them.,
43417,Skymane Bonobo,The Cape of Stranglethorn,Monkey,,,
43438,Corborus,The Stonecore (Dungeon),Shale Beast,True,"Located in The Winding Halls, The Stonecore (Dungeon).",Exotic
43658,Frenzied Crocolisk,Lost City of the Tol'Vir (Dungeon),Crocolisk,,Located in Lost City of the Tol'Vir (Dungeon). Spawns during the Lockmaw encounter.,
43704,Dire Wolf,Duskwood,Wolf,,,
43917,Rock Borer,The Stonecore (Dungeon),Shale Beast,,Located in The Stonecore (Dungeon).,Exotic
43981,Jadecrest Basilisk,Deepholm,Basilisk,,,
44016,Coalpelt Bear,Duskwood,Bear,,,
44020,Barn Owl,Duskwood,Bird of Prey,,,
44089,Blackbelly Forager,Duskwood,Boar,,,
44108,Swamp Crocolisk,Gilneas,Crocolisk,,,
44109,Marsh Snapper,Gilneas,Turtle,,Only seems to occur in the swamp after the Battle for Gilneas City.,
44113,Ironjaw Behemoth,The Cape of Stranglethorn,Basilisk,True,,
44116,Harbor Crawler,Wetlands,Crab,,,
44130,Vilebrood Webspinner,Gilneas,Spider,,In and near Stormglen Village. Only seems to occur after the Battle for Gilneas City.,
44164,Sunscale Ravager,Northern Barrens,Raptor,,,
44165,Sunscale Consort,Northern Barrens,Raptor,,,
44166,Grazing Zhevra,Northern Barrens,Courser,,,
44167,Sunscale Raptor,Northern Barrens,Raptor,,,
44184,Loch Buzzard,Loch Modan,Carrion Bird,,,
44188,Bobcat,Loch Modan,Cat,,,
44226,Sarltooth,Wetlands,Raptor,True,,Undead
44257,Gyreworm,Deepholm,Shale Beast,,"Found in a region south of Therazane's Throne. It is initially hidden underground, but appears when you walk over its rumbling dust patch.",Exotic
44259,Gorged Gyreworm,Deepholm,Shale Beast,,,Exotic
44284,Northridge Spider,Western Plaguelands,Spider,,,
44390,Spiny Rock Crab,Dustwallow Marsh,Crab,,"Phased out once you complete the ""Theramore's Fall"" scenario. Speak to Zidormi to access the pre-destruction phase.",
44425,Crimson Shale Spider,Deepholm,Shale Beast,,,Exotic
44473,Shaggy Black Bear,Western Plaguelands,Bear,,,
44474,Whitetail Fox,Western Plaguelands,Fox,,,
44475,Brownfeather Hawk,Western Plaguelands,Bird of Prey,,,
44476,Bullmastiff,Western Plaguelands,Hound,,,
44481,Diseased Hawk,Western Plaguelands,Bird of Prey,,"Can only be tamed during quest ""A Different Approach"".",Undead
44482,Hulking Plaguebear,Western Plaguelands,Bear,,,
44546,Duneclaw Burrower,Tanaris,Scorpid,,,
44551,Rabid Fox,Western Plaguelands,Fox,,,
44568,Dune Rattler,Tanaris,Serpent,,,
44576,Proto-Strider,Loch Modan,Mechanical,,,Mechanical
44587,Duneclaw Stalker,Tanaris,Scorpid,,"Has stealth, but loses it when tamed.",
44594,Sunburst Adder,Tanaris,Serpent,,,
44595,Sand Slitherer,Tanaris,Serpent,,,
44599,Duneclaw Broodlord,Tanaris,Scorpid,,,
44616,Haywire Battle-Chicken,Loch Modan,Mechanical,,,Mechanical
44620,Marsh Hornet,Loch Modan,Wasp,,,
44626,Lakebed Snapper,Loch Modan,Turtle,,,
44627,Mudbelly Boar,Loch Modan,Boar,,,
44628,Golden Eagle,Loch Modan,Bird of Prey,,,
44635,Hill Fox,Loch Modan,Fox,,,
44638,Hill Grizzly,Loch Modan,Bear,,,
44906,Skitterweb Matriarch,Silverpine Forest,Spider,True,Hangs from the ceiling at the end of the Skittering Dark cave in the northwest of Silverpine.,
45087,Felscale Crawler,Blasted Lands,Crab,,,
45096,Tamed Tol'vir Prowler,Lost City of the Tol'Vir (Dungeon),Cat,,Located in Lost City of the Tol'Vir (Dungeon).,
45202,Mangy Hyena,Uldum,Hyena,,Found in the original (pre-N'Zoth Invasion) phase of the zone. Speak to Zidormi in Ramkahen if you need to switch time phases. Located near the Obelisk of the Stars.,
45204,Skarf,Uldum,Hyena,True,Found in the original (pre-N'Zoth Invasion) phase of the zone. Speak to Zidormi in Ramkahen if you need to switch time phases. Ridden by Sultan Oogah around some ruins south of the Gate of Eternity.,
45227,Darkmist Broodqueen,Dustwallow Marsh,Spider,True,,
45302,Sunchaser Gazelle,Uldum,Stag,,Found in the original (pre-N'Zoth Invasion) phase of the zone. Speak to Zidormi in Ramkahen if you need to switch time phases.,
45321,Riverbed Crocolisk,Uldum,Crocolisk,,Found in the original (pre-N'Zoth Invasion) phase of the zone. Speak to Zidormi in Ramkahen if you need to switch time phases. Lives along the northern part of the river.,
45335,Highlands Fox,Ruins of Gilneas,Fox,,,
45353,Bloodsnarl Hyena,Uldum,Hyena,,Found in the original (pre-N'Zoth Invasion) phase of the zone. Speak to Zidormi in Ramkahen if you need to switch time phases.,
45367,Gilnean Hound,Ruins of Gilneas,Hound,,,
45380,Ashtail,Loch Modan,Fox,True,,
45399,Optimo,Loch Modan,Mechanical,True,,Mechanical
45402,Nix,Loch Modan,Wasp,True,,
45450,The Lone Hunter,Eastern Plaguelands,Wolf,True,Stays transparent but does not retain his sword.,
45453,Blighthound,Eastern Plaguelands,Hound,,Does not keep the green glow.,
45582,Black Widow,Duskwood,Spider,,,
45807,Sawtooth Crocolisk,Swamp of Sorrows,Crocolisk,,,
45825,Swampstrider,Swamp of Sorrows,Tallstrider,,,
45859,Venomblood Scorpid,Uldum,Scorpid,,Found in the original (pre-N'Zoth Invasion) phase of the zone. Speak to Zidormi in Ramkahen if you need to switch time phases.,
45896,Marsh Crocolisk,Silverpine Forest,Crocolisk,,,
45950,Sorrowmurk Snapjaw,Swamp of Sorrows,Turtle,,,
46126,Turquoise Scarab,Uldum,Beetle,,Found during a quest phase for the Harrison Jones quests in the original (pre-N'Zoth Invasion) phase of the zone. Speak to Zidormi in Ramkahen if you need to switch time phases.,
46127,Sapphire Scarab,Uldum,Beetle,,Found during a quest phase for the Harrison Jones quests in the original (pre-N'Zoth Invasion) phase of the zone. Speak to Zidormi in Ramkahen if you need to switch time phases.,
46128,Emerald Scarab,Uldum,Beetle,,Found during a quest phase for the Harrison Jones quests in the original (pre-N'Zoth Invasion) phase of the zone. Speak to Zidormi in Ramkahen if you need to switch time phases.,
46129,Amethyst Scarab,Uldum,Beetle,,Found during a quest phase for the Harrison Jones quests in the original (pre-N'Zoth Invasion) phase of the zone. Speak to Zidormi in Ramkahen if you need to switch time phases.,
46146,Stagalbog Serpent,Swamp of Sorrows,Wind Serpent,,,
46153,Highland Worg,Twilight Highlands,Wolf,,,
46158,Untamed Gryphon,Twilight Highlands,Feathermane,,,Feathermane
46162,Tawny Owl,Twilight Highlands,Bird of Prey,,,
46278,Gorebite,Uldum,Crocolisk,True,Found in the original (pre-N'Zoth Invasion) phase of the zone. Speak to Zidormi in Ramkahen if you need to switch time phases. This crocolisk spawns and attacks during the zone quest The Pit of Scales. This is a once-off quest.,
46280,Thartep,Uldum,Crocolisk,True,Found in the original (pre-N'Zoth Invasion) phase of the zone. Speak to Zidormi in Ramkahen if you need to switch time phases. This crocolisk spawns and attacks during the zone quest The Pit of Scales. This is a once-off quest.,
46281,Khamen,Uldum,Crocolisk,True,Found in the original (pre-N'Zoth Invasion) phase of the zone. Speak to Zidormi in Ramkahen if you need to switch time phases. This crocolisk spawns and attacks during the zone quest The Pit of Scales. This is a once-off quest.,
46317,Neferset Crocolisk,Uldum,Crocolisk,,"Found in the original (pre-N'Zoth Invasion) phase of the zone. Speak to Zidormi in Ramkahen if you need to switch time phases. Lives along the southern part of the river, down into the delta.",
46369,Enthralled Crustacean,Swamp of Sorrows,Crab,,"In the cave along the southern mountains, east of Stonard.",
46393,Billy Goat,Badlands,Gruffhorn,,,
46507,Darkwood Broodmother,Tol Barad Peninsula,Spider,,,
46508,Darkwood Lurker,Tol Barad Peninsula,Spider,,,
46570,Putrid Worg,Tol Barad Peninsula,Wolf,,,
46575,Darktusk Boar,Silverpine Forest,Boar,,,
46580,Elementium Spinner,Twilight Highlands,Shale Beast,,,Exotic
46606,Spiny Tidecrawler,Tol Barad Peninsula,Crab,,,
46910,Core Hound,Mount Hyjal,Core Hound,,This core hound phases out later in the zone quest chain.,Exotic
46970,Highland Elk,Twilight Highlands,Stag,,,
47053,Duskfang,Swamp of Sorrows,Cat,True,Hides in the cave at the back of the valley at the western edge of the zone.,
47071,Deep Spider,Deepholm,Shale Beast,,,Exotic
47072,Amthea,Deepholm,Shale Beast,True,,Exotic
47079,Lava Scarab,The Bastion of Twilight (Raid),Beetle,,Located in The Bastion of Twilight (Raid).,
47115,Black Recluse,Twilight Highlands,Spider,,,
47117,Recluse Hatchling,Twilight Highlands,Spider,,Summoned by the Black Recluse.,
47190,Shaggy Desert Coyote,Uldum,Wolf,,Found in the original (pre-N'Zoth Invasion) phase of the zone. Speak to Zidormi in Ramkahen if you need to switch time phases.,
47202,Diseased Vulture,Uldum,Carrion Bird,,Found in the original (pre-N'Zoth Invasion) phase of the zone. Speak to Zidormi in Ramkahen if you need to switch time phases.,
47204,Infested Bear,Hillsbrad Foothills,Bear,,Does not keep its egg sacs after taming.,
47205,Domesticated Mine Creeper,Hillsbrad Foothills,Spider,,,
47263,Fleeing Stag,Mount Hyjal,Stag,,,
47283,Sand Serpent,Uldum,Serpent,,"Found in the original (pre-N'Zoth Invasion) phase of Uldum, speak to Zidormi in Ramkahen if you need to switch time phases.",
47386,Ainamiss the Hive Queen,Tanaris,Aqiri,True,,Exotic
47387,Harakiss the Infestor,Tanaris,Aqiri,True,,Exotic
47388,Silithid Ravager,Thousand Needles,Aqiri,,,Exotic
47389,Hive Controller,Thousand Needles,Aqiri,True,,Exotic
47390,Silithid Defender,Thousand Needles,Beetle,,Makes quieter sounds than most beetles.,
47485,Highperch Wind Rider,Thousand Needles,Feathermane,,,Feathermane
47544,Svarnos,Tol Barad,Core Hound,True,"Svarnos is underground in the D-Block cells, which are accessible from a structure to the south-west of Ironclad Garrison. D-Block isn't always open (and is always closed during battles) so you may have to be patient.",Exotic
47591,Baradin Crocolisk,Tol Barad Peninsula,Crocolisk,,,
47676,Baradin Fox,Tol Barad Peninsula,Fox,,,
47680,Rustberg Gull,Tol Barad Peninsula,Bird of Prey,,,
47687,Winna's Kitten,Felwood,Cat,True,,
47720,Camel,Uldum; Lost City of the Tol'vir (Dungeon),Camel,,"Located in Uldum; Lost City of the Tol'vir (Dungeon). This camel can relaibly be found in the Terrace of the Augurs area of the Lost City of the Tol'vir dungeon. It can also be found in Neferset City in the original (pre-N'Zoth Invasion) phase of Uldum, speak to Zidormi in Ramkahen if you need to switch time phases. It phases out later in the zone quest chain.",
47726,Tiger,Uldum,Cat,,Found in the original (pre-N'Zoth Invasion) phase of the zone. Speak to Zidormi in Ramkahen if you need to switch time phases. This creature phases out later in the zone quest chain.,
47740,Viper,Uldum,Serpent,,"Found in the original (pre-N'Zoth Invasion) phase of Uldum, speak to Zidormi in Ramkahen if you need to switch time phases. Summoned by Neferset Snake Charmers during combat. These phase out later in the zone quest chain. The red variant does not make sounds when clicked, the other three colours do.",
47769,Barkmutt,Twilight Highlands,Wolf,True,"Found outside, on the eastern side of the ogre settlement of Glopgut's Hollow, in the north-west of the zone.",
47801,Temple Scarab,Uldum,Beetle,,"Found in the original (pre-N'Zoth Invasion) phase of the zone, in a broad area around the Obelisk of the Stars and Halls of Origination. It also occurs at the southern tip of Neferset City in both original and Assault phases (somewhat confusingly), but in the original phase it disppears later in the quest chain. Speak to Zidormi in Ramkahen if you need to switch time phases.",
47803,Sand Scorpid,Uldum,Scorpid,,Found in the original (pre-N'Zoth Invasion) phase of the zone. Located around ridges south of the Obelisk of the Moon / east of Temple of Uldum. Speak to Zidormi in Ramkahen if you need to switch time phases.,
48038,Ironwood Buzzer,Felwood,Wasp,,,
48111,Blackrock War Kodo,Burning Steppes,Scalehide,,,
48128,Stranded Sparkleshell,Thousand Needles,Turtle,,,
48130,Scorpid Cliffcrawler,Thousand Needles,Scorpid,,,
48131,Needlespine Cobra,Thousand Needles,Serpent,,,
48132,Needlespine Shimmerback,Thousand Needles,Serpent,,,
48137,Monstrous Macaw,Thousand Needles,Bird of Prey,,,
48138,Brilliant Clayscraper,Thousand Needles,Bird of Prey,,,
48155,Saltspray Gull,Thousand Needles,Bird of Prey,,,
48177,Silithid Ravager,Thousand Needles,Aqiri,,,Exotic
48178,Silithid Ravager,Thousand Needles,Aqiri,,,Exotic
48179,Silithid Wasp,Thousand Needles,Wasp,,,
48180,Wild Horse,Hillsbrad Foothills,Courser,,,
48184,Hill Stag,Hillsbrad Foothills,Stag,,,
48248,Sorrow Venomspitter,Swamp of Sorrows,Spider,,,
48249,Sorrow Screecher,Swamp of Sorrows,Wind Serpent,,,
48268,Battle Creeper,Hillsbrad Foothills,Spider,,,
48278,Mining Monkey,The Deadmines (Dungeon),Monkey,,Located in The Deadmines (Dungeon).,
48440,Mining Monkey,The Deadmines (Dungeon),Monkey,,Located in The Deadmines (Dungeon).,
48441,Mining Monkey,The Deadmines (Dungeon),Monkey,,Located in The Deadmines (Dungeon).,
48442,Mining Monkey,The Deadmines (Dungeon),Monkey,,Located in The Deadmines (Dungeon).,
48447,Monstrous Parrot,The Deadmines (Dungeon),Bird of Prey,,Located in The Deadmines (Dungeon). In the final room.,
48448,Albino Eyegouger,The Deadmines (Dungeon),Bird of Prey,,Located in The Deadmines (Dungeon). In the final room. Doesn't have a silver portrait but it only appears rarely.,
48449,Brilliant Macaw,The Deadmines (Dungeon),Bird of Prey,,Located in The Deadmines (Dungeon). In the final room. Doesn't have a silver portrait but it only appears rarely.,
48450,Sunwing Squawker,The Deadmines (Dungeon),Bird of Prey,,Located in The Deadmines (Dungeon). In the final room.,
48451,Ol' Beaky,The Deadmines (Dungeon),Bird of Prey,True,"Located in Ironclad Cove, The Deadmines (Dungeon). Found on an island to the south-west of the ship, in the final room of the dungeon.",
48455,Felrot Courser,Felwood,Stag,,,
48456,Rabid Screecher,Felwood,Bat,,,
48479,Glopgut Warhound,Twilight Highlands,Wolf,,"Only found during a specific Alliance quest phase for ""Rescue at Glopgut's Hollow""",
48724,Spinescale Basilisk,Mount Hyjal,Basilisk,,Later quest phase. Disappears in final phase.,
48765,Rimepelt,Winterspring,Bear,True,,
48873,Tekton,Elwynn Forest,Mechanical,True,"Tekton is found in a flock of sheep by a house on a high ridge, in the north-west of corner of the river valley that lies east of Stormwind (approximate coordinates 51, 14). Be very sure to tame it before it can reach you or it will explode!",Mechanical
48918,Winterhorn Stag,Winterspring,Stag,,,
49249,Vicious Black Bear,Hillsbrad Foothills,Bear,,,
49251,Wild Gryphon,Hillsbrad Foothills,Feathermane,,,Feathermane
49346,Coldlurk Creeper,Winterspring,Spider,,,
49347,Coldlurk Burrower,Winterspring,Worm,,,Exotic
49565,Snowfrolic Fox,Winterspring,Fox,,,
49815,Deep Spider,Deepholm,Shale Beast,,,Exotic
49816,Deep Spider,Deepholm,Shale Beast,,,Exotic
49822,Jadefang,Deepholm,Shale Beast,True,"This rare shale spider is normally only accessible on days when the world quest Underground Economy is up. This quest is offered by Ricket, a goblin who will only appear on days when she offers a quest. She's Accept Ricket's quest, which gives you an explosive (but infinitely reusable) item called ""Ricket's Tickers"", then proceed further into the caves. Follow the first circular cave in an anticlockwise direction (watch out for the Colossal Gyreworm!) and take the second exit on the right, leaving you in a large, open cavern containing some broken pillars. Almost directly ahead you can see the side-cavern containing Jadefang, but it's up on a ledge that isn't reachable (though using Track Beasts you can confirm that Jadefang is up). Instead, turn to your right and take the eastern exit passageway, which loops back around to the left and ends at a balcony overlooking the cavern you were just in. Mount up and leap directly ahead and land on top of the broken green pillar. This places you not far from the entrance to Jadefang's cavern. Now turn your back to the entrance to Jadefang's cave and activate the ""Ricket's Tickers"". If all goes right, after 5-6 seconds you'll be blown backwards, up to the entrance of Jadefang's cave where you can tame it. If you miss, repeat the procedure as many times as you need, as Ricket's Tickers are reusable for as long as you have the associated quest.",Exotic
49871,Blackrock Battle Worg,Elwynn Forest,Wolf,,,
50044,Hell-Hoot,Winterspring,Bird of Prey,True,,
50051,Ghostcrawler,Abyssal Depths,Spirit Beast,True,,Exotic
50058,Terrorpene,Mount Hyjal,Turtle,True,Throne of Flame. Immune to traps.,
50060,Terborus,Deepholm,Shale Beast,True,,Exotic
50138,Karoma <The Wolf Spirit>,Twilight Highlands,Spirit Beast,True,,Exotic
50154,Madexx,Uldum,Scorpid,True,"This brown scorpion may appear (rarely) in a number of locations in the Sahket Wastes in the original (pre-N'Zoth Invasion) phase of the zone. Speak to Zidormi in Ramkahen if you need to switch time phases. In addition to this colour there are four other versions of Madexx that may appear, each with its own colour and ID: Madexx (red), Madexx (green), Madexx (black), and Madexx (blue).",
50159,Sambas,Twilight Highlands,Cat,True,,
50249,Camel,Feralas,Camel,,"Found in a special phase of the Steam Pools, which you are teleported to after finding and clicking on one of the rare Mysterious Camel Figurines in Uldum (original phase).",
50302,Imported Mottled Boar,Azshara,Boar,,,
50313,Displaced Warp Stalker,Winterspring,Warp Stalker,,Inside Mazthoril cave,
50317,Mana Thirster,Winterspring,Serpent,,,
50320,Lost Ravager,Winterspring,Ravager,,Inside Mazthoril cave,
50328,Fangor,Tirisfal Glades,Bat,True,Appears in Deathknell up in the mountains.,
50329,Rrakk,Thousand Needles,Bat,True,,
50330,Kree,Silverpine Forest,Bat,True,,
50335,Alitus,Hillsbrad Foothills,Bird of Prey,True,Flies in a circle over a ruined tower near The Ruins of Southshore.,Undead
50337,Cackle,Arathi Highlands,Bird of Prey,True,,
50342,Heronis,Dustwallow Marsh,Bird of Prey,True,,
50343,Quall,Stonetalon Mountains,Bird of Prey,True,,
50345,Alit,Western Plaguelands,Bird of Prey,True,,
50346,Ronak,Winterspring,Chimaera,True,,Exotic
50348,Norissis,Winterspring,Chimaera,True,Just west of The Hidden Grove.,Exotic
50353,Manas,Winterspring,Dragonhawk,True,,
50357,Sunwing,Burning Steppes,Dragonhawk,True,,
50361,Ornat,Burning Steppes,Ray,True,Appears at the foot of the mountains roughly south-east of Black Tooth Hovel.,
50362,Blackbog the Fang,Felwood,Ray,True,,
50370,Karapax,Silithus,Ravager,True,"North-east of Hive'Ashi. Original Silithus creatures vanish after you complete the Antorus raid. To time-travel to the earlier phase, speak to Zidormi near Valor's Rest.",
50724,Spinecrawl,Felwood,Ravager,True,,
50725,Azelisk,Burning Steppes,Ravager,True,,
50726,Kalixx,Badlands,Ravager,True,,
50727,Strix the Barbed,Thousand Needles,Ravager,True,,
50728,Deathstrike,Badlands,Ravager,True,"Spawns atop a pile of bones on a rise on the southern border, south-east corner of Lethlor Ravine.",
50730,Venomspine,Burning Steppes,Ravager,True,,
50731,Needlefang,Badlands,Ravager,True,,
50735,Blinkeye the Rattler,Dustwallow Marsh,Serpent,True,In shallow water under a tree.,
50737,Acroniss,Silithus,Serpent,True,"Original Silithus creatures vanish after you complete the Antorus raid. To time-travel to the earlier phase, speak to Zidormi near Valor's Rest.",
50738,Shimmerscale,Swamp of Sorrows,Serpent,True,,
50741,Kaxx,Thousand Needles,Aqiri,True,Under water.,Exotic
50742,Qem,Silithus,Aqiri,True,"Original Silithus creatures vanish after you complete the Antorus raid. To time-travel to the earlier phase, speak to Zidormi near Valor's Rest.",Exotic
50743,Manax,Silithus,Aqiri,True,"Original Silithus creatures vanish after you complete the Antorus raid. To time-travel to the earlier phase, speak to Zidormi near Valor's Rest.",Exotic
50744,Qu'rik,Silithus,Aqiri,True,"Original Silithus creatures vanish after you complete the Antorus raid. To time-travel to the earlier phase, speak to Zidormi near Valor's Rest.",Exotic
50745,Losaj,Silithus,Aqiri,True,"Original Silithus creatures vanish after you complete the Antorus raid. To time-travel to the earlier phase, speak to Zidormi near Valor's Rest.",Exotic
50746,Bornix the Burrower,Silithus,Aqiri,True,"Original Silithus creatures vanish after you complete the Antorus raid. To time-travel to the earlier phase, speak to Zidormi near Valor's Rest.",Exotic
50747,Tix,Silithus,Aqiri,True,,Exotic
50748,Nyaj,Thousand Needles,Aqiri,True,"Under water, near Splithoof Crag.",Exotic
50752,Tarantis,Elwynn Forest,Spider,True,,
50759,Iriss the Widow,Stonetalon Mountains,Spider,True,,
50763,Shadowstalker,Tirisfal Glades,Spider,True,Inside a fireplace.,
50764,Paraliss,Dustwallow Marsh,Spider,True,,
50765,Miasmiss,Hillsbrad Foothills,Spider,True,"Aggressive to both Alliance AND Horde, unlike the others in that area; spawns deep in the mine.",
50770,Zorn,Arathi Highlands,Spider,True,,
50775,Likk the Hunter,Eastern Plaguelands,Spider,True,,
50777,Needle,Felwood,Spider,True,,
50778,Ironweb,Western Plaguelands,Spider,True,,
50779,Sporeggon,Eastern Plaguelands,Sporebat,True,,
50784,Anith,Dustwallow Marsh,Wind Serpent,True,,
50785,Skyshadow,Thousand Needles,Wind Serpent,True,,
50786,Sparkwing,Stonetalon Mountains,Wind Serpent,True,,
50788,Quetzl,Winterspring,Wind Serpent,True,,
50790,Ionis,Swamp of Sorrows,Wind Serpent,True,,
50792,Chiaa,Burning Steppes,Wind Serpent,True,Appears in the mountains north-east of Blackrock Stronghold.,
50797,Yukiko,Swamp of Sorrows,Wind Serpent,True,,
50803,Bonechewer,Tirisfal Glades,Carrion Bird,True,Flies in a slow circle around the top of the tower.,
50804,Ripwing,Arathi Highlands,Carrion Bird,True,,
50807,Catal,Burning Steppes,Carrion Bird,True,Catal is located roughly south-west of Dreadmaul Rock. On the zone map it appears at the very end of the road that comes out of Redridge Mountains.,
50809,Heress,Western Plaguelands,Carrion Bird,True,,
50810,Favored of Isiset,Burning Steppes,Carrion Bird,True,Appears south-east of Dreadmaul Rock.,
50812,Arae,Stonetalon Mountains,Carrion Bird,True,,
50813,Fene-mal,Eastern Plaguelands,Carrion Bird,True,Flies in a circle around the ruins of a house.,
50814,Corpsefeeder,Silverpine Forest,Carrion Bird,True,,
50815,Skarr,Molten Front,Cat,True,Skarr can appear on a floating rock off the east side of Fireplume Peak.,
50818,The Dark Prowler,Hillsbrad Foothills,Cat,True,,
50819,Iceclaw,Winterspring,Cat,True,,
50825,Feras,Stonetalon Mountains,Cat,True,,
50833,Duskcoat,Felwood,Cat,True,,
50837,Kash,Swamp of Sorrows,Cat,True,,
50838,Tabbs,Badlands,Cat,True,,
50839,Chromehound,Blackrock Mountain,Core Hound,True,Does a loop of the circular road inside the mountain.,Exotic
50842,Magmagan,Burning Steppes,Core Hound,True,"Appears just to the west of Blackrock Stronghold, wandering along the shore of the magma.",Exotic
50843,Portent,Vale of Eternal Blossoms,Stone Hound,True,,Exotic
50846,Slavermaw,Searing Gorge,Devilsaur,True,"Appears in the mountains along the northern border, west of Dustfire Valley and north of The Cauldron.",Exotic
50850,Savage,The Jade Forest,Cat,True,,
50854,Bloodtooth,Krasarang Wilds,Turtle,True,Bloodtooth is a special tracking tame that wanders stealthed along the southern coast of Krasarang Wilds.,
50855,Jaxx the Rabid,Burning Steppes,Hyena,True,,
50856,Snark,Eastern Plaguelands,Hyena,True,,
50858,Dustwing,Hillsbrad Foothills,Moth,True,,
50859,Glimmer,The Jade Forest,Water Strider,True,,Exotic
50864,Thicket,Felwood,Moth,True,,
50865,Saurix,Arathi Highlands,Raptor,True,,
50874,Tenok,Stonetalon Mountains,Raptor,True,In a small cave just east of Thal'darah Grove.,
50875,Nychus,Dustwallow Marsh,Raptor,True,,
50876,Avis,Searing Gorge,Raptor,True,"Appears in the mountains north of the words ""Dustfire Valley"" and south-west of the words ""Stonewrought Pass"" on the zone map.",
50882,Chupacabros,Swamp of Sorrows,Raptor,True,,
50884,Dustflight the Cowardly,Stonetalon Mountains,Tallstrider,True,Has vocalizations when clicked. On a small grassy patch northwest of Sunrock Retreat.,
50885,Patrannache,Valley of the Four Winds,Waterfowl,True,,
50886,Seawing,Swamp of Sorrows,Tallstrider,True,Has vocalizations when clicked.,
50891,Boros,Arathi Highlands,Wasp,True,,
50892,Cyn,Thousand Needles,Wasp,True,"Stays larger than most tamed wasps. On cliffs, south-east of Razorfen Downs.",
50895,Volux,Stonetalon Mountains,Wasp,True,Volux flies high over the grove but can be reached from the top of the tower as it flies past. Note that Volux will phase out and become unavailable once you advance the zone quest chain past the point at which the bomb drops - for Alliance this is when you accept the quest Last Ditch Effort.,
50897,Ffexk the Dunestalker,Silithus,Wasp,True,"Original Silithus creatures vanish after you complete the Antorus raid. To time-travel to the earlier phase, speak to Zidormi near Valor's Rest.",
50901,Teromak,Dustwallow Marsh,Wasp,True,,
50903,Orlix the Swamplord,Swamp of Sorrows,Wasp,True,,
50905,Cida,Felwood,Wasp,True,Stays larger than most tamed wasps.,
50906,Mutilax,Western Plaguelands,Wasp,True,,
50908,Nighthowl,Tirisfal Glades,Wolf,True,,
50915,Snort,Eastern Plaguelands,Wolf,True,,
50916,Lamepaw the Whimperer,Elwynn Forest,Wolf,True,,
50922,Warg,Western Plaguelands,Wolf,True,,
50925,Grovepaw,Felwood,Wolf,True,,
50926,Grizzled Ben,Elwynn Forest,Bear,True,,
50929,Little Bjorn,Hillsbrad Foothills,Bear,True,,
50930,Hibernus the Sleeper,Tirisfal Glades,Bear,True,"Slightly hidden behind a big, fallen tree.",
50931,Mange,Western Plaguelands,Bear,True,,
50937,Hamhide,Western Plaguelands,Boar,True,,
50940,Swee,Arathi Highlands,Boar,True,At Go'shek farm in some stables.,
50942,Snoot the Rooter,Elwynn Forest,Boar,True,,
50944,Bristlespine,Kun-Lai Summit,Rodent,True,,
50945,Scruff,Dustwallow Marsh,Boar,True,,
50946,Hogzilla,Searing Gorge,Boar,True,Hogzilla stands outside a sealed cave in the mountains in the far southwest of the zone.,
50947,Varah,Eastern Plaguelands,Boar,True,,
50948,Crystalback,Searing Gorge,Boar,True,Appears in the raised area just east of The Cauldron and north-west of Thorium Advance.,
50949,Finn's Gambit,Silverpine Forest,Boar,True,,
50952,Barnacle Jim,Thousand Needles,Crab,True,,
50955,Carcinak,Hillsbrad Foothills,Crab,True,,
50957,Hugeclaw,Dustwallow Marsh,Crab,True,,
50958,Kalan'ii,Vale of Eternal Blossoms,Crab,True,,
50959,Karkin,Molten Front,Crab,True,Karkin can appear on a floating rock off either the east or south-east side of Fireplume Peak.,
50960,Hexapos,Dread Wastes,Water Strider,True,Hexapos is a special tracking tame.,Exotic
50964,Chops,Wetlands,Crocolisk,True,,
50967,Craw the Ravager,Hillsbrad Foothills,Crocolisk,True,,
50981,Luk'hok,Nagrand - Draenor,Mammoth,True,"Wanders a fixed path in Nagrand, possibly starting just to the south-east of the Ring of Trials. It is reported to have a long spawn timer, possibly 12-24 hours or more.",
50986,Goldenback,Stonetalon Mountains,Gorilla,True,,
50990,Nakk the Thunderer,Nagrand - Draenor,Clefthoof,True,"Nakk spawns rarely. It wanders a path in northern Nagrand, roughly from the east side of the Ring of Blood, south to near the Joz's Rylaks flightpoint, and west to the east side of Mok'Gol Watchpost. It also drops the Bloodhoof Bull mount.",Exotic
50993,Gal'dorak,Winterspring,Clefthoof,True,,Exotic
50995,Bruiser,Winterspring,Clefthoof,True,,Exotic
50997,Bornak the Gorer,Winterspring,Clefthoof,True,,Exotic
50998,Stompy,Kun-Lai Summit,Gruffhorn,True,,
51000,Blackshell the Impenetrable,Badlands,Scorpid,True,,
51001,Venomclaw,Thousand Needles,Scorpid,True,,
51002,Scorpoxx,Searing Gorge,Scorpid,True,Appears deep within a large cave.,
51004,Toxx,Silithus,Scorpid,True,"Original Silithus creatures vanish after you complete the Antorus raid. To time-travel to the earlier phase, speak to Zidormi near Valor's Rest.",
51007,Serkett,Badlands,Scorpid,True,,
51008,The Barbed Horror,Thousand Needles,Scorpid,True,,
51010,Snips,Searing Gorge,Scorpid,True,Appears in a cave in the far north-west corner of The Cauldron.,
51013,Rockhide the Immovable,Townlong Steppes,Basilisk,True,,
51014,Terrapis,Elwynn Forest,Turtle,True,,
51017,Gezan,Felwood,Warp Stalker,True,,
51018,Zormus,Badlands,Warp Stalker,True,Inside a crypt by Dustwind Dig.,
51021,Vorticus,Badlands,Warp Stalker,True,,
51022,Chordix,Hillsbrad Foothills,Worm,True,,Exotic
51025,Dilennaa,Felwood,Worm,True,Under water.,Exotic
51026,Gnath,Silverpine Forest,Worm,True,Swims in a little pool under a bridge.,Exotic
51027,Spirocula,Eastern Plaguelands,Worm,True,,Exotic
51028,The Deep Tunneler,Winterspring,Worm,True,,Exotic
51029,Parasitus,Western Plaguelands,Worm,True,Swims around in the lake. Very large!,Exotic
51031,Tracker,Western Plaguelands,Hound,True,,
51037,Lost Gilnean Wardog,Silverpine Forest,Hound,True,,
51040,Snuffles,Arathi Highlands,Hound,True,In a small shed.,
51042,Bleakheart,Eastern Plaguelands,Hound,True,"By the side of Stephen Browman, a quest mob.",
51044,Plague,Tirisfal Glades,Hound,True,Inside a barn.,
51045,Arcanus,Winterspring,Hound,True,,
51046,Fidonis,Felwood,Hound,True,,
51048,Rexxus,Searing Gorge,Hound,True,"Appears fast asleep among the dark iron dwarves, by a large crucible of molten iron.",
51052,Gib the Banana-Hoarder,Swamp of Sorrows,Monkey,True,,
51053,Quirix,Eastern Plaguelands,Beetle,True,In the lowest level of the crypt.,
51057,Weevil,Hillsbrad Foothills,Beetle,True,,
51058,Aphis,Western Plaguelands,Beetle,True,,
51061,Roth-Salam,Dustwallow Marsh,Beetle,True,"Very large in the wild, but shrinks to a regular size after taming.",
51062,Khep-Re,Stonetalon Mountains,Beetle,True,"Highest level, under a platform.",
51063,Phalanax,Arathi Highlands,Beetle,True,Within the western ogre cave,
51066,Crystalfang,Blackrock Mountain,Shale Beast,True,"Just a little away from the Blackrock Depths instance portal, surrounded by aggressive dwarves.",Exotic
51067,Glint,Arathi Highlands,Shale Beast,True,,Exotic
51069,Scintillex,Dustwallow Marsh,Shale Beast,True,Appears on a ledge within the cave.,Exotic
51076,Lopex,Hillsbrad Foothills,Fox,True,Inside a hollowed-out tree stump.,
51077,Bushtail,Elwynn Forest,Fox,True,,
51193,Wild Camel,Uldum,Camel,,"Found in the original (pre-N'Zoth Invasion) phase of Uldum, speak to Zidormi in Ramkahen if you need to switch time phases.",
51401,Madexx,Uldum,Scorpid,True,"This red scorpion may appear (rarely) in a number of locations in the Sahket Wastes in the original (pre-N'Zoth Invasion) phase of the zone. Speak to Zidormi in Ramkahen if you need to switch time phases. In addition to this colour there are four other versions of Madexx that may appear, each with its own colour and ID: Madexx (brown), Madexx (green), Madexx (black), and Madexx (blue).",
51402,Madexx,Uldum,Scorpid,True,"This green scorpion may appear (rarely) in a number of locations in the Sahket Wastes in the original (pre-N'Zoth Invasion) phase of the zone. Speak to Zidormi in Ramkahen if you need to switch time phases. Speak to Zidormi in Ramkahen if you need to switch time phases. In addition to this colour there are four other versions of Madexx that may appear, each with its own colour and ID: Madexx (brown), Madexx (red), Madexx (black), and Madexx (blue).",
51403,Madexx,Uldum,Scorpid,True,"This black scorpion may appear (rarely) in a number of locations in the Sahket Wastes in the original (pre-N'Zoth Invasion) phase of the zone. Speak to Zidormi in Ramkahen if you need to switch time phases. In addition to this colour there are four other versions of Madexx that may appear, each with its own colour and ID: Madexx (brown), Madexx (red), Madexx (green), and Madexx (blue).",
51404,Madexx,Uldum,Scorpid,True,"This blue scorpion may appear (rarely) in a number of locations in the Sahket Wastes in the original (pre-N'Zoth Invasion) phase of the zone. Speak to Zidormi in Ramkahen if you need to switch time phases. In addition to this colour there are four other versions of Madexx that may appear, each with its own colour and ID: Madexx (brown), Madexx (red), Madexx (green), and Madexx (black).",
51661,Tsul'Kalu <The Earth Spirit>,Northern Stranglethorn,Gorilla,True,,
51662,Mahamba <The Water Spirit>,Northern Stranglethorn,Crocolisk,True,,
51663,Pogeyan <The Fire Spirit>,Northern Stranglethorn,Cat,True,,
51671,Rabid Hyena,Uldum,Hyena,,Found in the original (pre-N'Zoth Invasion) phase of the zone. Speak to Zidormi in Ramkahen if you need to switch time phases.,
51673,Venomscale Spitter,Uldum,Scorpid,,Found in the original (pre-N'Zoth Invasion) phase of the zone. Speak to Zidormi in Ramkahen if you need to switch time phases.,
51674,Sand-Husk Scarab,Uldum,Beetle,,Found in the original (pre-N'Zoth Invasion) phase of the zone. Speak to Zidormi in Ramkahen if you need to switch time phases.,
51675,Oasis Crocolisk,Uldum,Crocolisk,,Found in the original (pre-N'Zoth Invasion) phase of the zone. Speak to Zidormi in Ramkahen if you need to switch time phases.,
51676,Marsh Serpent,Uldum,Serpent,,"Found in the original (pre-N'Zoth Invasion) phase of Uldum, speak to Zidormi in Ramkahen if you need to switch time phases.",
51712,Ferndweller Wasp,Uldum,Wasp,,Found in the original (pre-N'Zoth Invasion) phase of the zone. Speak to Zidormi in Ramkahen if you need to switch time phases.,
51713,Longstrider Gazelle,Uldum,Stag,,Found in the original (pre-N'Zoth Invasion) phase of the zone. Speak to Zidormi in Ramkahen if you need to switch time phases.,
51714,King Crawler,Feralas,Crab,,,
51726,Greater Roc,Feralas,Carrion Bird,,,
51760,Carrion Bird,Uldum,Carrion Bird,,Found in the original (pre-N'Zoth Invasion) phase of the zone. Speak to Zidormi in Ramkahen if you need to switch time phases.,
51961,Tirisfal Stag,Tirisfal Glades,Stag,,,
51962,Tirisfal Bear,Tirisfal Glades,Bear,,,
51972,Black Bear,Dun Morogh,Bear,,"Hidden valley north of Gnomeregan. On foot it can be reached from coordinates 40.0, 56.0.",
51983,Deadwind Widow,Deadwind Pass,Spider,,,
51987,Deadwind Widow,Deadwind Pass,Spider,,,
52085,Razzashi Adder,Zul'Gurub (Dungeon),Serpent,,Located in Zul'Gurub (Dungeon).,
52146,Chitter,Redridge Mountains,Spider,True,,
52157,Ohgan,Zul'Gurub (Dungeon),Raptor,True,"Located in Mandokir's Domain, Zul'Gurub (Dungeon). Ohgan is part of the Bloodlord Mandokir encounter and initially serves as the boss's mount. To tame him you'll have to wait until Mandokir dismounts and Ohgan kills all of the Chained Spirits that surround the arena; before then he refuses to be distracted by you.",Undead
52224,Jungle Serpent,Northern Stranglethorn,Serpent,,"Phased. Only encountered during the level 85 Zandalari quest chain in 4.1, started by Bwemba.",
52345,Pride of Bethekk,Zul'Gurub (Dungeon),Cat,,Located in Zul'Gurub (Dungeon). This tamable cat has a unique black skin with glowing red eyes.,
52373,Florawing Needler,Zul'Gurub (Dungeon),Wasp,,Located in Zul'Gurub (Dungeon).,
52375,Florawing Needler,Zul'Gurub (Dungeon),Wasp,,Located in Zul'Gurub (Dungeon).,
52376,Florawing Needler,Zul'Gurub (Dungeon),Wasp,,Located in Zul'Gurub (Dungeon).,
52377,Florawing Needler,Zul'Gurub (Dungeon),Wasp,,Located in Zul'Gurub (Dungeon).,
52379,Venomtip Needler,Zul'Gurub (Dungeon),Wasp,,Located in Zul'Gurub (Dungeon).,
52402,Venomtooth,Zul'Gurub (Dungeon),Serpent,,"Located in The Coil, Zul'Gurub (Dungeon).",
52413,Zulian Gnasher,Zul'Gurub (Dungeon),Crocolisk,,Located in Zul'Gurub (Dungeon).,
52418,Lost Offspring of Gahz'ranka,Zul'Gurub (Dungeon),Hydra,True,Located in Zul'Gurub (Dungeon).,
52441,Curious Jungle Monkey,Zul'Gurub (Dungeon),Monkey,,Located in Zul'Gurub (Dungeon).,
52442,Florawing Hive Queen,Zul'Gurub (Dungeon),Wasp,True,Located in Zul'Gurub (Dungeon). Stays larger than most tamed wasps.,
52648,Cinderweb Creeper,Molten Front,Spider,,,
52795,Brimstone Hound,Mount Hyjal,Core Hound,,,Exotic
52981,Cinderweb Spinner,Molten Front,Spider,,"Not to be confused with the two Firelands raid mobs of the same name, which are boss models and cannot be tamed.",
53152,Charhound,Molten Front,Hound,,To reach this area you have to complete the initial set of dailies and then take the daily Into the Fire from General Taldris Moonfall.,Undead
53206,Hell Hound,Firelands (Raid),Hound,,Located in Firelands (Raid).,Undead
53240,Emberspit Scorpion,Molten Front,Scorpid,,,
53265,Kelbnar,Mount Hyjal,Hound,True,Found during the daily quest Rage Against the Flames.,Undead
53694,Riplimb,Firelands (Raid),Hound,True,Located in Firelands (Raid).,Undead
53695,Rageface,Firelands (Raid),Hound,True,Located in Firelands (Raid).,Undead
53704,Corsac Fox,The Wandering Isle (Pandaren Starting Zone),Fox,,"Located in The Dawning Valley, The Wandering Isle (Pandaren Starting Zone). Non-aggressive. Active.",
53753,Cinderweb Broodling,Molten Front,Spider,,"Spawns in fast-moving packs, but only on random days.",
54318,Ankha,Mount Hyjal,Spirit Beast,True,"Remove your armor to survive tame. If the regrowth is still on fire for you and you see Nemesis walking around, you are in the wrong phase (the Flamewake phase) and Ankha won't spawn no matter how long you wait. To see Ankha, you have to do the Hyjal questline for the Flamewake phase to become The Regrowth phase. You need to at least complete the available Hyjal quest lines and complete the quest 'The Sanctuary Must Not Fall' when Malfurion summons Malorne in a cut-scene.",Exotic
54319,Magria,Mount Hyjal,Spirit Beast,True,"Runs very fast. Remove your armor to survive tame. If the regrowth is still on fire for you and you see Nemesis walking around, you are in the wrong phase (the Flamewake phase) and Magria won't spawn no matter how long you wait. To see Magria, you have to do the Hyjal questline for the Flamewake phase to become The Regrowth phase. You need to at least complete the available Hyjal quest lines and complete the quest 'The Sanctuary Must Not Fall' when Malfurion summons Malorne in a cut-scene.",Exotic
54320,Ban'thalos,Mount Hyjal,Spirit Beast,True,"He won't show up if you haven't completed the quests to unlock the daily hub. He is found circling high above the Sanctuary of Malorne. His spawn timer is 6-17 hours. He flies up very high. The fall would kill you without some sort of fall slowing mechanism. The best method seems to be to park yourself at the top of the tree just behind the statue of Malorne. Have a freezing trap down. Once he flies close enough, fly up a bit, dismount, shoot and tame.",Exotic
54321,Solix,Molten Front,Spider,True,Use traps to survive the tame.,
54322,Deth'tilac,Molten Front,Spider,True,Immune to tame until health is low.,
54323,Kirix,Molten Front,Spider,True,Timing and interrupts will help you avoid his deadly venom. Haste will help you tame.,
54324,Skitterflame,Molten Front,Spider,True,Immune to tame until energy is low.,
54338,Anthriss,Molten Front,Spider,True,Swim in lava to remove web.,
54339,Ancient Charhound,Molten Front,Hound,,,Undead
54517,Time-Twisted Shadowtalon,End Time (Dungeon),Bird of Prey,,"Located in Ruby Dragonshrine, End Time (Dungeon).",Undead
54533,Prince Lakma <The Last Chimaerok>,Feralas; Silithus,Chimaera,True,"In a secluded mountain valley in the south-western corner of Feralas, bordering Silithus. Only reachable by flying.",Exotic
54557,Amberglass Crab,The Jade Forest,Crab,,,
54558,Bog Crocolisk,The Jade Forest,Crocolisk,,,
54559,Glittering Amberfly,The Jade Forest,Wasp,,,
54688,Time-Twisted Nightsaber,End Time (Dungeon),Cat,,"Located in End Time (Dungeon). Only available if you get the Emerald Dragonshrine/Echo of Tyrande encounter, which is random.",
54699,Time-Twisted Nightsaber,End Time (Dungeon),Cat,,"Located in End Time (Dungeon). Only available if you get the Emerald Dragonshrine/Echo of Tyrande encounter, which is random.",
54700,Time-Twisted Nightsaber,End Time (Dungeon),Cat,,"Located in End Time (Dungeon). Only available if you get the Emerald Dragonshrine/Echo of Tyrande encounter, which is random.",
54896,Glade Porcupine,The Jade Forest,Rodent,,,
54988,Waxwood Hunter,The Jade Forest,Cat,,,
55015,Whitefeather Crane,The Wandering Isle (Pandaren Starting Zone),Waterfowl,,"Located in The Singing Pools, The Wandering Isle (Pandaren Starting Zone). Non-aggressive to people; aggressive to frogs.",
55236,Jade Guardian,The Jade Forest,Cat,,,
55238,Waxwood Matriarch,The Jade Forest,Cat,,,
55565,Crane Hunter,The Jade Forest,Fox,,,
55874,Zhao-Ren <The Onyx Serpent>,The Wandering Isle (Pandaren Starting Zone),Lesser Dragonkin,True,Located in The Wandering Isle (Pandaren Starting Zone). Zhao-Ren appears during the Pandaren starting zone quest Battle for the Skies. This version of The Wandering Isle is only accessible to Pandaren during their starting experience.,Cloud Serpent
55946,Pei-Wu Tiger,The Wandering Isle (Pandaren Starting Zone),Cat,,,
56034,Thieving Plainshawk,Valley of the Four Winds,Bird of Prey,,,
56070,Silkwood Stalker,The Jade Forest,Spider,,,
56106,Thieving Wolf,Valley of the Four Winds,Wolf,,,
56171,Great White Plainshawk,Valley of the Four Winds,Bird of Prey,,,
56172,Ash Moth,The Wandering Isle (Pandaren Starting Zone),Moth,,"Located in Pei-Wu Forest, The Wandering Isle (Pandaren Starting Zone). Non-aggressive.",
56183,Engorged Crocolisk,The Jade Forest,Crocolisk,,,
56198,Thicket Stalker,The Jade Forest,Cat,,,
56199,Lightwing Hunter,The Jade Forest,Bird of Prey,,,
56201,Orchard Wasp,The Jade Forest,Wasp,,,
56239,Adolescent Mushan,Valley of the Four Winds,Scalehide,,,
56256,Wyrmhorn Turtle,Valley of the Four Winds,Turtle,,,
56272,Forest Prowler,The Jade Forest,Cat,,,
56274,Guardian of the Elders,The Wandering Isle (Pandaren Starting Zone),Stone Hound,True,,Exotic
56283,Tigerfly,The Jade Forest,Wasp,,,
56286,Enthralled Forest Prowler,The Jade Forest,Cat,,"Can be tamed by Horde if you set yourself ""At War"" with Forest Hozen.",
56329,Kher Shan <The Hozu Bane>,The Jade Forest,Cat,True,,
56357,Lupello,Valley of the Four Winds,Wolf,True,,
56396,Hungry Bloodtalon,The Jade Forest,Bird of Prey,,,
56401,Greenstone Nibbler,The Jade Forest,Shale Beast,,,Exotic
56404,Greenstone Gorger,The Jade Forest,Shale Beast,,,Exotic
56447,Muck Snapper,The Jade Forest,Turtle,,,
56523,Mushan Nomad,Valley of the Four Winds,Scalehide,,,
56524,Longfang Howler,Valley of the Four Winds,Wolf,,,
56532,Tawnyhide Stag,Valley of the Four Winds,Stag,,,
56543,Brittle Greenstone Gorger,The Jade Forest,Shale Beast,,Spawn and attack the cart during the quest after leaving Greenstone Quarry. Other players may see and tame them.,Exotic
56650,Stoneskin Basilisk,The Jade Forest,Basilisk,,,
56653,Wild Prowler,The Jade Forest,Cat,,,
56654,Wild Stalker,The Jade Forest,Cat,,,
56655,Wild Huntress,The Jade Forest,Cat,,,
56683,Wild Stalker,The Jade Forest,Cat,,,
56703,Ik'thik Colossus,Valley of the Four Winds,Aqiri,,Only present during the Battle of Stoneplow quest chain.,Exotic
56751,Emperor Tern,Valley of the Four Winds,Bird of Prey,,,
56752,Whitefisher Crane,Valley of the Four Winds,Waterfowl,,,
56753,Hornbill Strider,Valley of the Four Winds,Tallstrider,,Spawns during the quest A Taste for Eggs.,
56754,Azure Serpent,Shado-Pan Monastery (Dungeon),Lesser Dragonkin,,"Located in Cloudstrike Dojo, Shado-Pan Monastery (Dungeon). Summoned during the battle with Gu Cloudstrike, the first boss of the dungeon. Despite its name this cloud serpent is black, not blue. It is tameable in Normal mode but not Heroic.",Cloud Serpent
56832,Razorback Snapper,Valley of the Four Winds,Turtle,,,
56833,Krosh,Valley of the Four Winds,Turtle,True,,
56877,Raigonn,Gate of the Setting Sun (Dungeon),Aqiri,True,Located in Gate of the Setting Sun (Dungeon). The fourth and final boss in Gate of the Setting Sun.,Exotic
57215,Grainhunter Hawk,Valley of the Four Winds,Bird of Prey,,,
57216,Soaring Hunter,Valley of the Four Winds,Bird of Prey,,,
57232,Dappled Moth,The Jade Forest,Moth,,Only present during a quest phase.,
57237,Bookworm,The Jade Forest,Worm,,Only present during a quest phase.,Exotic
57299,Glade Hunter,Valley of the Four Winds,Waterfowl,,,
57421,Mothallus,Valley of the Four Winds,Moth,True,"Spawned using Mothallus Bait, with or without the associated quest. Was named Mothran until patch 5.3.",
57422,Mutated Silkmoth <Brood of Mothallus>,Valley of the Four Winds,Moth,,,
57797,Corsac Fox,The Wandering Isle (Pandaren Starting Zone),Fox,,"Located in The Dawning Valley, The Wandering Isle (Pandaren Starting Zone). Non-aggressive. Sleeping.",
57851,Thunderbird,Krasarang Wilds,Carrion Bird,,,
58067,Jungle Skitterer,Krasarang Wilds,Water Strider,,,Exotic
58070,Krasari Huntress,Krasarang Wilds,Cat,,,
58071,Trained Saurid,Isle of Thunder,Raptor,,,
58111,Thunderbird,Krasarang Wilds,Carrion Bird,,"Spawn and attack during the quest ""Cheer Up, Yi-Mo"".",
58116,Carp Hunter,Krasarang Wilds,Waterfowl,,,
58218,Saltback Turtle,The Jade Forest,Turtle,,,
58219,Saltback Yearling,The Jade Forest,Turtle,,,
58221,Krasari Stalker,Krasarang Wilds,Cat,,,
58231,Dampnet Osprey,The Jade Forest,Bird of Prey,,,
58363,Honeykeeper,The Jade Forest,Wasp,,Can only be tamed when aggressive due to daily quest.,
58411,Docile Porcupine,Vale of Eternal Blossoms,Rodent,,,
58415,Mountain Yak,Valley of the Four Winds; Kun-Lai Summit,Oxen,,,
58419,Sleeping Guardian,Krasarang Wilds,Stone Hound,,Activated during the quests The Pools of Youth (Alliance) and The Pools of Youth (Horde).,Exotic
58424,Dustback Mushan,Valley of the Four Winds,Scalehide,,,
58427,Young Dustback Mushan,Valley of the Four Winds,Scalehide,,,
58431,Bulgeback Tortoise,Valley of the Four Winds,Turtle,,,
58432,Gorge Stalker,Valley of the Four Winds,Cat,,,
58435,Darkhide,Valley of the Four Winds,Scalehide,True,,
58448,Black Bengal Goat,Vale of Eternal Blossoms,Gruffhorn,,,
58450,White Crane,Vale of Eternal Blossoms,Waterfowl,,,
58454,Fairlands Gazelle,Vale of Eternal Blossoms,Stag,,,
58455,Stillwater Crocodile,Vale of Eternal Blossoms,Crocolisk,,,
58456,Thundermaw,Vale of Eternal Blossoms,Wolf,,,
58457,Silkfeather Hawk,Vale of Eternal Blossoms,Bird of Prey,,,
58459,Ashweb Weaver,Vale of Eternal Blossoms,Spider,,Presence depends on daily quests.,
58474,Bloodtip <Ashweb Matriarch>,Vale of Eternal Blossoms,Spider,True,,
58475,Ashweb Piercer,Vale of Eternal Blossoms,Spider,,Presence depends on daily quests.,
58489,Wilderland Stag,Valley of the Four Winds,Stag,,,
58490,Wilderland Doe,Valley of the Four Winds,Stag,,,
58548,Sly Fox,Valley of the Four Winds,Fox,,,
58549,Sly Pup,Valley of the Four Winds,Fox,,,
58568,Ashweb Hatchling,Vale of Eternal Blossoms,Spider,,Spawn if you step on mounds. Presence depends on random daily quest.,
58588,Ashweb Weaver,Vale of Eternal Blossoms,Spider,,Presence depends on daily quests.,
58641,Krasari Prowler,Krasarang Wilds,Cat,,,
58645,Ruined Guardian,Krasarang Wilds,Stone Hound,,Activated during For Family (Horde) and The Lord Reclaimer (Alliance).,Exotic
58674,Angry Hound,Scarlet Monastery (Dungeon),Hound,,"Located in Scarlet Halls, Scarlet Monastery (Dungeon).",
58694,Ink-Tipped Crane,The Jade Forest,Waterfowl,,,
58741,Glade Sprinter,Valley of the Four Winds,Waterfowl,,,
58755,Manglemaw's Mother,Valley of the Four Winds,Crocolisk,,Spawns when Manglemaw is killed. Drops a quest-starting item. Can still be summoned after the quest is completed.,
58766,Glade Singer,Valley of the Four Winds,Waterfowl,,,
58768,Cracklefang,Vale of Eternal Blossoms,Wolf,True,"Found at coordinates 46,59, just north of Tu Shen Burian Ground. Cracklefang carries a sword that is lost after taming.",
58804,Toothrow Skulker,Valley of the Four Winds,Crocolisk,,Spawns during the quest The Great Water Hunt.,
58808,Waterbite Creeper,Valley of the Four Winds,Spider,,Spawns during the quest The Great Water Hunt.,
58809,Glade Pincher,Valley of the Four Winds,Crab,,Spawns during the quest The Great Water Hunt.,
58811,Jade Snapping Turtle,The Jade Forest,Turtle,,Appears to be in Horde-only phase of area.,
58876,Starving Hound,Scarlet Monastery (Dungeon),Hound,,"Located in Scarlet Halls, Scarlet Monastery (Dungeon).",
58880,Viseclaw Fisher,Krasarang Wilds,Crab,,,
58881,Viseclaw Scuttler,Krasarang Wilds,Crab,,,
58883,Feverbite,Krasarang Wilds,Spider,True,To get Feverbite to spawn you have to kill a large number of Feverbite Hatchling critters that scurry about the area. Eventually she'll appear on the central platform.,
58884,Sha-Haunted Tigress,Krasarang Wilds,Cat,,Sha aura removed on taming.,
58885,Sha-Haunted Crane,Krasarang Wilds,Waterfowl,,Sha aura removed on taming.,
58887,Krasari Mauler,Krasarang Wilds,Cat,,,
58889,Longfang Patriarch,Valley of the Four Winds,Wolf,,Summons Longfang Pack Wolves.,
58890,Longfang Den-Mother,Valley of the Four Winds,Wolf,,,
58891,Longfang Cub,Valley of the Four Winds,Wolf,,,
58892,Wild Shaghorn,Valley of the Four Winds,Gruffhorn,,,
58893,Sungraze Mushan,Valley of the Four Winds,Scalehide,,,
58895,Sungraze Behemoth,The Jade Forest,Scalehide,,,
58910,Plainshawk,Valley of the Four Winds,Bird of Prey,,,
58940,Elder Seadragon,Krasarang Wilds,Turtle,,,
58941,Seadragon,Krasarang Wilds,Turtle,,,
58942,Seadragon Hatchling,Krasarang Wilds,Turtle,,,
59002,Mutated Silkworm <Brood of Mothran>,Valley of the Four Winds,Worm,,,Exotic
59037,Kung Din,The Jade Forest,Cat,True,His chain disappears when tamed.,
59084,Pearly Tortoise,The Jade Forest,Turtle,,,
59102,Forest Huntress,The Jade Forest,Cat,,,
59104,Shrine Elk,The Jade Forest,Stag,,,
59105,Wandering Greenback,The Jade Forest,Waterfowl,,,
59112,Dawnfeather Flyer,The Jade Forest,Bird of Prey,,,
59116,Krasari Huntress,Krasarang Wilds,Cat,,,
59139,Stout Shaghorn,Valley of the Four Winds,Gruffhorn,,,
59157,Granite Quilen,Vale of Eternal Blossoms,Stone Hound,,Active with daily quest.,Exotic
59196,Krasari Prowler,Krasarang Wilds,Cat,,,
59197,Canopy Screecher,Krasarang Wilds,Bat,,,
59235,Albino Canopy Screecher,Krasarang Wilds,Bat,,,
59251,Trenchwing Scavenger,Krasarang Wilds,Carrion Bird,,,
59295,Lost Mushan,Krasarang Wilds,Scalehide,,,
59309,Obedient Hound,Scarlet Monastery (Dungeon),Hound,,"Located in Scarlet Halls, Scarlet Monastery (Dungeon).",
59339,Terrified Yak,Kun-Lai Summit,Oxen,,"Yaks being chased can be tamed, but yaks being ridden cannot.",
59351,Emerald Fenfly,The Jade Forest,Wasp,,,
59384,Bluff Hawk,Kun-Lai Summit,Bird of Prey,,,
59488,Spider Mite,Valley of the Four Winds,Spider,,Spawn when harvesting Spideroot during the quest Growing the Farm I: A Little Problem.,
59523,Bataari Battleyak,Kun-Lai Summit,Oxen,,,
59528,Cliff Kite,Valley of the Four Winds,Bird of Prey,,,
59534,Summit Prowler,Kun-Lai Summit,Cat,,,
59641,Monstrous Plainshawk,Valley of the Four Winds,Bird of Prey,,,
59665,Crested Bandit Crane,The Jade Forest,Waterfowl,,,
59670,Highlands Mushan,Kun-Lai Summit,Scalehide,,,
59671,Highlands Calf,Kun-Lai Summit,Scalehide,,,
59672,Summit Bonestripper,Kun-Lai Summit,Carrion Bird,,,
59680,Battle Goat,Kun-Lai Summit,Gruffhorn,,Spawn regularly in scripted ambush events.,
59700,Northwind Hawk,Kun-Lai Summit,Bird of Prey,,,
59742,Thunderfist Gorilla,The Jade Forest,Gorilla,,,
59743,Silverhorn Stag,The Jade Forest,Stag,,,
59744,Silverhorn Yearling,The Jade Forest,Stag,,,
59745,Silverhorn Calf,The Jade Forest,Stag,,,
59747,Thunderfist Matriarch,The Jade Forest,Gorilla,,,
59753,Golden Tiger,The Jade Forest,Cat,,"Originally phased out, but now accessible at later phases.",
59754,Mottled Caterpillar,The Jade Forest,Worm,,"Originally phased out, but now accessible at later phases.",Exotic
59756,Chibee,The Jade Forest,Worm,True,"Remains larger than other caterpillars. He seems to vanish from Fox Grove at later quest phases, but can still be seen and aggroed from just outside Fox Grove if you stand right at the river's edge. Wait patiently and he'll pat down by the river.",Exotic
59757,Duskstalker,The Jade Forest,Bird of Prey,,Purple shadow effect is removed upon taming.,
59763,Great Crane,Krasarang Wilds,Waterfowl,,,
59768,Jadeglow Wasp,The Jade Forest,Wasp,,,
59769,Bamboo Python,The Jade Forest,Serpent,,,
59772,Smoky Porcupine,The Jade Forest,Rodent,,,
59773,Terracotta Guardian,Kun-Lai Summit,Stone Hound,,,Exotic
59774,Ivory Starling,The Jade Forest,Bird of Prey,,,
59782,Cypress Condor,The Jade Forest,Carrion Bird,,,
59785,Singing Moth,The Jade Forest,Moth,,,
59786,Lotus Crane,The Jade Forest,Waterfowl,,,
59787,Sunrise Crane,The Jade Forest,Waterfowl,,,
59788,Spirit Darter,The Jade Forest,Lesser Dragonkin,,,Lesser Dragonkin
59915,Jasper Guardian,Mogu'shan Vaults (Raid),Stone Hound,True,Located in Mogu'shan Vaults (Raid). One of The Stone Guard bosses. In 10-player mode only three of the four possible guardians will be present in a given week.,Exotic
59970,Ordo Battleyak,Kun-Lai Summit,Oxen,,,
59971,Stone Guardian,Vale of Eternal Blossoms,Stone Hound,,Disappears after initial VEB quest chain.,Exotic
59973,Stone Guardian,Vale of Eternal Blossoms,Stone Hound,,Disappears after initial VEB quest chain.,Exotic
59984,Trained Jibberwing,Kun-Lai Summit,Bat,,,
60043,Jade Guardian,Mogu'shan Vaults (Raid),Stone Hound,True,Located in Mogu'shan Vaults (Raid). One of The Stone Guard bosses. In 10-player mode only three of the four possible guardians will be present in a given week.,Exotic
60047,Amethyst Guardian,Mogu'shan Vaults (Raid),Stone Hound,,Located in Mogu'shan Vaults (Raid). One of The Stone Guard bosses. In 10-player mode only three of the four possible guardians will be present in a given week.,Exotic
60051,Cobalt Guardian,Mogu'shan Vaults (Raid),Stone Hound,True,Located in Mogu'shan Vaults (Raid). One of The Stone Guard bosses. In 10-player mode only three of the four possible guardians will be present in a given week.,Exotic
60131,Spirit Worg,Kun-Lai Summit,Wolf,,Summoned by Ordo Warbringer.,
60196,Dusky Lory,Krasarang Wilds,Bird of Prey,,,
60198,Crimson Lory,Krasarang Wilds,Bird of Prey,,,
60200,Emerald Lory,Krasarang Wilds,Bird of Prey,,,
60201,Mortbreath Snapper,Krasarang Wilds,Crocolisk,,,
60202,Mortbreath Skulker,Krasarang Wilds,Crocolisk,,,
60203,Nahassa <Mortbreath Patriarch>,Krasarang Wilds,Crocolisk,True,"Found in an underwater cave that is reached from Nayeli Lagoon, roughly under the ""YE"" of ""NAYELI LAGOON"" on the map.",
60223,Granite Quilen,Vale of Eternal Blossoms,Stone Hound,,"Only accessible once, during quest The Might of Three after reaching exalted with Golden Lotus.",Exotic
60242,Wild Mountain Goat,The Veiled Stair; Kun-Lai Summit,Gruffhorn,,,
60282,Desperate Mortbreath,Krasarang Wilds,Crocolisk,,,
60373,Reanimated Quilen,Vale of Eternal Blossoms,Stone Hound,,"Originally restricted to a specific quest phase, these quilen were made generally accessible in 5.4.",Exotic
60401,Snapclaw,Krasarang Wilds,Crab,True,"Found in an underwater cave in Narsong Trench, roughly south-east of The Incursion and north-east of Anglers Wharf.",
60410,Elegon,Mogu'shan Vaults (Raid),Spirit Beast,True,Located in Mogu'shan Vaults (Raid).,Exotic
60411,Water Pincer,The Wandering Isle (Pandaren Starting Zone),Water Strider,,,Exotic
60437,Azure Prickly Crawler,Kun-Lai Summit,Crab,,,
60493,Kafa-Crazed Mountain Goat,Kun-Lai Summit,Gruffhorn,,,
60511,Wild Mountain Kid,The Veiled Stair; Kun-Lai Summit,Gruffhorn,,,
60573,Terracotta Defender,Kun-Lai Summit,Stone Hound,,,Exotic
60576,Stone Quilen,Mogu'shan Vaults (Raid),Stone Hound,,Located in Mogu'shan Vaults (Raid). Trash mob before The Stone Guard bosses.,Exotic
60616,Child of Chi-Ji,Krasarang Wilds,Waterfowl,,,
60623,Enraged Mushan,Kun-Lai Summit,Scalehide,,These appear by the Sha of Anger when it happens to spawn just north-west of Inkgill Mere (but not other spawn points).,
60804,Lightfooted Snapclaw,Kun-Lai Summit,Water Strider,,,Exotic
60833,Frenzied Stone Quilen,Mogu'shan Vaults (Raid),Stone Hound,,Located in Mogu'shan Vaults (Raid). Trash mob before The Stone Guard bosses.,Exotic
60860,Young Mountain Yak,Kun-Lai Summit,Oxen,,,
60866,Upland Eagle,Kun-Lai Summit,Bird of Prey,,,
60875,Summit Prowler,Kun-Lai Summit,Cat,,Found asleep outside Grummle Bazaar and other locations.,
60932,Ashfang Hyena,Townlong Steppes,Hyena,,,
61090,Viseclaw Fry,Krasarang Wilds,Crab,,,
61091,Elder Viseclaw,Krasarang Wilds,Crab,,,
61159,Greenstone Terror,Greenstone Village (Scenario),Shale Beast,,Located in Greenstone Village (Scenario).,Exotic
61299,Seething Fleshripper,Townlong Steppes,Scorpid,,,
61306,Yao,Kun-Lai Summit,Stone Hound,True,"Yao and its companion, Yachi, spawn during the quest The Tongue of Ba-Shon, which is part of the Kun-Lai Summit quest chain. It can be tamed by someone other than the quester.",Exotic
61307,Yachi,Kun-Lai Summit,Stone Hound,True,"Yachi and its companion, Yao, spawn during the quest The Tongue of Ba-Shon, which is part of the Kun-Lai Summit quest chain. It can be tamed by someone other than the quester.",Exotic
61387,Quilen Guardian,Mogu'shan Palace (Dungeon),Stone Hound,,Located in Mogu'shan Palace (Dungeon).,Exotic
61408,Adarogg,Ragefire Chasm (Dungeon),Hound,True,Located in Ragefire Chasm (Dungeon). Adarogg seems to have more subdued flames than other beasts with this colour combo.,Undead
61415,Giant Cave Bat,Mogu'shan Palace (Dungeon),Bat,,Located in Mogu'shan Palace (Dungeon).,
61446,Mosstide Crab,The Jade Forest,Crab,,,
61509,Sra'thik Kunchong,Townlong Steppes,Aqiri,,Present when the daily The Overwhelming Swarm is up.,Exotic
61565,Quilen Statue,Crypt of Forgotten Kings (Scenario),Stone Hound,,Located in Crypt of Forgotten Kings (Scenario). Activate after looting the urn.,Exotic
61618,Longshadow Mushan,Townlong Steppes,Scalehide,,,
61619,Rankbite Tortoise,Townlong Steppes,Turtle,,,
61657,Adolescent Flame Hound,Ragefire Chasm (Dungeon),Hound,,Located in Ragefire Chasm (Dungeon).,Undead
61658,Mature Flame Hound,Ragefire Chasm (Dungeon),Hound,,Located in Ragefire Chasm (Dungeon).,Undead
61747,Jeweled Macaw,The Jade Forest,Bird of Prey,,"Although this parrot occurs in three colours, oddly only the red variant makes sounds when clicked.",
61843,Kun-Lai Corpsepicker,Kun-Lai Summit,Carrion Bird,,,
61848,Wild Onyx Serpent,Kun-Lai Summit,Lesser Dragonkin,True,"The Wild Onyx Serpent circles Mount Neverest in Kun-Lai. It can be difficult to reach but you can just get in range of it if you find the right outcropping to stand on. At max level, use an item level 1 weapon (can be bought from a weapon vendor), remove your armor, and perhaps even kill yourself and take resurrection sickness to pull the serpent without killing it.",Cloud Serpent
61945,Gurthan Iron Maw,Mogu'shan Palace (Dungeon),Stone Hound,,Located in Mogu'shan Palace (Dungeon).,Exotic
61971,Sharpshell Wader,Dread Wastes,Turtle,,,
61981,Dreadspinner Tender,Dread Wastes,Spider,,,
62000,Dreadspinner,Dread Wastes,Spider,,,
62008,Coldbite Matriarch,Dread Wastes,Crocolisk,True,,
62023,Coldbite Crocolisk,Dread Wastes,Crocolisk,,,
62029,Greatback Mushan,Dread Wastes,Scalehide,,,
62131,Plainsland Cheetah,Northern Barrens,Cat,,,
62160,Chillwater Turtle,Dread Wastes,Turtle,,,
62162,Horrorscale Scorpid,Dread Wastes,Scorpid,,,
62254,Quilen Watcher,Crypt of Forgotten Kings (Scenario),Stone Hound,,Located in Crypt of Forgotten Kings (Scenario).,Exotic
62266,Bronze Quilen,Townlong Steppes,Stone Hound,,,Exotic
62324,Norvakess <Terror of the Dread Wastes>,Townlong Steppes,Shale Beast,True,"Appears at the end of the zone quest Cutting the Swarm as the objective the follow-up quest Terror of the Dread Wastes. If you have trouble getting aggro from the Gao-Ran troops, wait until it submerges then tame quickly when it surfaces again.",Exotic
62386,Sapfly,Dread Wastes,Wasp,,,
62442,Tsulong,Terrace of Endless Spring (Raid),Lesser Dragonkin,,"Located in Terrace of Endless Spring (Raid). Tsulong is a powerful spirit being and not a regular beast. This ID is for his black, attackable form.Once tamed, Tsulong will respawn as a raid boss about 30 seconds later.",Cloud Serpent
62448,Onyx Stormclaw,Townlong Steppes,Lesser Dragonkin,,,Cloud Serpent
62759,Kor'thik Scorpid,Dread Wastes,Scorpid,,,
62760,Frightened Mushan,Dread Wastes,Scalehide,,,
62763,Rikkilea Strider,Dread Wastes,Stag,,,
62945,Bloodthirsty Prowler,Greenstone Village (Scenario),Cat,,Located in Greenstone Village (Scenario).,
63007,Kyparite,Dread Wastes,Shale Beast,,,Exotic
63347,Bitterwater Crab,Dread Wastes,Crab,,,
63510,Wulon <The Granite Sentinel>,Vale of Eternal Blossoms,Stone Hound,True,"While this stone quilen changes colour during combat, he always reverts to his original grey upon taming.",Exotic
63537,Windward Tiger,The Jade Forest,Cat,,,
63538,Windward Huntress,The Jade Forest,Cat,True,,
63540,Young Windward Tiger,The Jade Forest,Cat,,,
63584,Corrupted Crane,The Jade Forest,Waterfowl,,"Found on shoreline east of the Jade Temple, but only when the daily ""The Darkness Around Us"" is offered there.",
63586,Onyx Venomtail,Dread Wastes,Scorpid,,,
63587,Dread Scarab,Dread Wastes,Beetle,,,
63588,Ruby Venomtail,Dread Wastes,Scorpid,,,
63605,Stonebound Watcher,Vale of Eternal Blossoms,Stone Hound,,,Exotic
63696,Ravenous Kunchong,Townlong Steppes,Aqiri,,,Exotic
63697,Nascent Kunchong,Townlong Steppes,Aqiri,,,Exotic
63722,Azure Prickly Crawler,Kun-Lai Summit,Crab,,Spawns during a quest.,
63723,Azure Prickly Crawler,Kun-Lai Summit,Crab,,Initial quest phase for area only. Picking at the body of Sage Liao.,
63725,Bonedust Moth,Dread Wastes,Moth,,,
63726,Mutating Scorpid,Dread Wastes,Scorpid,,,
63728,Ik'thik Amberstinger,Dread Wastes,Scorpid,,,
63729,Bluehide Mushan,Dread Wastes,Scalehide,,,
63755,Swamp Strider,Dread Wastes,Water Strider,,,Exotic
63767,Chasheen <Queen of the Deepwild>,Krasarang Wilds,Cat,True,,
63796,Needlebeak <Lord of the Flock>,Krasarang Wilds,Waterfowl,True,,
63827,Young Bluehide Mushan,Dread Wastes,Scalehide,,,
63833,Mutating Scorpid,Dread Wastes,Scorpid,,,
63895,Shan'ze Cloudrider,Townlong Steppes,Lesser Dragonkin,,"This serpent is only accessible when you're on the quest Surprise Attack!. To unlock this once-off quest you have to reach Exalted with Shado-Pan and Revered with Golden Lotus, and then complete the precursor quest, Mogu Incursions.",Cloud Serpent
63920,Hei Feng,Townlong Steppes,Lesser Dragonkin,True,This version of Hei Feng is only accessible when you're on the quest Surprise Attack!.,Cloud Serpent
63978,Kri'chon <The Corpse-Reaver>,Vale of Eternal Blossoms,Scorpid,True,,
63981,Brineshell Snapper,Dread Wastes,Turtle,,,
64183,Enormous Stone Quilen,Mogu'shan Vaults (Raid),Stone Hound,,Located in Mogu'shan Vaults (Raid). Trash mob before The Stone Guard bosses.,Exotic
64309,Skyrange Mushan,Valley of the Four Winds,Scalehide,,,
64321,Echoweb Spinner,Valley of the Four Winds,Spider,,Cave is blocked. Requires quest Old Man Thistle's Treasure to enter.,
64323,Echoweb Toxiclaw,Valley of the Four Winds,Spider,,Cave is blocked. Requires quest Old Man Thistle's Treasure to enter.,
64436,Spineclaw Scuttler,Kun-Lai Summit,Crab,,,
64551,Duskwing Crow,Kun-Lai Summit,Bird of Prey,,,
64638,Gurubashi Riding Raptor,Kun-Lai Summit,Raptor,,,
64717,Dread Kunchong,Dread Wastes,Aqiri,,,Exotic
64724,Karanosh <Kunchong Matriarch>,Dread Wastes,Aqiri,True,Only present when the daily quests are,Exotic
64725,Shoreshell Snapper,Kun-Lai Summit,Turtle,,,
64726,Elder Shoreshell Snapper,Kun-Lai Summit,Turtle,,,
64745,Lowland Porcupine,Kun-Lai Summit,Rodent,,,
64937,Great Cliff Hawk,Valley of the Four Winds,Bird of Prey,,,
64965,Milau <Child of Alani>,Vale of Eternal Blossoms,Lesser Dragonkin,True,"Milau appears in the older, pre-Assaults phase of the zone. The Hall of the Serpent is located downstairs in Guo-Lai Halls, in the north of the zone.",Cloud Serpent
64982,Zan'thik Amberhusk,Dread Wastes,Scorpid,,,
64983,Amber-Fed Hatchling,Dread Wastes,Scorpid,,,
65118,Needleback Porcupine,Dread Wastes,Rodent,,,
65229,Kypa'rak,Dread Wastes,Shale Beast,True,Only present when the Dread Wastes daily questing hub is set in Zan'vess (approximately every three days).,Exotic
65231,Kypari Crawler,Dread Wastes,Shale Beast,,,Exotic
65450,Ancient Guardian,Dread Wastes,Stone Hound,,,Exotic
65520,Massive Ik'thik Kunchong,Valley of the Four Winds,Aqiri,,Only present during the Battle of Stoneplow quest chain.,Exotic
65582,Ik'thik Kunchong,Dread Wastes,Aqiri,,,Exotic
65612,Windward Saber,The Jade Forest,Cat,True,,
65616,Orchard Needler,The Jade Forest,Wasp,True,Spawns during Cloud Serpent daily quest Needle Me Not.,
65617,Zijin Hollowfly,Valley of the Four Winds,Wasp,,Attacks in a large swarm.,
65622,Weeping Widow,The Jade Forest,Spider,,,
65627,Dustback Warder,Valley of the Four Winds,Scalehide,,,
65629,Upland Raven,Kun-Lai Summit,Carrion Bird,,,
65632,Ik'thik Terrorclaw,Dread Wastes,Scorpid,,,
65650,Frenzied Caterpillar,The Jade Forest,Worm,,May spawn from Widow's Webs.,Exotic
65653,Weeping Widow,The Jade Forest,Spider,,,
65658,Widowspawn,The Jade Forest,Spider,,,
65711,Siftworm,The Jade Forest,Worm,,Can only be tamed when aggressive due to daily quest.,Exotic
65773,Ordo Yak,Kun-Lai Summit,Oxen,,,
65774,Ordo Yak Calf,Kun-Lai Summit,Oxen,,,
65790,Muck Sifter,Dread Wastes,Crab,,,
65799,Fluttering Swallowtail,Krasarang Wilds,Moth,,,
65802,Krasari Hissing Wasp,Krasarang Wilds,Wasp,,,
65814,Krasari Hissing Waspling,Krasarang Wilds,Wasp,,,
65819,Violetdown Songspinner,Krasarang Wilds,Waterfowl,,,
65820,Yellowback Water Moccasin,Krasarang Wilds,Serpent,,,
65821,Cobaltscale Death Adder,Krasarang Wilds,Serpent,,,
65823,Flesh-Eating Sandsnapper,Krasarang Wilds,Crab,,,
65839,Razorquill Porcupine,Kun-Lai Summit,Rodent,,,
66096,Sungraze Mushan Calf,Valley of the Four Winds,Scalehide,,,
66099,Riverbank Barbshell,Valley of the Four Winds,Turtle,,,
66164,Zouchin Tiger,Kun-Lai Summit,Cat,,,
66184,Dread Stalker,Dread Wastes,Cat,,,
66187,Dread Matriarch,Dread Wastes,Cat,,,
66188,Amberscale Basilisk,Dread Wastes,Basilisk,,,
66194,Waste Scavenger,Dread Wastes,Wasp,,,
66213,Koukou,The Jade Forest,Scalehide,True,,
66319,Fear-Touched Moth,Dread Wastes,Moth,,,
66368,Carrion Vulture,Townlong Steppes,Carrion Bird,,,
66418,Spotted Caterpillar,Townlong Steppes,Worm,,,Exotic
66421,Painted Stag,Townlong Steppes,Stag,,,
66448,Veiled Basilisk,Townlong Steppes,Basilisk,,,
66451,Gilded Tern,Valley of the Four Winds,Bird of Prey,,,
66462,Rankbite Ancient,Townlong Steppes,Turtle,,,
66463,Longshadow Bull,Townlong Steppes,Scalehide,,,
66464,Zhing,Kun-Lai Summit,Gruffhorn,True,Drops a Bag of Kafa Beans which summons a ridable kafa-crazed goat.,
66472,King Spineclaw,Kun-Lai Summit,Crab,,,
66476,Reef Pincher,Townlong Steppes,Crab,,,
66514,Fluttering Moth,Townlong Steppes,Moth,,,
66549,Wasteland Yak,Dread Wastes,Oxen,,,
66587,Pengsong,Dread Wastes,Oxen,True,,
66595,Wasteland Calf,Dread Wastes,Oxen,,,
66599,Greatback Calf,Dread Wastes,Scalehide,,,
66605,Ancient Stag,Dread Wastes,Stag,,,
66617,Ro'shen,The Jade Forest,Cat,True,,
66622,Rakira,The Jade Forest,Cat,True,,
66633,Ruukti,The Jade Forest,Cat,True,Won't show up on minimap till you enter his cave.,
66668,Sha-Infested Prowler,The Jade Forest,Cat,,Horde-only phase of area around Honeydew Village.,
66686,Echoweb Cinderfang,Valley of the Four Winds,Spider,,Cave is blocked. Requires quest Old Man Thistle's Treasure to enter.,
66695,Echoweb Hatchling,Valley of the Four Winds,Spider,,Blocked behind boulders. Spawned by Spider Eggs.,
66748,Venerable Viseclaw,Krasarang Wilds,Crab,,,
66772,Beast of Jade,Greenstone Village (Scenario),Stone Hound,True,"Located in Greenstone Village (Scenario). Random boss, doesn't appear every time.",Exotic
66783,Akkolon <Spawn of Garalon>,Dread Wastes,Aqiri,True,Appears in a quest phase for The Wrath of Shek'zeer. Akkolon can be a difficult tame as the NPCs that accompany can easily take aggro.,Exotic
66799,Young Stalker,The Jade Forest,Cat,,Summoned during fight with Rakira.,
66880,Lake Strider,Dread Wastes,Water Strider,,,Exotic
66881,Vale Strider,Vale of Eternal Blossoms,Water Strider,,,Exotic
66882,Sea Strider,Townlong Steppes,Water Strider,,,Exotic
66891,Summit Strider,Kun-Lai Summit,Water Strider,,,Exotic
66892,Fallstrider,Krasarang Wilds,Water Strider,,,Exotic
66895,River Strider,Valley of the Four Winds,Water Strider,,,Exotic
66898,Stream Strider,The Jade Forest,Water Strider,,,Exotic
67071,Wary Forest Prowler,The Jade Forest,Cat,,Found in a Horde-only quest phase in the Honeydew Village area. Replaced by Sha-Infested Prowler shortly after.,
67084,Giant Siftworm,The Jade Forest,Worm,,Can only be tamed when aggressive due to daily quest.,Exotic
67085,Windward Alpha,The Jade Forest,Cat,,,
67087,Ashweb Hatchling,Vale of Eternal Blossoms,Spider,,Wander in packs. Presence depends on random daily quest.,
67099,Succula <Waterbite Widow>,Valley of the Four Winds,Spider,True,"Succula hides in the water, just off the shore in the far north-east corner of The Heartland, only a few feet west of the Gilded Fan.",
67128,Kracor <Songstress of the Glade>,Valley of the Four Winds,Waterfowl,True,,
67576,Adolescent Direhorn,Isle of Thunder,Direhorn,,,Direhorn
67703,Slateshell Wanderer,Isle of Thunder,Turtle,,,
67758,Shale Skitterers,Krasarang Wilds,Shale Beast,,,Exotic
67759,Agitated Shale Spider,Krasarang Wilds,Shale Beast,,,Exotic
67763,Slateshell Ancient,Isle of Thunder,Turtle,,,
67770,Acidfang Slitherer,Isle of Thunder,Serpent,,"Can only be found in the ""Tear Down This Wall!"" scenario, available for both Horde and Alliance.",
67774,Zan'thik Brutalizer,Assault on Zan'vess (Scenario),Aqiri,,Located in Assault on Zan'vess (Scenario).,Exotic
67820,Bombyx,Krasarang Wilds,Worm,True,Bombyx is a special tracking tame that patrols a small section of Krasarang River.,Exotic
67895,Mature Terrapin,Krasarang Wilds,Turtle,,,
67896,Polluted Viseclaw,Krasarang Wilds,Crab,,Phased. Appears after the intro quests for Dominance Offensive or Operation: Shieldwall.,
68079,Ro'shak <The Molten Flare>,Throne of Thunder (Raid),Stone Hound,True,"Located in Grand Courtyard, Throne of Thunder (Raid). Part of the Iron Qon fight. Ro'shak is only accessible when ridden by Iron Qon.",Exotic
68080,Quet'zal <The Stormcaller>,Throne of Thunder (Raid),Stone Hound,True,"Located in Grand Courtyard, Throne of Thunder (Raid). Part of the Iron Qon fight. Quet'zal is only accessible when ridden by Iron Qon.",Exotic
68081,Dam'ren <The Frozen Sage>,Throne of Thunder (Raid),Stone Hound,True,"Located in Grand Courtyard, Throne of Thunder (Raid). Part of the Iron Qon fight. Dam'ren is only accessible when ridden by Iron Qon.",Exotic
68476,Horridon,Throne of Thunder (Raid),Direhorn,,"Located in Royal Amphitheater, Throne of Thunder (Raid). You may have trouble ending the fight once Horridon is tamed. One option is to feign death, create a group, then leave the group and wait for the 1 minute timer to boot you out of the instance. You may also be locked out of Horridon's arena for a while (30 or more minutes) until the dungeon soft resets.",Direhorn
68583,Polluted Viseclaw Fry,Krasarang Wilds,Crab,,Phased. Appears after the intro quests for Dominance Offensive or Operation: Shieldwall.,
68584,Polluted Viseclaw Scuttler,Krasarang Wilds,Crab,,Phased. Appears after the intro quests for Dominance Offensive or Operation: Shieldwall.,
68653,Shale Shards,Krasarang Wilds,Shale Beast,,,Exotic
69099,Nalak <The Storm Lord>,Isle of Thunder,Lesser Dragonkin,True,Nalak respawns approximately every 15-20 minutes.,Cloud Serpent
69148,Bloodrender Devilsaur,Isle of Thunder,Devilsaur,,Has a troll rider which despawns upon taming.,Exotic
69161,Oondasta,Isle of Giants,Devilsaur,,World Boss.,Exotic
69162,Juvenile Skyscreamer,Isle of Thunder,Pterrordax,,,Exotic
69177,Amani Warbear,Throne of Thunder (Raid),Bear,,"Located in Royal Amphitheater, Throne of Thunder (Raid). Appears during third gate phase of Horridon fight, when Amani trolls descend from the stadium to attack you.",
69180,Tamed Bladetalon,Isle of Thunder,Raptor,,Ridden by Zandalari Beastlords.,
69193,Loa-Infused Bloodhorn,Isle of Thunder,Direhorn,,,Direhorn
69207,Young Skyscreamer,Isle of Thunder,Pterrordax,,,Exotic
69218,Kroshik,Isle of Thunder,Devilsaur,True,,Exotic
69244,Fierce Anklebiter,Isle of Thunder,Raptor,,,
69246,Hatchling Direhorn,Isle of Thunder,Direhorn,,,Direhorn
69306,Loa-Infused Bladetalon,Isle of Thunder,Raptor,,Ridden by Loa Speakers.,
69311,Loa-Infused Saurid,Isle of Thunder,Raptor,,,
69349,Dark-Eye Raven,Isle of Thunder,Carrion Bird,,Flees when attacked. You'll need to freeze it in place.,
69384,Luminescent Crawler,Isle of Thunder,Crab,,,
69523,Fatty Goat,Isle of Thunder,Gruffhorn,,,
69562,Nalak <The Storm Lord>,The Fall of Shan Bu (Isle of Thunder) (Scenario),Lesser Dragonkin,True,"Located in The Foot of Lei Shen, The Fall of Shan Bu (Isle of Thunder) (Scenario). This version of Nalak appears in the very last stage of the The Fall of Shan Bu, the final scenario in the (one-time) Isle of Thunder intro quest chain. He will activate after you've defeated the troll and mogu NPCs around Shan Bu. He will rapidly fly out of range, so to tame him you should stand to the left of Shan Bu (when facing him from the entrance), on a large disc with a Mogu face, roughly where the mouth is. Start to tame the second he activates.",Cloud Serpent
69712,Ji-Kun,Throne of Thunder (Raid),Carrion Bird,True,"Located in Roost of Ji-Kun, Throne of Thunder (Raid). The sixth boss of the Throne of Thunder raid.",
69795,Zandalari Battlebeast,Isle of Thunder,Direhorn,,Spawns sporadically during the constant attacks on Bleak Hollow.,Direhorn
69943,Gumi,Kun-Lai Summit,Spirit Beast,True,"Gumi must be reduced to 30% health before it can be tamed. If you're high level it can be very hard to do this without killing it, so you should remove ALL of your gear, kill yourself and take resurrection sickness, then reduce its health slowly with punches.In contrast, if you're low level you may find Gumi hits very hard, so kiting is probably necessary.",Exotic
69946,Hutia,The Jade Forest,Spirit Beast,True,"Hutia must be reduced to 30% health before it can be tamed, and it periodically casts an interruptable heal. If you're high level it can be very hard to do this without killing it, so you should remove ALL of your gear, kill yourself and take resurrection sickness, then reduce its health slowly with punches. Unless you have an interrupt that causes no damage you may have to just put up with the heals.In contrast, if you're low level you may find Hutia hits very hard, so kiting (and maybe help from a friend) is probably necessary.",Exotic
69947,Degu,Valley of the Four Winds,Spirit Beast,True,"Degu patrols the cliff-edge at the southern border of the valley, from a point south-east of Stormstout Brewery, east to a point just above Thunder Cleft. It must be reduced to 30% health before it can be tamed. If you're high level it can be very hard to do this without killing it, so you should remove ALL of your gear, kill yourself and take resurrection sickness, then reduce its health slowly with punches.In contrast, if you're low level you may find Degu hits very hard, so kiting is probably necessary.",Exotic
69983,Primal Direhorn,Isle of Giants,Direhorn,,,Direhorn
69991,Primal Devilsaur,Isle of Giants,Devilsaur,,,Exotic
69992,Primal Direhorn Hatchling,Isle of Giants,Direhorn,,,Direhorn
69993,Young Primal Devilsaur,Isle of Giants,Devilsaur,,,Exotic
69998,Goda,Isle of Thunder,Turtle,True,,
70004,Young Primal Devilsaur,Isle of Giants,Devilsaur,,,Exotic
70005,Young Primal Devilsaur,Isle of Giants,Devilsaur,,,Exotic
70006,Young Primal Devilsaur,Isle of Giants,Devilsaur,,,Exotic
70007,Young Primal Devilsaur,Isle of Giants,Devilsaur,,,Exotic
70008,Primal Devilsaur,Isle of Giants,Devilsaur,,,Exotic
70009,Primal Devilsaur,Isle of Giants,Devilsaur,,,Exotic
70010,Primal Devilsaur,Isle of Giants,Devilsaur,,,Exotic
70011,Primal Devilsaur,Isle of Giants,Devilsaur,,,Exotic
70012,Primal Direhorn Hatchling,Isle of Giants,Direhorn,,,Direhorn
70013,Primal Direhorn Hatchling,Isle of Giants,Direhorn,,,Direhorn
70014,Primal Direhorn Hatchling,Isle of Giants,Direhorn,,,Direhorn
70015,Primal Direhorn Hatchling,Isle of Giants,Direhorn,,,Direhorn
70016,Primal Direhorn,Isle of Giants,Direhorn,,,Direhorn
70017,Primal Direhorn,Isle of Giants,Direhorn,,,Direhorn
70018,Primal Direhorn,Isle of Giants,Direhorn,,,Direhorn
70019,Primal Direhorn,Isle of Giants,Direhorn,,,Direhorn
70020,Pterrorwing Skyscreamer,Isle of Giants,Pterrordax,,,Exotic
70021,Pterrorwing Skyscreamer,Isle of Giants,Pterrordax,,,Exotic
70120,Pterrorwing,Isle of Thunder,Pterrordax,,Found in the hold of Beastcaller Tuk'wa's ship.,Exotic
70172,Shrimp Stuffed Seagull,Townlong Steppes; Dread Wastes,Bird of Prey,,Appears when the giant mantis shrimp fishing event occurs.,
70327,Stone Watcher,Troves of the Thunder King (Scenario),Stone Hound,,Located in Troves of the Thunder King (Scenario). Found in the second area of the Scenario.,Exotic
70422,Zandalari Fleshrender,Isle of Thunder,Devilsaur,,,Exotic
70448,Ancient Python,Throne of Thunder (Raid),Serpent,,"Located in Grand Overlook, Throne of Thunder (Raid). Found in the area directly after the first boss. Spawns when you run over patches of grass in the south-east and south-west corners of the platform.",
70493,Direhorn,Isle of Thunder,Direhorn,,,Direhorn
70494,Pterrorwing,Isle of Thunder,Pterrordax,,,Exotic
70534,Skeletal Lasher,Isle of Thunder,Raptor,,,Undead
70558,Young Pterrorwing,Isle of Thunder,Pterrordax,,Summoned by Zandalari Beast Handlers during combat.,Exotic
70589,Cavern Burrower,Throne of Thunder (Raid),Shale Beast,,"Located in Forgotten Depths, Throne of Thunder (Raid). This beast appears when you walk over the rumbling patches of dust and mushrooms in the Forgotten Depths.",Exotic
70595,Frostmane Prowler,Blood in the Snow (Scenario),Cat,,Located in Blood in the Snow (Scenario).,
70702,Flame Hound,The Secrets of Ragefire (Scenario),Hound,,Located in The Secrets of Ragefire (Scenario). Bug: Taming it will break the rest of the scenario.,Undead
70858,Daggermaw Icegazer,Frostfire Ridge,Basilisk,,,
71009,Kor'kron Flameworg,Northern Barrens,Hound,,,Undead
71143,Windfeather Chick,Timeless Isle,Waterfowl,,,
71297,Tamed Bladetalon,Isle of Thunder,Raptor,,"Ridden by Zandalari Beastlords, in periodic attacks on Bleak Hollow.",
71491,Guardian of Sacrifice,Crypt of Forgotten Kings (Scenario),Stone Hound,True,"Located in Crypt of Forgotten Kings (Scenario). Found in Heroic mode only. Sits atop the dais behind the first boss, Jin Ironfist.",Exotic
71529,Thok the Bloodthirsty,Siege of Orgrimmar (Raid),Devilsaur,True,"Located in The Menagerie, Siege of Orgrimmar (Raid). Taming Thok counts as defeating him, so you can complete the rest of the raid.",Exotic
71578,Amber Parasite,Siege of Orgrimmar (Raid),Shale Beast,,"Located in Chamber of the Paragons, Siege of Orgrimmar (Raid). Will spawn during Paragons fight if Rikkal's Injection spell is not mitigated by tanks.",Exotic
71721,Canyon Icemother,Frostfire Ridge,Basilisk,True,,
71921,Darkfang,Siege of Orgrimmar (Raid),Wolf,,"Located in The Valley of Strength, Siege of Orgrimmar (Raid). Part of the Kor'kron Dark Shaman boss encounter.",
71923,Bloodclaw,Siege of Orgrimmar (Raid),Wolf,,"Located in The Valley of Strength, Siege of Orgrimmar (Raid). Part of the Kor'kron Dark Shaman boss encounter.",
72162,Wooly Clefthoof,Frostfire Ridge,Clefthoof,,,Exotic
72251,Icewing Rylak,Frostfire Ridge,Chimaera,,,Exotic
72273,Twinbreath Skystalker,Frostfire Ridge,Chimaera,,,Exotic
72275,Black Bengal Goat,Vale of Eternal Blossoms,Gruffhorn,,"This second ID for the Black Bengal Goat was added in patch 5.4. Unlike the other, this one has a Sha aura (lost upon taming).",
72329,Lavalisk,Frostfire Ridge,Basilisk,,Has fire effects over body which are lost upon taming.,
72452,Kor'kron Dire Wolf,Siege of Orgrimmar (Raid),Wolf,,"Located in The Valley of Strength, Siege of Orgrimmar (Raid).",
72606,Rockhoof,Shadowmoon Valley - Draenor,Riverbeast,True,,
72761,Windfeather Nestkeeper,Timeless Isle,Waterfowl,,,
72762,Brilliant Windfeather,Timeless Isle,Waterfowl,,,
72763,Great Turtle Hatchling,Timeless Isle,Turtle,,,
72764,Great Turtle,Timeless Isle,Turtle,,,
72765,Elder Great Turtle,Timeless Isle,Turtle,,,
72766,Ancient Spineclaw,Timeless Isle,Crab,,,
72775,Bufo,Timeless Isle,Hopper,True,"To increase your chances of Bufo spawning, keeping killing all the other frogs in Croaking Hollow.",
72777,Gulp Frog,Timeless Isle,Hopper,,,
72805,Primal Stalker,Timeless Isle,Cat,,,
72807,Crag Stalker,Timeless Isle,Cat,,,
72808,Tsavo'ka <Ghost in the Darkness>,Timeless Isle,Cat,True,,
72841,Death Adder,Timeless Isle,Serpent,,,
72842,Ironfur Herdling,Timeless Isle,Oxen,,,
72843,Ironfur Grazer,Timeless Isle,Oxen,,,
72844,Ironfur Great Bull,Timeless Isle,Oxen,,,
72849,Driftwatcher Rylak,Frostfire Ridge,Chimaera,,,Exotic
72876,Crimsonscale Firestorm,Timeless Isle,Lesser Dragonkin,,These beasts can be seen flying over the centre of the isle.,Cloud Serpent
72881,Broken Clefthoof,Frostfire Ridge,Clefthoof,,,Exotic
72927,Kovok,Siege of Orgrimmar (Raid),Aqiri,True,"Located in Chamber of the Paragons, Siege of Orgrimmar (Raid).",Exotic
72934,Trained Coldsnout,Frostfire Ridge,Boar,,,
72991,Orphaned Frost Wolf,Frostfire Ridge,Wolf,,Friendly to Horde.,
73013,Vile Sporebat,Shadowmoon Valley - Draenor,Sporebat,,,
73158,Emerald Gander,Timeless Isle,Waterfowl,True,"To increase your chances of the Emerald Gander spawning, kill Brilliant Windfeathers in the areas surrounding the Celestial Court.",
73160,Ironfur Steelhorn,Timeless Isle,Oxen,True,"To increase your chances of the Ironfur Steelhorn spawning, clear out the packs of other Ironfur yaks from the areas surrounding the Celestial Court.",
73161,Great Turtle Furyshell,Timeless Isle,Turtle,True,,
73163,Imperial Python,Timeless Isle,Serpent,True,Spawns rarely in place of Imperial Pythons in the lower areas of the island.,
73166,Monstrous Spineclaw,Timeless Isle,Crab,True,"To increase your chances of the Monstrous Spineclaw spawning, keep killing all the other Spineclaws that can be found along the coastline of the southern half of the isle.",
73167,Huolon,Timeless Isle,Lesser Dragonkin,True,Huolon spawns every 30-60 minutes. It follows a circuit that passes over the Blazing Way and can be intercepted close to the north end of the second bridge.,Cloud Serpent
73185,Enraged Mushan Beast,Siege of Orgrimmar (Raid),Scalehide,,"Located in The Menagerie, Siege of Orgrimmar (Raid). Trash mob before the Thok encounter.",
73223,Pterrordax,Siege of Orgrimmar (Raid),Pterrordax,,"Located in The Menagerie, Siege of Orgrimmar (Raid). A couple fly freely about the chamber that houses Thok the Bloodthirsty.",Exotic
73227,Wastes Rockworm <Child of Shui Halad>,Frostfire Ridge,Worm,,"Tiny, travels in packs.",Exotic
73234,Ashmane Clefthoof,Frostfire Ridge,Clefthoof,,,Exotic
73325,Fel Wolf,Frostfire Ridge,Hound,,,Undead
73686,Pearltusk Calf,Shadowmoon Valley - Draenor,Mammoth,,,
73805,Corrupted Toad,Shadowmoon Valley - Draenor,Hopper,,Green aura lost after taming.,
73960,Elekk,Shadowmoon Valley - Draenor,Mammoth,,Friendly to Alliance.,
74169,Gloomshade Howler,Shadowmoon Valley - Draenor,Wolf,,,
74176,Gloomshade Gulper,Shadowmoon Valley - Draenor,Hopper,,,
74206,Killmaw,Shadowmoon Valley - Draenor,Wolf,True,,
74208,Killmaw Pup,Shadowmoon Valley - Draenor,Wolf,,,
74414,Juvenile Bonestripper,Frostfire Ridge,Carrion Bird,,,
74446,Ghamoo-Ra,Blackfathom Deeps (Dungeon),Turtle,True,"Located in The Pool of Ask'ar, Blackfathom Deeps (Dungeon). Changed appearance in 6.0. Used to have ancient sea turtle look.",
74508,Guardian of the Deep,Blackfathom Deeps (Dungeon),Crab,True,"Located in The Forgotten Pool, Blackfathom Deeps (Dungeon). Can only be tamed once released from captivity. It will flee to an underwater cavern, below the entrance to the Sanctum.",
74509,Blue Shale Crawler,Blackfathom Deeps (Dungeon),Shale Beast,,"Located in The Forgotten Pool, Blackfathom Deeps (Dungeon). Different to the critter of the same name in the same instance. Reached underwater, in the cavern below the entrance to the Sanctum.",Exotic
74583,Festering Spiderling,Razorfen Downs (Dungeon),Spider,,Located in Razorfen Downs (Dungeon).,
74584,Plague-Rotted Webslinger,Razorfen Downs (Dungeon),Spider,,Located in Razorfen Downs (Dungeon).,
74620,Battle Boar,Razorfen Kraul (Dungeon),Boar,,Located in Razorfen Kraul (Dungeon).,
74712,Gloomshade Howler,Shadowmoon Valley - Draenor,Wolf,,,
74722,Razorshell Snapjaw,Blackfathom Deeps (Dungeon),Turtle,,"Located in The Pool of Ask'ar, Blackfathom Deeps (Dungeon).",
74748,Frost Wolf,Frostfire Ridge,Wolf,,,
74962,Stoneshamble Basilisk,Gorgrond,Basilisk,,,
74981,Thunderlord Driftstalker,Frostfire Ridge,Chimaera,,,Exotic
75113,Venomfang Spider,Gorgrond,Spider,,,
75207,Biolante,Gorgrond,Hydra,,,Florafaun
75241,Bladespire Goresnout,Frostfire Ridge,Boar,,,
75247,"Groyat, the Blind Hunter",Razorfen Kraul (Dungeon),Bat,,Located in Razorfen Kraul (Dungeon).,
75258,Deathweb Hatchling,Talador,Spider,,,
75280,Darkwing Matron,Shadowmoon Valley - Draenor,Chimaera,,Flying,Exotic
75348,Frostfire Bonestripper,Frostfire Ridge,Carrion Bird,,,
75416,Coldsnout Boar,Frostfire Ridge,Boar,,,
75466,Vile Bat,Razorfen Kraul (Dungeon),Bat,,Located in Razorfen Kraul (Dungeon).,
75467,Cave Bat,Razorfen Kraul (Dungeon),Bat,,Located in Razorfen Kraul (Dungeon).,
75468,Twilight Riverbeast,Shadowmoon Valley - Draenor,Riverbeast,,,
75471,Frenzied Swamplighter,Shadowmoon Valley - Draenor,Wasp,,,
75482,Veloss,Shadowmoon Valley - Draenor,Sporebat,True,,
75483,Shaded Plainsstalker,Shadowmoon Valley - Draenor,Warp Stalker,,,
75484,Kuu'rat <The Ivory Death>,Shadowmoon Valley - Draenor,Mammoth,True,,
75487,Razorfang Hunter,Shadowmoon Valley - Draenor,Ray,,,
75492,Venomshade,Shadowmoon Valley,Hydra,True,,Florafaun
75588,Grotto Toad,Razorfen Kraul (Dungeon),Hopper,,"Located in Razorfen Kraul (Dungeon). Inhabits the caverns to the far west, on the way to Charlga Razorflank.",
75590,Enormous Bullfrog,Razorfen Kraul (Dungeon),Hopper,True,"Located in Razorfen Kraul (Dungeon). Inhabits the caverns to the far west, on the way to Charlga Razorflank.",
75680,Frosthoof,Frostfire Ridge,Clefthoof,,,Exotic
76143,Rukhran,Skyreach (Dungeon),Bird of Prey,True,Located in Skyreach (Dungeon). Taming Rukhran will block progress in this dungeon.,
76181,Ragemaw Worg,Upper Blackrock Spire (Dungeon),Wolf,,"Located in Dragonspire Hall, Upper Blackrock Spire (Dungeon).",
76253,Dread Raven Hatchling,Skyreach (Dungeon),Bird of Prey,,Located in Skyreach (Dungeon).,
76438,Kliaa,Shadowmoon Valley - Draenor,Wasp,True,,
76442,Maa'run,Shadowmoon Valley - Draenor,Stag,True,,
76473,Mother Araneae,Gorgrond,Spider,True,,
76517,Venomfang Spiderling,Gorgrond,Spider,,,
76576,Hunting Mount,Frostfire Ridge,Clefthoof,,,Exotic
76593,Frost Wolf,Frostfire Ridge,Wolf,,,
76597,Frost Wolf Alpha,Frostfire Ridge,Wolf,,,
76624,Vicious Longtusk,Frostfire Ridge,Mammoth,,"Spawns during the Horde-only quest, The Battle of Thunder Pass.",
76668,Agitated Duskwing,Talador,Moth,,,
76685,Sharpfang Stalker,Talador,Cat,,,
76687,Sher'khaan,Talador,Cat,True,,
76705,Frostfang Howler,Frostfire Ridge,Wolf,,,
76707,Frostfang Alpha,Frostfire Ridge,Wolf,,,
76710,Ashmane Clefthoof,Frostfire Ridge,Clefthoof,,,Exotic
76711,Ashmane Bull,Frostfire Ridge,Clefthoof,,,Exotic
76819,Frostfire Fleshripper,Frostfire Ridge,Carrion Bird,,,
76874,Dreadwing,Blackrock Foundry (Raid),Chimaera,True,"Located in The Breaking Grounds, Blackrock Foundry (Raid). Part of the Beastlord Darmac fight.",Exotic
76891,Ice Spider,Frostfire Ridge,Spider,,In a cave south-west of Bladespire Fortress.,
76914,Coldtusk,Frostfire Ridge,Boar,True,,
76945,Ironcrusher,Blackrock Foundry (Raid),Mammoth,True,Located in Blackrock Foundry (Raid). Ironcrusher is part of the Beastlord Darmac encounter and cannot be attacked until Darmac activates it. Engage Darmac while he's closest to Ironcrusher in order to ensure it's activated first.,
76946,Faultline,Blackrock Foundry (Raid),Clefthoof,True,"Located in The Breaking Grounds, Blackrock Foundry (Raid). Part of the Beastlord Darmac fight.",Exotic
76954,Pahboo-Ra <Son of Ghamoo-Ra>,Blackfathom Deeps (Dungeon),Turtle,True,"Located in The Pool of Ask'ar, Blackfathom Deeps (Dungeon). His look is the same as the original Ghamoo-Ra, which has changed appearances in 6.0.",
77026,Depraved Hunter,Talador,Hound,,,Undead
77067,Gorgrond Python,Gorgrond,Serpent,,,
77091,Wild Rylak,Frostfire Ridge,Chimaera,,,Exotic
77093,Roardan the Sky Terror,Gorgrond,Chimaera,True,"Roardan flies in a circuit around Heart of the Fen and Mistcreep Mire, pausing occasionally to land on a rock or mushroom. If you find a known landing spot to wait at, you can tame as soon as Roardan lands.",Exotic
77122,Thunderlord War Rylak,Frostfire Ridge,Chimaera,,Ridden by Thunderlord orcs. Cannot be aggroed or killed.,Exotic
77124,Crag Goretusk,Frostfire Ridge,Boar,,Found in several caves in the area.,
77129,Elder Crag Goretusk,Frostfire Ridge,Boar,,"Occasionally found in caves in the area, accompanied by regular Crag Goretusks.",
77140,Amaukwa <The Breath of Moon>,Shadowmoon Valley - Draenor,Chimaera,True,,Exotic
77298,Trained Coldsnout <Thunderlord Hogbreaker's Pet>,Frostfire Ridge,Boar,,,
77314,Swamplighter Queen,Shadowmoon Valley - Draenor,Wasp,,,
77328,Elder Duskwing,Talador,Moth,,,
77331,Duskwing Flutterer,Talador,Moth,,,
77430,Kil'uun,Talador,Carrion Bird,True,,
77431,Hilaani,Talador,Riverbeast,True,,
77441,Dusky Teromoth,Talador,Moth,,Spawn from Deathweb Cocoons.,
77442,Nightslash Owl,Talador,Bird of Prey,,Spawns from Deathweb Cocoons.,
77443,Darkwoods Stalker,Talador,Warp Stalker,,Trapped in spider webs.,
77478,Shardtusk Boar,Frostfire Ridge,Boar,,,
77513,Coldstomp the Griever,Frostfire Ridge,Clefthoof,True,,Exotic
77519,Giantbane,Frostfire Ridge,Clefthoof,True,The hunting party on its back leaps off and attacks as you tame.,Exotic
77626,Hen-Mother Hami,Talador,Carrion Bird,True,,
77627,Hen Chick,Talador,Carrion Bird,,,
77634,Taladorantula,Talador,Spider,True,Squish a lot of spider critters underfoot to summon this mob.,
77715,Hammertooth,Talador,Riverbeast,True,,
77719,Glimmerwing,Talador,Moth,True,,
77741,Ra'kahn,Talador,Cat,True,,
77845,Ironmarch War Wolf,Blasted Lands,Wolf,,Phased area of Blasted lands for Warlords of Draenor.,
77886,Frost Wolf,Frostfire Ridge,Wolf,,Friendly to Horde. Attacking the Mother of Wolves.,
77927,Son of the Beast,Upper Blackrock Spire (Dungeon),Core Hound,,"Located in The Furnace, Upper Blackrock Spire (Dungeon). The only remaining core hound to use the old orange-red model.",Exotic
77957,Deathweb Hatchling,Talador,Spider,,Spawn when you walk over eggs.,
77994,Bloodmaul Dire Boar,Frostfire Ridge,Boar,,,
78108,Frostbeak Scavenger,Frostfire Ridge,Carrion Bird,,,
78183,Injured Darkwing Glider,Shadowmoon Valley - Draenor,Chimaera,,,Exotic
78213,Snow Lurker,Frostfire Ridge,Worm,,,Exotic
78274,Silverpelt Calf,Shadowmoon Valley - Draenor,Stag,,,
78275,Silverpelt Doe,Shadowmoon Valley - Draenor,Stag,,,
78276,Silverpelt Charger,Shadowmoon Valley - Draenor,Stag,,,
78277,Breezestrider Colt,Nagrand - Draenor,Stag,,,
78278,Breezestrider Talbuk,Nagrand - Draenor,Stag,,,
78279,Breezestrider Stallion,Nagrand - Draenor,Stag,,,
78291,Deathweb Crawler,Talador,Spider,,In the back of the cave.,
78314,Glacial Icemaw,Frostfire Ridge,Chimaera,,,Exotic
78364,Iron Horde Battlebeast,Gorgrond,Clefthoof,,Lieutenant O'rok dismounts and attacks when you tame. There's also a chance he'll jump back on again!,Exotic
78371,Pearltusk Calf,Shadowmoon Valley - Draenor,Mammoth,,,
78385,Pearltusk Grazer,Shadowmoon Valley - Draenor,Mammoth,,,
78387,Pearltusk Bull,Shadowmoon Valley - Draenor,Mammoth,,,
78390,Frenzied Manafeeder,Talador,Moth,,,
78432,Burning Hunter,Talador,Hound,,The ones patrolling with the Legion Assailants are not controlled and are tameable.,Undead
78457,Burning Hunter,Talador,Hound,,Spawned by an event and may phase out when complete.,Undead
78459,Tenderhoof Meadowstomper,Nagrand - Draenor,Mammoth,,,
78460,Meadowstomper,Nagrand - Draenor,Mammoth,,,
78462,Territorial Meadowstomper,Nagrand - Draenor,Mammoth,,,
78489,Snickerfang Pup,Blasted Lands,Hyena,,Phased area of Blasted lands for Warlords of Draenor.,
78528,Trained Clefthoof Mount,Frostfire Ridge,Clefthoof,,"Located in Wor'gol (quest phase), Frostfire Ridge. Appears during ""Save Wolf Home"" quest phase.",Exotic
78550,Controlled Darkwing,Shadowmoon Valley - Draenor,Chimaera,,Ridden by goblins. Have lights on their heads which vanish upon taming.,Exotic
78570,Witherhide Calf,Gorgrond,Clefthoof,,,Exotic
78571,Witherhide Mother,Gorgrond,Clefthoof,,,Exotic
78572,Wild Witherhide Bull,Gorgrond,Clefthoof,,,Exotic
78574,Ancient Leatherhide,Nagrand - Draenor,Clefthoof,,,Exotic
78575,Leatherhide Clefthoof,Nagrand - Draenor,Clefthoof,,,Exotic
78576,Leatherhide Calf,Nagrand - Draenor,Clefthoof,,,Exotic
78671,Palebelly Croaker,Talador,Hopper,,,
78673,Noxious Riverhopper,Talador,Hopper,,,
78856,Bloodthorn Ravager,Shadowmoon Valley - Draenor,Ravager,,,
78857,Bloodthorn Striker,Shadowmoon Valley - Draenor,Ravager,,,
78864,Deathweb Hatchling,Talador,Spider,,In the back of the cave.,
78872,Klikixx,Talador,Spider,True,In the back of the cave.,
78918,Icehoof Calf,Frostfire Ridge,Clefthoof,,Travels in a pack with an Icehoof Bull and Icehoof Cow.,Exotic
78919,Icehoof Cow,Frostfire Ridge,Clefthoof,,Travel in a pack with an Icehoof Bull and Icehoof Calves.,Exotic
78920,Icehoof Bull,Frostfire Ridge,Clefthoof,,Travel in a pack with an Icehoof Cow and Icehoof Calves.,Exotic
78931,Shadeback Ravager,Spires of Arak,Ravager,,,
79020,Echidnian Hydra,Shadowmoon Valley - Draenor,Hydra,,,
79034,Tamed Clefthoof,Nagrand - Draenor,Clefthoof,,,Exotic
79061,Void-torn Kaliri,Shadowmoon Valley - Draenor,Bird of Prey,,Spectral effect lost upon taming.,
79110,Ravenous Mongrel,Talador,Hound,,,Undead
79148,Phantom Pearltusk,Shadowmoon Valley - Draenor,Mammoth,,The Phantom Pearltusk with this ID has a purple ghostly effect that is lost upon taming. It wanders the Burial Fields.,
79149,Phantom Pearltusk Calf,Shadowmoon Valley - Draenor,Mammoth,,Has a purple ghostly effect that is lost upon taming.,
79285,Lunarfall Matriarch,Shadowmoon Valley - Draenor,Bird of Prey,,Phases out once your garrison is created (Alliance). Never visible to Horde.,
79332,Zangarra Sporebat,Talador,Sporebat,,,
79334,No'losh,Talador,Water Strider,True,,Exotic
79398,Windroc,Nagrand - Draenor,Bird of Prey,,,
79483,Porkchop,Nagrand - Draenor,Boar,True,"Appears during the Ring of Trials stage: Ring of Trials: Crushmaul. You must be on this quest, or perhaps quest synced with someone on the quest, in order to see the NPCs.",
79506,Searing Ravager,Talador,Hound,,,Undead
79524,Hypnocroak,Shadowmoon Valley - Draenor,Hopper,True,Hypnocroak's orange eye effect is lost upon taming.,
79577,Riverwallower,Talador,Riverbeast,,,
79587,Massive Riverwallow,Talador,Riverbeast,,,
79595,Fluttering Teromoth,Talador,Moth,,,
79643,Frostwing Screecher,Frostfire Ridge,Bat,,,
79660,Shimmering Croaker,Shadowmoon Valley - Draenor,Hopper,,,
79662,Riverwallow Calfling,Talador,Riverbeast,,,
79703,Ridge Prowler,Talador,Cat,,,
79705,Young Ridge Prowler,Talador,Cat,,,
79721,Underbrush Egg Snatcher,Shadowmoon Valley - Draenor,Warp Stalker,,,
79745,Forest Stalker,Talador,Warp Stalker,,,
79746,Teroclaw,Talador,Carrion Bird,,,
79752,Teroclaw Chick,Talador,Carrion Bird,,,
79755,Savage Warwolf,Nagrand - Draenor,Wolf,,Not always present. You may wait a while for spawns in some phases.,
79756,Coldsnout Sow,Frostfire Ridge,Boar,,,
79779,Underbrush Stalker,Shadowmoon Valley - Draenor,Warp Stalker,,,
79851,Ravenous Windroc,Nagrand - Draenor,Bird of Prey,,,
79854,Ravenous Windroc,Nagrand - Draenor,Bird of Prey,,,
79895,Echo Hunter,Spires of Arak,Bat,,,
79909,Elder Ridge Prowler,Talador,Cat,,,
79910,Shimmerwing Moth,Talador,Moth,,,
79920,Teroclaw Hen-Mother,Talador,Carrion Bird,,,
79923,Shimmerwing Mothling,Talador,Moth,,,
80034,Icewing Rylak,Frostfire Ridge,Chimaera,,"Unlike the regular version, this Icewing Rylak spawns infrequently near the lair of an Engorged Ice Lurker. It will be quickly devoured by the worm if you don't aggro it first.",Exotic
80081,Albino Cave Ambusher,Talador,Warp Stalker,,,
80082,Cave Hunter,Talador,Warp Stalker,,,
80098,Ironbarb Skyreaver,Upper Blackrock Spire (Dungeon),Chimaera,,"Located in Blackrock Stadium, Upper Blackrock Spire (Dungeon). Part of Tharbek encounter.",Exotic
80122,Gaz'orda,Nagrand - Draenor,Hydra,True,,
80136,Lost Icehoof Calf,Frostfire Ridge,Clefthoof,,,Exotic
80160,Riding Wolf,Nagrand - Draenor,Wolf,,,
80174,Pack Boar,Frostfire Ridge,Boar,,Loses saddle pack on tame.,
80175,Elekk,Shadowmoon Valley - Draenor,Mammoth,,,
80192,Icecave Bat,Frostfire Ridge,Bat,,,
80211,Frostspinner Widow,Frostfire Ridge,Spider,,,
80212,Frostspinner Spider,Frostfire Ridge,Spider,,,
80224,Shadeback Thornmother,Spires of Arak,Ravager,True,,
80227,Icewing Drift-Hunter,Frostfire Ridge,Chimaera,,"Phases out once your garrison is completed, so you would need to reach level 92 first. Never phased to Alliance.",Exotic
80241,Blazing Pyreclaw,Frostfire Ridge,Chimaera,,,Exotic
80242,Chillfang,Frostfire Ridge,Bat,True,,
80247,Frostspinner Spiderling,Frostfire Ridge,Spider,,,
80263,Shagor,Nagrand - Draenor,Wolf,True,,
80321,Icemaw Matriarch,Frostfire Ridge,Chimaera,,,Exotic
80370,Lernaea,Nagrand - Draenor,Hydra,True,,
80372,Echidna,Spires of Arak,Hydra,True,,
80398,Keravnos,Tanaan Jungle,Hydra,True,,
80401,Child of Keravnos,Tanaan Jungle,Hydra,,,
80404,Keravnos Monitor,Tanaan Jungle,Hydra,,,
80405,Keravnos Broodmother,Tanaan Jungle,Hydra,,,
80420,Icehoof Calf,Frostfire Ridge,Clefthoof,,Carried randomly by Frostfire Gronnlings in the pre-Garrison phase of Frostwall. Can be tamed right out of their hands!,Exotic
80453,Keravnos Wanderer,Tanaan Jungle,Hydra,,,
80471,Gennadian,Talador,Hydra,True,,
80541,Lernaean Broodmother,Nagrand - Draenor,Hydra,,,
80542,Lernaean Monitor,Nagrand - Draenor,Hydra,,,
80543,Lernaean Scout,Nagrand - Draenor,Hydra,,,
80558,Echidnaean Broodmother,Spires of Arak,Hydra,,,
80559,Echidnaean Monitor,Spires of Arak,Hydra,,,
80560,Echidnaean Scout,Spires of Arak,Hydra,,,
80589,Dread Raven,Spires of Arak,Bird of Prey,,,
80643,Sethekk Wind Serpent,Spires of Arak,Wind Serpent,,,Undead
80687,Adolescent Dread Raven,Spires of Arak,Bird of Prey,,,
80694,Stonescale,Spires of Arak,Raptor,True,,
80699,Mandragora Lifedrinker,Gorgrond,Hydra,,,Florafaun
80715,Deathspine Ravager,Tanaan Jungle (Intro Phase),Ravager,,Located in Tanaan Jungle (Intro Phase).,
80752,Blooming Mandragora,Shadowmoon Valley,Hydra,,,Florafaun
80779,Icespine Ravager,Frostfire Ridge,Ravager,,Phases out once your Garrison is completed (Horde).,
80782,Icespine Stinger,Frostfire Ridge,Ravager,,,
80997,Elekk,Shadowmoon Valley - Draenor,Mammoth,,"Friendly to Alliance. It can be found by the west entrance to Embaari Village (with a Trader), and at two settlements in Arbor Glen.",
81000,Garn Nighthowl,Frostfire Ridge,Wolf,,,
81001,Nok-Karosh <Warrior's Death>,Frostfire Ridge,Wolf,True,Nok-Karosh sleeps amid a pack of Garn Nighthowl wolves.,
81083,Elekk Grazer,Shadowmoon Valley - Draenor,Mammoth,,"Friendly to Alliance. Found in a pen with some Elekk Calves, to the west of the main village.",
81084,Elekk,Shadowmoon Valley - Draenor,Mammoth,,Friendly to Alliance.,
81138,Spore Drifter,Spires of Arak,Sporebat,,,
81168,Crimsonwing Wasp,Spires of Arak,Wasp,,,
81306,Preston,Shadowmoon Valley - Draenor,Courser,True,Friendly to Alliance.,
81307,Argyle,Shadowmoon Valley - Draenor,Courser,True,Friendly to Alliance.,
81537,Khargax the Devourer,Gorgrond,Hydra,True,,
81548,Charl Doomwing,Gorgrond,Chimaera,,,Exotic
81557,Golden Pollinator,Gorgrond,Wasp,,,
81561,Thicket Ravager,Gorgrond,Ravager,,,
81718,Warsong Wolf,Nagrand - Draenor,Wolf,,,
81774,Injured Stalker,Shadowmoon Valley - Draenor,Wolf,,,
81898,Leatherhide Bull,Nagrand - Draenor,Clefthoof,,,Exotic
81902,Nagrand Prowler,Nagrand - Draenor,Wolf,,,
81983,Verdant Mandragora,The Everbloom (Dungeon),Hydra,,Located in The Everbloom (Dungeon).,Florafaun
82031,Pearlfur Grazer,Shadowmoon Valley - Draenor,Stag,,,
82037,Lunarfall Raven,Shadowmoon Valley - Draenor,Bird of Prey,,Phases out once your garrison is created (Alliance). Never visible to Horde.,
82050,Varasha,Spires of Arak,Hydra,True,Spawned by The Egg of Varasha event.,
82116,Tall Buck,Nagrand - Draenor,Stag,True,,
82119,Banthar,Nagrand - Draenor,Clefthoof,True,,Exotic
82175,Silverwing Kaliri,Shadowmoon Valley - Draenor,Bird of Prey,,,
82192,Glittering Mothling,Shadowmoon Valley - Draenor,Moth,,Has spectral effect which is lost upon taming.,
82205,Lupe,Nagrand - Draenor,Wolf,True,,
82209,Loup,Nagrand - Draenor,Wolf,True,,
82258,Phantom Pearltusk,Shadowmoon Valley - Draenor,Mammoth,,The Phantom Pearltusk with this ID has a white ghostly effect that is lost upon taming. It can be found just south of the Burial Fields.,
82307,Shadowmoon Packleader,Shadowmoon Valley - Draenor,Wolf,,Lacks the idle sounds of many wolves of this type.,
82308,Shadowmoon Stalker,Shadowmoon Valley - Draenor,Wolf,,New Mag'har Orc hunters begin with this pet. It is also This beast is unusual in that it is the starter pet for Mag'har Orcs as well as a wild beast that can be tamed by any hunter. No other racial starter pet has an ID that is also available for general taming.,
82310,Stonehide Riverbeast,Ashran (Battleground),Riverbeast,,Located in Ashran (Battleground).,
82312,Young Windroc,Nagrand - Draenor,Bird of Prey,,,
82323,Moonglow Sporebat,Shadowmoon Valley - Draenor,Sporebat,,,
82354,Seacliff Kaliri,Shadowmoon Valley - Draenor,Bird of Prey,,,
82356,Deathweb Hatchling,Talador,Spider,,Spawn during combat with Deathweb Crawler in the back of the cave.,
82370,Swamplighter Worker,Shadowmoon Valley - Draenor,Wasp,,,
82371,Swamplighter Drone,Shadowmoon Valley - Draenor,Wasp,,,
82411,Darktalon,Shadowmoon Valley - Draenor,Bird of Prey,True,,
82452,Ancient Pearltusk,Shadowmoon Valley - Draenor,Mammoth,,,
82513,Void-Touched Charger,Shadowmoon Valley - Draenor,Stag,,Void aura lost upon taming.,
82514,Darktalon Young,Shadowmoon Valley - Draenor,Bird of Prey,,,
82515,Darktalon Hatchling,Shadowmoon Valley - Draenor,Bird of Prey,,,
82530,Mandragora,Tanaan Jungle (Warlords of Draenor Intro Phase),Hydra,,Located in Tanaan Jungle (Warlords of Draenor Intro Phase).,Florafaun
82535,Void-Touched Stalker,Shadowmoon Valley - Draenor,Wolf,,,
82616,Jabberjaw <Devourer of Ogres>,Frostfire Ridge,Worm,True,,Exotic
82617,Slogtusk the Corpse-Eater,Frostfire Ridge,Boar,True,Inside a large cave.,
82632,Spineslicer,Spires of Arak,Ravager,True,,
82646,Venombarb,Spires of Arak,Chimaera,True,,Exotic
82722,Putrid Mandragora,Spires of Arak,Hydra,,,Florafaun
82726,Surly Bogwallow,Spires of Arak,Boar,,,
82728,Agitated Piglet,Spires of Arak,Boar,,,
82758,Greatfeather,Nagrand - Draenor,Bird of Prey,True,,
82778,Gnarlhoof the Rabid,Nagrand - Draenor,Stag,True,On an overlook at south end of Gorge. Glowing eyes and smoke effects lost upon taming.,
82828,Displaced Kaliri,Spires of Arak,Bird of Prey,,,
82829,Displaced Kaliri,Spires of Arak,Bird of Prey,,,
82905,Lazymaw Riverbeast,Gorgrond,Riverbeast,,,
82912,Grizzlemaw,Nagrand - Draenor,Wolf,True,,
82933,The Ebon Hunter,Spires of Arak,Water Strider,True,,Exotic
83389,Ironwing Flamespitter,Gorgrond; Iron Docks (Dungeon),Chimaera,,"Located in Iron Docks (Dungeon and Non-Instanced), Gorgrond; Iron Docks (Dungeon).",Exotic
83393,Typhon Scout,Gorgrond,Hydra,,,
83436,Putrid Axebeak,Spires of Arak,Bird of Prey,,,
83444,Electrified Stingtail,Spires of Arak,Wasp,,Electric effect lost upon taming.,
83447,Scavenger Wasp,Gorgrond,Wasp,,,
83448,Scavenging Crawler,Gorgrond,Aqiri,,,Exotic
83455,Twilight Riverbeast,Shadowmoon Valley - Draenor,Riverbeast,,"Appear mostly dead, with tentacular growths. Effect is lost upon taming.",
83483,Flinthide,Nagrand - Draenor,Clefthoof,True,,Exotic
83517,Stoneshard Ravager,Gorgrond,Ravager,,,
83520,Stoneshard Hunter,Gorgrond,Wasp,,,
83522,Hive Queen Skrikka,Gorgrond,Ravager,True,,
83530,Hyacinth Mandragora,Shadowmoon Valley,Hydra,,,Florafaun
83553,Insha'tar,Shadowmoon Valley - Draenor,Warp Stalker,True,Appears to the west of the Path of the Light.,
83591,Tura'aka,Nagrand - Draenor,Chimaera,True,,Exotic
83681,Buzzing Venomfly,Ashran (Battleground),Wasp,,"Located in Gorian Falls, Ashran (Battleground). Not found outside the battleground instance.",
83719,Wild Goreger,Ashran (Battleground),Boar,,Located in Ashran (Battleground). Not found outside the battleground instance.,
83720,Sporebat Darter,Ashran (Battleground),Sporebat,,Located in Ashran (Battleground). Found near the Amphitheater of Annihiliation. Not found outside the battleground instance.,
83740,Toxicfang Rylak,Spires of Arak,Chimaera,,,Exotic
83746,Rukhmar,Spires of Arak,Bird of Prey,,,
83804,Ashmaul Gutwrencher,Ashran (Battleground),Boar,,"Located in Brute's Rise, Ashran (Battleground). Not found outside the battleground instance.",
83815,Mastiff <Alliance Guard's Pet>,Ashran (Battleground),Hound,,"Located in Archmage Overwatch, Ashran (Battleground). Friendly to Alliance.",
83840,Sand Snapper,Ashran (Battleground),Crab,,Located in Ashran (Battleground). Not found outside the battleground instance.,
83841,Flat-Toothed Riverbeast,Ashran (Battleground),Riverbeast,,Located in Ashran (Battleground). Found on the beach roughly north of Brute's Rise and east of Warspear. It doesn't appear outside the battleground instance.,
83976,Dread Raven,Spires of Arak,Bird of Prey,,Ridden by Skyreach Dawnbreaker.,
83982,Dread Raven,Spires of Arak,Bird of Prey,,Ridden by Skyreach Dawntalon.,
83984,Dread Raven,Spires of Arak,Bird of Prey,,Ridden by Skyreach Tempest-Keeper.,
84002,Darkwing Matron,Shadowmoon Valley - Draenor,Chimaera,,,Exotic
84013,Darting/Energized Swift Feather,Spires of Arak,Bird of Prey,,,
84083,Dread Raven,Spires of Arak,Bird of Prey,,,
84097,Boneshallow Spider,Ashran (Battleground),Spider,,"Located in Ashmaul Burial Grounds, Ashran (Battleground). Not found outside the battleground instance.",
84102,Cadaverous Vulture,Ashran (Battleground),Bird of Prey,,"Located in Ashmaul Burial Grounds, Ashran (Battleground). Not found outside the battleground instance.",Undead
84151,Gorge Rylak,Gorgrond,Chimaera,,,Exotic
84190,Boneshallow Spider,Ashran (Battleground),Spider,,"Located in Ashmaul Burial Grounds, Ashran (Battleground). On walls inside buildings. Not found outside the battleground instance.",
84233,Thrashtalon Vulture,Gorgrond,Carrion Bird,,,
84341,Moonshell Crawler,Shadowmoon Valley - Draenor,Crab,,,
84391,Crimson Mandragora,Gorgrond,Hydra,,,Florafaun
84399,Vicious Mandragora,The Everbloom (Dungeon),Hydra,,Located in The Everbloom (Dungeon).,Florafaun
84403,Plaguebloom,Nagrand,Hydra,True,,Florafaun
84406,Mandrakor,Gorgrond,Hydra,True,,Florafaun
84432,Glass Crab,Nagrand - Draenor,Crab,,,
84639,Sporebat,Nagrand - Draenor,Sporebat,,,
84640,Bog Strider,Nagrand - Draenor,Water Strider,,,Exotic
84642,Pond Skipper,Nagrand - Draenor,Water Strider,,,Exotic
84643,Deep Strider,Nagrand - Draenor,Water Strider,,,Exotic
84644,Vilewing Rylak,Ashran (Battleground),Chimaera,,"Located in Molten Quarry, Ashran (Battleground). Not found outside the battleground instance.",Exotic
84793,Frost Wolf,Frostfire Ridge,Wolf,,"Frozen, attacks when freed.",
84798,Icehoof Calf,Frostfire Ridge,Clefthoof,,Frozen. Attacks when freed.,Exotic
84799,Adolescent Snow Lurker,Frostfire Ridge,Worm,,Frozen. Attacks when freed.,Exotic
84805,Stonespite,Spires of Arak,Basilisk,True,,
84852,Heartsting Pollinator,Gorgrond,Wasp,,,
84856,Blightglow,Spires of Arak,Sporebat,True,,
84865,Widow Wasp,Spires of Arak,Wasp,,,
84866,Widow Wasp,Spires of Arak,Wasp,,,
84890,Festerbloom,Spires of Arak,Hydra,True,,Florafaun
84905,Stingtail Worker,Spires of Arak,Wasp,,,
84909,Stingtail Drone,Spires of Arak,Wasp,,,
84912,Sunderthorn,Spires of Arak,Wasp,True,"Located east of Murkbog, west of Sethekk Hollow. She is spawned by killing the Stingtail wasps around her hive. If you find her wasps phase out (which happens in later quest phases) you can see and kill them from the periphery and tame her when she spawns.",
84919,Seacliff Kaliri,Shadowmoon Valley - Draenor,Bird of Prey,,Frozen in bubbles. Aggressive once released.,
84927,Darkwing Whelpling,Shadowmoon Valley - Draenor,Chimaera,,,Exotic
84955,Jiasska the Sporegorger,Spires of Arak,Hydra,True,Swamp area south-west of Pinchwhistle Point. Coated in mushrooms which vanish upon taming.,
85180,Irontusk Trampler,Gorgrond,Mammoth,,,
85184,Iron Banshee,Gorgrond,Chimaera,,,Exotic
85357,Darkwing Adolescent,Shadowmoon Valley - Draenor,Chimaera,,,Exotic
85403,Crimsonwing Wasp,Spires of Arak,Wasp,,,
85417,Sablewing Kaliri,Spires of Arak,Bird of Prey,,,
85429,Varashian Vilefang,Spires of Arak,Hydra,,,
85453,Thornscar Ravager,Spires of Arak,Ravager,,Ridden by Shattered Hand Flayer,
85516,Cliffscar Ravager,Gorgrond,Ravager,,,
85526,Amberspike Drone,Spires of Arak,Wasp,,,
85532,Swarmleaf Drone,Spires of Arak,Wasp,,,
85562,Skittering Doomstinger,Gorgrond,Scorpid,,,
85564,Jungle Axebeak,Gorgrond,Bird of Prey,,,
85565,Desert Wastetalon,Gorgrond,Raptor,,,
85693,Lernaea Vilescale,Gorgrond,Hydra,,,
85694,Mire Basilisk,Gorgrond,Basilisk,,,
85695,Mistcreep Stinger,Gorgrond,Wasp,,,
85743,Highlands Riverbeast,Gorgrond,Riverbeast,,,
85753,Kaliri Skyterror,Ashran (Battleground),Bird of Prey,,Located in Ashran (Battleground). Not found outside the battleground instance.,
85756,Onyx Ravager,Ashran (Battleground),Ravager,,Located in Ashran (Battleground). Not found outside the battleground instance.,
85760,Blooming Mandragora,Gorgrond,Hydra,,,Florafaun
85762,Highlands Calfling,Gorgrond,Riverbeast,,,
85779,Verdant Ravager,Gorgrond,Ravager,,,
85807,Weald Stinger,Gorgrond,Wasp,,,
85828,Blazing Mongrel,Talador,Hound,,,Undead
85856,Bloodthirsty Axebeak,Tanaan Jungle (Intro Phase),Bird of Prey,,Located in Tanaan Jungle (Intro Phase).,
85906,Riverbeast Whelp,Gorgrond,Riverbeast,,,
85907,Berthora,Gorgrond,Riverbeast,True,,
85970,Riptar,Gorgrond,Raptor,True,,
85979,Gorgrond Water Snake,Gorgrond,Serpent,,,
86000,Gentle Clefthoof,Frostfire Ridge,Clefthoof,,,Exotic
86134,Vicious Cave Basilisk,Gorgrond,Basilisk,,,
86150,Razorback Piglet,Spires of Arak,Boar,,,
86151,Razorback Sow,Spires of Arak,Boar,,,
86153,Juvenile Razorback,Spires of Arak,Boar,,,
86263,Venomous Ravager,Gorgrond,Ravager,,,
86264,Everbloom Wasp,Gorgrond,Wasp,,,
86265,Sulfurscale Hydra,Gorgrond,Hydra,,,
86266,Venolasix,Gorgrond,Hydra,True,,
86286,Bladefist Ravager,Spires of Arak,Ravager,,Some ridden by Shattered Hand Pit-Masters.,
86294,Bladefist Skitterer,Spires of Arak,Ravager,,,
86373,Ironwing Flamespitter,Frostfire Ridge,Chimaera,,,Exotic
86414,Nagrand Savager,Nagrand - Draenor,Wolf,,,
86423,Jungle Wastetalon,Gorgrond,Raptor,,,
86425,Gorgrond Wastetalon,Gorgrond,Raptor,,,
86455,Brood Mother Xylax,Spires of Arak,Ravager,True,The Brood Mother is Head south-west of the outside fighting area.,
86507,Taladorette,Talador,Spider,,Spawn during combat with Taladorantula.,
86520,Stompalupagus,Gorgrond,Clefthoof,True,,Exotic
86549,Steeltusk,Talador,Mammoth,True,,
86727,Thorncoat Talbuk,Nagrand - Draenor,Stag,,,
86729,Direhoof,Nagrand - Draenor,Stag,True,,
86730,Ironhide Clefthoof,Nagrand - Draenor,Clefthoof,,,Exotic
86731,Ironhide Bull,Nagrand - Draenor,Clefthoof,,,Exotic
86732,Bergruu,Nagrand - Draenor,Clefthoof,True,,Exotic
86741,Grand Elekk,Nagrand - Draenor,Mammoth,,,
86743,Dekorhan,Nagrand - Draenor,Mammoth,True,,
86747,Great Windroc,Nagrand - Draenor,Bird of Prey,,,
86748,Direbeak Windroc,Nagrand - Draenor,Bird of Prey,,,
86750,Thek'talon,Nagrand - Draenor,Bird of Prey,True,,
86757,Mistwing Harvester,Nagrand - Draenor,Moth,,,
86773,Deadly Gloomstalker,Nagrand - Draenor,Warp Stalker,,,
86774,Aogexon,Nagrand - Draenor,Warp Stalker,True,,
86780,Napestone Riverbeast,Tanaan Jungle (Intro Phase),Riverbeast,,Located in Tanaan Jungle (Intro Phase).,
86801,Young Silverpelt,Shadowmoon Valley - Draenor,Stag,,,
86810,Protective Shimmerwing Moth,Talador,Moth,,,
86833,Venombore Drone,Nagrand - Draenor,Wasp,,,
86834,Venombore Hive Guard,Nagrand - Draenor,Wasp,,,
86835,Xelganak,Nagrand - Draenor,Wasp,True,,
86847,Young Icehoof,Frostfire Ridge,Clefthoof,,,Exotic
86848,Young Riverwallow,Talador,Riverbeast,,,
86850,Young Rocktusk,Gorgrond,Boar,,,
86851,Young Snarler,Nagrand - Draenor,Wolf,,,
86852,Young Meadowstomper,Nagrand - Draenor,Mammoth,,,
86931,Direfang Prowler,Nagrand - Draenor,Wolf,,,
86932,Direfang Alpha,Nagrand - Draenor,Wolf,,,
87020,Wetland Riverbeast,Nagrand - Draenor,Riverbeast,,,
87021,Wetland Trampler,Nagrand - Draenor,Riverbeast,,,
87039,Marsh Anaconda,Nagrand - Draenor,Serpent,,,
87083,Great-Tusk,Shadowmoon Valley - Draenor,Mammoth,True,,
87084,Riplash,Gorgrond,Raptor,True,,
87085,Rakkiri,Frostfire Ridge,Bat,True,,
87086,Gezz'ran,Talador,Warp Stalker,True,,
87088,Darkwing Roc,Nagrand - Draenor,Bird of Prey,,,
87089,Moth of Wrath,Nagrand - Draenor,Moth,True,,
87107,Maimclaw,Nagrand - Draenor,Wolf,True,,
87250,Sandreaver Matriarch,Talador,Aqiri,,,Exotic
87251,Sandreaver,Talador,Aqiri,,,Exotic
87253,Sandreaver Drone,Talador,Aqiri,,,Exotic
87268,Sunset Crawler,Talador,Crab,,,
87283,Elder Sunset Crawler,Talador,Crab,,,
87343,Flamewing Skytalon,Frostfire Ridge,Chimaera,,,Exotic
87425,Tainted Lightwing,Shadowmoon Valley - Draenor,Moth,,Void aura lost upon taming.,
87649,Moonsong Dove,Shadowmoon Valley - Draenor,Bird of Prey,,,
87651,Ebonwing Kaliri,Shadowmoon Valley - Draenor,Bird of Prey,,,
87652,Ghost-Talon Owl,Shadowmoon Valley - Draenor,Bird of Prey,,,
87666,Mu'gra,Nagrand - Draenor,Riverbeast,True,,
87671,Midnight Kaliri,Shadowmoon Valley - Draenor,Bird of Prey,,,
87698,Rockhide Bull,Shadowmoon Valley - Draenor,Mammoth,,,
87699,Rockhide Calf,Shadowmoon Valley - Draenor,Mammoth,,"Wanders the wide plains to the north-west, west, and south-west of the Temple of Karabor. Only the dark-coloured ones seem to makes sounds when clicked.",
87700,Rockhide Grazer,Shadowmoon Valley - Draenor,Mammoth,,,
88075,Stonehide Riverbeast,Ashran,Riverbeast,,Can be found outside battleground area. Often found around the beaches of Stormshield and Warspear.,
88076,Sand Scavenger,Ashran,Crab,,Can be found outside battleground area. Often found around the beaches of Stormshield and Warspear.,
88150,Untamed Mandragora,Gorgrond,Hydra,,Summoned by the world boss Tarlna the Ageless.,Florafaun
88208,Pit Beast,Nagrand - Draenor,Pterrordax,True,"When present, it's just to the east, inside the entrance of the Proving Grounds.",Exotic
88481,Sandhide Watcher,Spires of Arak,Basilisk,,,
88489,Echidnaean Rockjaw,Spires of Arak,Hydra,,,
88495,Bloodtalon Raptor,Spires of Arak,Raptor,,,
88508,Rocktusk Patriarch,Gorgrond,Boar,,,
88523,Ravager Pit Fodder,Nagrand - Draenor,Ravager,,"Released from cages using Ogre Cage Key, taken from Bloodring Slavers. You, or someone with you, must have the once-only quest, Assault on the Gorian Proving Grounds to open a cage.",
88524,Larva Pit Fodder,Nagrand - Draenor,Worm,,"Released from cages using Ogre Cage Key, taken from Bloodring Slavers. You, or someone with you, must have the once-only quest, Assault on the Gorian Proving Grounds to open a cage.",Exotic
88525,Reaver Pit Fodder,Nagrand - Draenor,Aqiri,,"Released from cages using Ogre Cage Key, taken from Bloodring Slavers. You, or someone with you, must have the once-only quest, Assault on the Gorian Proving Grounds to open a cage.",Exotic
88578,Crimsonbarb Ravager,Spires of Arak,Ravager,,,
88579,Pridelands Stalker,Spires of Arak,Cat,,,
88586,Mogamago,Gorgrond,Riverbeast,True,,
88587,Darkbeak Kaliri,Spires of Arak,Bird of Prey,,,
88589,Pridelands Goretusk,Spires of Arak,Boar,,,
88630,Bonespike Ravager,Spires of Arak,Ravager,,,
88643,Viletongue Rylak,Spires of Arak,Chimaera,,,Exotic
88669,Lowland Mirebeast,Spires of Arak,Riverbeast,,,
88674,Darkhide Leaper,Spires of Arak,Hopper,,,
88677,Whitebreast Diver,Spires of Arak,Bird of Prey,,,
88708,Gara,Shadowmoon Valley - Draenor,Spirit Beast,True,"Gara is not immediately tameable, but involves a complex quest, starting with a different version of the NPC.",Exotic
88710,Lost Netherwolf,Shadowmoon Valley - Draenor,Spirit Beast,,"This wolf is intended as a replacement for hunters who have tamed and then released / lost Gara. She isn't tameable by anyone else. Found only when in the shadow realm, north-west of Karabor.",Exotic
88922,Surfrider Crab,Tanaan Jungle,Crab,,"Phased out in 6.2 phase, but can be seen and pulled out of phase along the north-west shore of the zone.",
88926,Spiny Siltshell,Gorgrond; Talador,Crab,,,
88951,Vileclaw,Nagrand - Draenor,Raptor,True,,
88956,Vicious Razorclaw,Nagrand - Draenor,Raptor,,,
88957,Young Razorclaw,Nagrand - Draenor,Raptor,,,
89014,Grassland Heron,Azsuna,Waterfowl,,,
89031,Typhon Broodmother,Gorgrond,Hydra,,,
89216,Clearwater Sandcrawler,Talador,Crab,,,
89244,Ironhoof Trampler,Frostfire Ridge; Shadowmoon Valley - Draenor,Mammoth,,"Located in Frostwall & Lunarfall (Garrisons), Frostfire Ridge; Shadowmoon Valley - Draenor. The Ironhoof Trampler appears in the final stage of an Iron Horde garrison invasion, ridden by the final boss. It is tameable but at high level you may have difficulty taking aggro from the other NPCs without killing it.",
89288,Scuttleback Pincher,Azsuna,Crab,,,
89384,Wild Manarunner,Azsuna,Courser,,,
89385,Azsuna Fox,Azsuna,Fox,,,
89386,Cliffwing Hippogryph,Azsuna,Feathermane,,,Feathermane
89391,Cursefeather Owl,Azsuna,Bird of Prey,,,
89393,Azsuna Mana Wyrm,Azsuna,Serpent,,,
89652,Shallows Heron,Azsuna,Waterfowl,,,
89653,Gangamesh,Azsuna,Hydra,True,,
89688,Hulking Diretusk,Tanaan Jungle,Boar,,,
89689,Diresnout Felboar,Tanaan Jungle,Boar,,"Located in Hellfire Citadel (Non-Instanced), Tanaan Jungle.",
89696,Horned Leatherback,Azsuna,Turtle,,,
89697,Swamp Python,Tanaan Jungle,Serpent,,,
89718,Greater Axebeak,Tanaan Jungle,Bird of Prey,,,
89741,Bloodfang Ravager,Tanaan Jungle,Ravager,,,
89742,Scaleclaw Devourer,Tanaan Jungle,Raptor,,,
89744,Scaleclaw Lashtail,Tanaan Jungle,Raptor,,,
89745,Scaleclaw Hatchling,Tanaan Jungle,Raptor,,,
89749,Marsh Gulper,Tanaan Jungle,Hopper,,,
89756,Undergrowth Lurker,Tanaan Jungle,Spider,,,
89788,Direwing Predator,Tanaan Jungle,Bat,,,
89789,Bloodfang Swarmer,Tanaan Jungle,Wasp,,,
89791,Demonfang Crawler,Tanaan Jungle,Spider,,,
89829,Highcrag Eagle,Stormheim,Bird of Prey,,,
89837,Icespine Drone,Frostfire Ridge,Wasp,,Groups of these spawn if you run over the Frostburst Eggs located near Hivelord Ik'rix.,
89891,Dragon Turtle,Azsuna,Turtle,,,
90057,Daggerbeak,Azsuna,Feathermane,True,,Feathermane
90124,Emberhide Warbeast,Tanaan Jungle,Clefthoof,,Grom'kar Leadslinger rider will dismount once beast is tamed.,Exotic
90134,Llothien Grizzly,Azsuna,Bear,,,
90245,Highlands Axebeak,Tanaan Jungle,Bird of Prey,,,
90313,Llothien Prowler,Azsuna,Feathermane,,,Feathermane
90480,Tormented Stagwing,Azsuna,Feathermane,,,Feathermane
90517,Felbound Wolf,Tanaan Jungle,Wolf,,"Initially an aberration, not a beast. Made tameable by applying a Vial of Fel Cleansing. The vial can be looted from Fel Rangari Anaara along the southern shore of Tanaan Jungle.",
90782,Rasthe <Son of Sethe>,Tanaan Jungle,Wind Serpent,True,"Rasthe remains transparent after taming, but loses its other spectral and aura effects.",Undead
90816,Skystormer <The Unruly>,Feralas,Feathermane,True,Appears on the western side of the area. Spawns after using /pat on an indeterminate number of Frayfeather hippogryphs.,Feathermane
90901,Pridelord Meowl,Azsuna,Feathermane,True,,Feathermane
91050,Canopy Axebeak,Tanaan Jungle,Bird of Prey,,,
91128,Lagoon Basilisk,Azsuna,Basilisk,,,
91250,Iron Warwolf,Tanaan Jungle,Wolf,,,
91265,Llothien Fox,Azsuna,Fox,,,
91267,Llothien Kit,Azsuna,Fox,,,
91269,Llothien Owl,Azsuna,Bird of Prey,,,
91308,Equine Sunrunner,Azsuna,Courser,,,
91314,Crimson Stinger,Tanaan Jungle,Scorpid,,,
91384,Helhound,Helheim,Hound,,,Undead
91386,Guarm,Helheim,Hound,True,,
91423,Hillstalker Worg,Stormheim,Wolf,,,
91527,Dread Falke,Helheim,Bird of Prey,,,Undead
91539,Fel Raven,Hellfire Citadel (Raid),Bird of Prey,,Located in Hellfire Citadel (Raid).,
91569,Volatile Bear,Stormheim,Bear,,,
91707,Burning Hound,Talador,Hound,,,Undead
91715,Azsunian Kingfeather,Azsuna,Bird of Prey,,,
91717,Azsunian Oliveback,Azsuna,Bird of Prey,,,
91824,Bluffwalker Goat,Stormheim,Gruffhorn,,,
91847,Risen Hound,Val'sharah,Hound,,,Undead
91916,Spiked Rockworm,Ashran (Battleground),Worm,,"Located in Amberlight Cavern, Ashran (Battleground). Not found outside the battleground instance.",Exotic
92040,Fenri,Helheim,Hound,True,,
92117,Gorebeak,Val'sharah,Carrion Bird,True,"This bird is summoned by speaking to Lorel Sagefeather, but you can only do so if you haven't completed her quest event, Gorebeak, previously.",
92332,Hulking Gnarlvine,Val'sharah,Hydra,,,Florafaun
92429,Broodlord Ixkor,Tanaan Jungle,Ravager,True,,
92599,Bloodstalker Alpha,Stormheim,Wolf,,"Part of ""Worg Pack"" vignette above cliffs, west of Aggramar's Vault.",
92600,Bloodstalker,Stormheim,Wolf,,"Part of ""Worg Pack"" vignette above cliffs, west of Aggramar's Vault.",
92606,Sylissa <Marshwater Queen>,Tanaan Jungle,Serpent,True,,
92607,Python Hatchling,Tanaan Jungle,Serpent,,,
92627,Rendrak,Tanaan Jungle,Bat,True,,
92694,The Goreclaw,Tanaan Jungle,Raptor,True,,
92707,Lowlands Goat,Val'sharah,Gruffhorn,,,
92735,Resting Dauorbjorn,Azsuna,Bear,,In a cave on the eastern side.,
92875,Diretusk Piglet,Tanaan Jungle,Boar,,,
92876,Diretusk Sow,Tanaan Jungle,Boar,,,
92887,Steelsnout,Tanaan Jungle,Boar,True,,
92912,Swoopfisher Gull,Tanaan Jungle,Bird of Prey,,,
92937,Soul Fragment,Tanaan Jungle,Wind Serpent,True,"Summoned by Rasthe during combat. It remains transparent after taming, but loses its other spectral and aura effects.",Undead
92956,Attack Mastiff,Stormheim,Hound,,Friendly to Alliance.,
92979,Thundertail Riverbeast,Tanaan Jungle,Riverbeast,,,
92981,Adolescent Thundertail,Tanaan Jungle,Riverbeast,,,
93002,Magwia,Tanaan Jungle,Riverbeast,True,,
93003,Tanaan Gloomhunter,Tanaan Jungle,Warp Stalker,,,
93058,Fathomless Skitterer,Tanaan Jungle,Crab,,,
93064,Black Rook Falcon,Val'sharah,Bird of Prey,,,Undead
93095,Voracious Bear,Stormheim,Bear,,,
93226,Fathomless Mauler,Tanaan Jungle,Crab,,,
93236,Shadowthrash,Tanaan Jungle,Warp Stalker,True,,
93313,Gleamhoof Stag,Val'sharah,Stag,,,
93314,Gleamhoof Doe,Val'sharah,Stag,,,
93316,Gleamhoof Fawn,Val'sharah,Stag,,,
93318,Ashmaw Mauler,Val'sharah,Bear,,,
93327,Frenzybound Stag,Val'sharah,Stag,,,
93328,Frenzybound Doe,Val'sharah,Stag,,,
93329,Frenzybound Doe,Val'sharah,Stag,,,
93330,Gorecrazed Mauler,Val'sharah,Bear,,,
93333,Painwracked Streaker,Val'sharah,Bird of Prey,,,
93856,Mountainstrider Bull,Highmountain,Stag,,,
93952,Fel Raven,Hellfire Citadel (Raid),Bird of Prey,,Located in Hellfire Citadel (Raid).,
94009,Black Rook Falcon,Val'sharah,Bird of Prey,,,Undead
94098,Icefang Howler,Highmountain,Wolf,,,
94149,Pinerock Prowler,Highmountain,Cat,,,
94151,Pinerock Elderhorn,Highmountain,Stag,,,
94196,Cursed Prowler,Highmountain,Cat,,,
94198,Soothoof Hillstrider,Highmountain,Gruffhorn,,,
94238,Skittish Doe,Highmountain,Stag,,,
94383,Rotbeak,Val'sharah,Bird of Prey,True,,Undead
94386,Cursed Elderhorn,Highmountain,Stag,,,
94495,Dread Raven,Spires of Arak,Bird of Prey,,,
94687,Infectious Worm,Highmountain,Worm,,,Exotic
94694,Morashu,Highmountain,Stag,True,,
94708,Storm Hawk,Stormheim,Bird of Prey,,"Located in Shield's Rest (BM Artifact Instance), Stormheim.",
94718,Greater Raven,Stormheim,Carrion Bird,,"Located in Shield's Rest (BM Artifact Instance), Stormheim.",
94986,Fleshrender Roc,Highmountain,Bird of Prey,,,
95043,Young Mountainstrider,Highmountain,Stag,,"Quest phase, ""The Drogbar"" / ""Grasp of the Underking"". Carried by some Bitestone Raiders.",
95053,Deathtalon <Avatar of Iskar>,Tanaan Jungle,Bird of Prey,True,,
95268,Highland Elderhorn,Highmountain,Stag,,,
95270,Bewitched Bear,Highmountain,Bear,,,
95305,Ironfang Stalker,Tanaan Jungle,Wolf,,,
95327,Doomwing Rylak,Tanaan Jungle,Chimaera,,,Exotic
95328,Fel Raven,Tanaan Jungle,Bird of Prey,,Flies circuits around Hellfire Citadel. They are very hard to engage and you're better taming one from inside the raid.,
95615,Iron War Rylak,Gorgrond,Chimaera,,"Located in Iron Docks (Non-Instanced 6.2 Quest Phase), Gorgrond.",Exotic
95762,Irewing,Highmountain,Bird of Prey,True,"Can't be attacked unless activated by the quest Scout it Out. You either need to be on that quest, or get the help of someone who is, in order to interact with it. Once summoned you might have to fight your NPC assistants for aggro. Using a freezing trap may stop them attacking Irewing, and hunters have also been successful by landing on a tree that the NPCs can't reach.",
95951,Dreadsting Lurker,Val'sharah,Wasp,,,
96021,King Azureback,Highmountain,Scorpid,,,
96146,Bristlefur Bear,Highmountain,Bear,,,
96265,Ashpaw Fox,Highmountain,Fox,,,
96266,Pale Elderhorn,Highmountain,Stag,,,
96267,Rockhorn Stag,Highmountain,Stag,,,
96268,Mountain Prowler,Highmountain,Cat,,,
96287,Great Cavernbat,Highmountain,Bat,,,
96410,Majestic Elderhorn,Highmountain,Stag,,,
96608,Ebonclaw Worg,Halls of Valor (Dungeon),Wolf,,"Located in Fields of the Eternal Hunt, Halls of Valor (Dungeon).",
96611,Angerhoof Bull,Halls of Valor (Dungeon),Oxen,,"Located in Fields of the Eternal Hunt, Halls of Valor (Dungeon).",
96878,Catacomb Gazecrawler,Highmountain,Basilisk,,,
97030,Leygazer,Val'sharah,Basilisk,True,"Cave by sea, SW of Black Rook Hold.",
97091,Duskpelt Snarler,Stormheim,Wolf,,,
97119,Shroud Hound,Maw of Souls (Dungeon),Hound,,"Located in The Naglfar, Maw of Souls (Dungeon). Found in the ship after the first boss.",Undead
97124,Spitefeather,Stormheim,Bird of Prey,True,Summoned for the quest Rigging the Wager. He can be tamed by someone other than the summoner.,
97163,Cursed Falke,Maw of Souls (Dungeon),Bird of Prey,,Located in Maw of Souls (Dungeon).,Undead
97220,Arru <The Terror>,Highmountain,Bear,True,In a cave just south-east of Windripper Peak.,
97345,Crawshuk the Hungry,Highmountain,Bird of Prey,True,,
97449,Bristlemaul,Highmountain,Bear,True,,
97454,Rashar,Highmountain,Cat,True,In a cave.,
97494,Thornback Spinner,Highmountain,Spider,,,
97504,Wraithtalon,Val'sharah,Feathermane,True,"Wraithtalon circles a small ridge above a cave, east of Shala'nir. Its corrupted effects are lost upon taming.",Feathermane
97516,Foothills Greatstag,Stormheim,Stag,,,
97677,Barbed Spiderling,Vault of the Wardens (Dungeon),Spider,,"Located in Tomb of the Penitent, Vault of the Wardens (Dungeon).",
97755,Galecrested Eagle,Stormheim,Bird of Prey,,,
97809,Coastal Seagull,Stormheim,Bird of Prey,,,
97828,Silvertail Mountain Goat,Stormheim,Gruffhorn,,,
97895,Duskwing Shrieker,Highmountain,Bat,,,
97926,Coralback Scuttler,Highmountain,Crab,,,
97928,Tamed Coralback,Highmountain,Crab,True,Ridden by Crab-Rider Grmlrml.,
97957,Icefang Packleader,Highmountain,Wolf,,,
97976,Bonebeak Hawk,Highmountain,Bird of Prey,,,
97991,Misthunter Basilisk,Stormheim,Basilisk,,"Located in Helmouth Shallows (Survival Artifact Quest Instance), Stormheim.",
98038,Fledgling Rockcrawler,Highmountain,Worm,,,Exotic
98273,Icefang Howler,Highmountain,Wolf,,,
98653,Manaspine Basilisk,Highmountain,Basilisk,,,
98743,Cursedwing Guardian,Highmountain,Bird of Prey,,,
98759,Vicious Manafang,The Arcway (Dungeon),Spider,,"Located in Nal'tira's Lair, The Arcway (Dungeon). Vicious Manafangs with this ID are found with Nal'tira before combat. Taming this spider may prevent the boss, Nal'tira, from descending, so the fight cannot be completed.",
98808,Sated Hillstrider,Highmountain,Gruffhorn,,,
98884,Bewitched Elderhorn,Highmountain,Stag,,,
98890,Slumber,Highmountain,Bear,True,,
98957,Coldscale Deatheye,Highmountain,Basilisk,,,
99222,Cliffwing Hippogryph,Azsuna,Feathermane,,,Feathermane
99481,Pinerock Stalker,Highmountain,Cat,,,
99504,Deepwater Spikeback,Suramar,Crab,,,
99598,Axetail Basilisk Matriarch,Azsuna,Basilisk,True,"Cave by stream, near Llothien Prowlers.",
99636,Highpeak Goat,Highmountain,Gruffhorn,,The grey version of this goat doesn't make sounds when clicked.,
99647,Snowfoot Fox,Highmountain,Fox,,,
99675,Enormous Stone Quilen,Vault of the Wardens (Dungeon),Stone Hound,,"Located in The Demon Ward, Vault of the Wardens (Dungeon). In the second set of prisoners released in the Inquisitor Tormentorum fight.",Exotic
99720,Coastal Spikeback,Suramar,Crab,,,
99749,Moonlight Hunter,Suramar,Cat,,,
99779,Stonespine Gazer,Suramar,Basilisk,,,
99793,Leyscale Manalisk,Suramar,Basilisk,,,
100100,Axetail Basilisk,Suramar,Basilisk,,,
100328,Bound Prowler,Highmountain,Cat,,Summoned during Hexweaver Akara fight.,
100409,Dusky Howler,Val'sharah,Wolf,,,
100411,Ravenous Stormcrow,Val'sharah,Carrion Bird,,,
100496,Silvered Streaker,Val'sharah,Bird of Prey,,,
100838,Thunderhorn,Stormheim,Oxen,True,Retains the lightning effect on its horns after taming.,
100841,Spinesever,Highmountain,Basilisk,True,,
100846,Leytusk,Azsuna,Boar,True,,
100890,Jandvik Ripfang,Suramar,Wolf,,"Must be tamed before you complete the quest, Removing Obstacles in Jandvik. After that point the NPCs can no longer be attacked.",
101077,Sekhan,Highmountain,Cat,True,,
101110,Warp Ray,Suramar,Ray,,Can be reached via Oculeth's teleporters when attempting to go to the Library.,
101554,Spikebacked Scuttler,Azsuna,Crab,,,
101580,Tanzanite Skitterer,Suramar,Shale Beast,,,Exotic
101581,Tanzanite Borer,Suramar,Shale Beast,,"Found in a cave just north of Tel'anor. The entrance is just above in the ""N"" in Tel'anor on the zone map.",Exotic
101624,Adult Truesilver Crab,Northern Stranglethorn,Crab,True,"Inside the hold of a shipwreck, just off the coast from Grom'gol Base Camp.",
101785,Steelgaze Basilisk,Highmountain,Basilisk,,,
101971,Skeletal Misthound,Highmountain,Hound,,,Undead
102091,Slithering Swampserpent,Highmountain,Serpent,,,
102093,Winged Swampserpent,Highmountain,Wind Serpent,,,
102106,Starving Basilisk,Highmountain,Basilisk,,"In the Echoing Halls. Only present when world quest, ""Prisoners of Greystone"" is active.",
102263,Skorpyron,The Nighthold (Raid),Scorpid,True,Located in The Nighthold (Raid). Taming Skorpyron may cause the room to remain locked.,
102361,Boilback Bristlefur,Highmountain,Bear,,"Only present when world quest, Boilback Plague is active.",
102385,Bristlefur Bear,Highmountain,Bear,,"Present when world quest, Boilback Plague is active.",
102415,Suramar Skyhunter,Suramar,Bird of Prey,,,
102515,Saltbeak Snapper,Val'sharah,Turtle,,,
102516,Tidescuttler,Azsuna,Crab,,,
102741,Highcliff Gull,Highmountain,Bird of Prey,,,
102819,Sashj'tar Pincher,Suramar,Crab,,,
102918,Harvest Worm,Highmountain,Worm,,"Spawns when collecting ""Jumping"" vegetables during World Quest ""Critical Crops"".",Exotic
102960,Glitterpool Heron,Suramar,Waterfowl,,,
103045,Plaguemaw,Maw of Souls (Dungeon),Bird of Prey,True,"Located in The Hold, Maw of Souls (Dungeon). Only found when the world quest Maw of Souls: From Hell's Mouth is active.",Undead
103079,Highmountain Eagle,Highmountain,Bird of Prey,,,
103217,Crystalline Scorpid,The Nighthold (Raid),Scorpid,,Located in The Nighthold (Raid). Spawns during Skorpyron fight.,
103326,Mana Saber,Suramar,Spirit Beast,,,Exotic
103497,Feathermane Hunter,Suramar,Feathermane,,,Feathermane
103514,Leystone Basilisk,Stormheim; Suramar,Basilisk,,"Stormheim southern coast, west of Blackhawk's Bulwark. A cave under a waterfall in Tel'anor in Suramar.",
103527,Manascale Basilisk,Suramar,Basilisk,,,
103540,Starclutch Screecher,Suramar,Bird of Prey,,,
103549,Wild Moonfall Hippogryph,Suramar,Feathermane,,Two other NPCs with the same name are not tameable.,Feathermane
103563,Riding Wolf,Stormsong Valley,Wolf,,"Spawns when you attack an Orc Raider at Brennadam Square. Alliance hunters can tame it the usual way, but it is friendly to Horde and can only be tamed by Horde hunters using the toy ""N'lyeth, Sliver of N'Zoth"" while in War Mode, which allows them to attack Horde NPCs in the area.",
103592,Bonebeak Hawk,Highmountain,Bird of Prey,,,
103605,Shroudseeker,Maw of Souls (Dungeon),Hound,True,Located in Maw of Souls (Dungeon). Only present on days when the world quest Maw of Souls: Return of the Beas is active.,Undead
103616,Moonwhisper Stalker,Suramar,Cat,,,
103639,Ivory Tufted Crane,Suramar,Waterfowl,,,
103681,Well-Fed Ironhorn Bull,Highmountain,Stag,,"Spawns at the site of the ""Slab of Bacon"" world quest if it's in Highmountain.",
103785,Well-Fed Bear,Val'sharah,Bear,True,"Spawns at the site of the ""Slab of Bacon"" world quest if it's in Val'sharah.",
103786,Well-Fed Musken,Stormheim,Oxen,,"Spawns at the site of the ""Slab of Bacon"" world quest if it's in Stormheim.",
103787,Baconlisk,Suramar,Basilisk,True,"Baconlisk is only present when the ""Slab of Bacon"" world quest is up in Suramar. The location of this NPC can vary, so check the quest marker on the zone map for its current position.",
103805,Sablehorn Doe,Suramar,Stag,,,
103808,Managazer,Suramar,Basilisk,True,In a cave.,
103817,Tufted Crane Chick,Suramar,Waterfowl,,,
103841,Shadowquill,Suramar,Bird of Prey,True,,
104147,Nightmarish Grizzly,Suramar,Bear,,,
104224,Suramar Snarler,Suramar,Wolf,,,
104226,Gloomfang,Suramar,Wolf,True,,
104310,Skawn <Agna's Companion>,Highmountain,Bird of Prey,,"Only present during world quest, ""Retake the Skyhorn"".",
104323,Feltotem Bonehound,Highmountain,Hound,,,Undead
104404,Thicket Hunter,Suramar,Cat,,,
104481,Ala'washte,Highmountain,Bird of Prey,True,Only present on days when the world quest DANGER: Ala'washte is active.,
104585,Brinescuttle Crab,Highmountain,Crab,,"Present during the world quest, ""Crabby Crunchies"".",
104815,Jojo the Palestrider,Azsuna,Courser,True,,
104895,Felslate Basilisk,The Broken Isles,Basilisk,,"Random spawn while mining felslate in any zone. May also appear outside nodes, in large numbers, when the mining World Quest is active. You may need someone with mining to tell you when it is.",
105014,Territorial Croaker,Suramar,Hopper,,,
105104,Greyhorn Goat,Val'sharah,Gruffhorn,,,
105531,Dread Falke,Stormheim,Bird of Prey,,,Undead
105532,Helhound,Stormheim,Hound,,,Undead
105547,Rauren <Owlkitten Matron>,Suramar,Feathermane,True,,Feathermane
105585,Shardback Spiderling,Suramar,Shale Beast,,,Exotic
105613,Shardback Skitterer,Suramar,Shale Beast,,,Exotic
105644,Penned 'Monohorn',Suramar,Courser,,,
105756,Leyline Spiderling,Suramar,Spider,,Found extensively in the non-instanced version of the Falanaar Tunnels.,
105838,Redcrested Heron,Azsuna,Waterfowl,,,
105876,Enchanted Broodling,The Arcway (Dungeon),Spider,,"Located in Nal'tira's Lair, The Arcway (Dungeon). Taming this spider may prevent the boss, Nal'tira, from descending, so the fight cannot be completed.",
105884,Spellwyrm,Suramar,Serpent,,,
106192,Pale Icecarver,Highmountain,Worm,,,Exotic
106309,Sylvan Strider,Val'sharah,Water Strider,,,Exotic
106311,Venomous Spiderling,The Emerald Nightmare (Raid),Spider,,"Located in Mulgore, The Emerald Nightmare (Raid). This spider spawns as an add during the roc phase of the Elerethe Renferal fight, when you step on the web bridges.",
106467,Vale Bear,Val'sharah,Bear,,,
106630,Burrowing Leyworm,Azsuna,Shale Beast,,,Exotic
106665,Ualair,Azsuna,Shale Beast,True,"Spawns during the world quest Leyhollow Infestation, after you complete the first stage.",Exotic
106804,Suramar Grizzly,Suramar,Bear,,,
106837,Sablehorn Stag,Suramar,Stag,,,
106920,Feathered Prowler,Azsuna,Feathermane,,,Feathermane
107098,Flashwyrm,Azsuna,Serpent,,,
107102,Felsurge Spiderling,Azsuna,Spider,,,
107103,Felsurge Webspinner,Azsuna,Spider,,,
107398,Moonfall Stalker,Suramar,Spider,,Spawns during the quest Breaking the Seal.,
107431,Weaponized Rabbot,Dun Morogh,Mechanical,True,On the south side of Crushcog's Arsenal.,Mechanical
107440,Felsurge Hunter,Azsuna,Spider,,Often stealthed until you approach an egg.,
107459,Venomous Spiderling,The Emerald Nightmare (Raid),Spider,,"Located in Mulgore, The Emerald Nightmare (Raid). Spawns during the spider phase of the Elerethe Renferal fight, when she ascends into the web and casts ""Feeding Time"".",
107477,N.U.T.Z.,Azshara,Mechanical,True,Find the Intern's Journal and follow the steps.,Mechanical
107487,Starbuck,Stormheim,Stag,True,Appears just west of the Storm's Reach isthmus.,
107503,Spinetusk Piglet,Highmountain,Boar,,,
107552,War-Iron Axebeak,Tanaan Jungle,Mechanical,,,Mechanical
107595,Grimrot,Felwood,Bear,True,"Spawns during the day. A different version with a diseased, black appearance spawns at night.",
107596,Grimrot,Felwood,Bear,True,Spawns at night. A different version with a grey appearance spawns during the day.,
107617,Ol' Muddle,The Hinterlands,Bear,True,,
107663,Domesticated Goat,Stormheim,Gruffhorn,,,
107667,Crimson Rockshell,Stormheim,Crab,,,
107669,Starving Wolf,Stormheim,Wolf,,,
107676,Blue Juggernaut,Siege of Orgrimmar (Raid),Mechanical,,"Located in Siege of Orgrimmar (Raid). Combine a Pile of Juggernaut Parts, Blackfuse's Power Core and a Bucket of Blue Paint to create this NPC. Not in the Raid Finder version.",Mechanical
107677,Green Juggernaut,Siege of Orgrimmar (Raid),Mechanical,,"Located in Siege of Orgrimmar (Raid). Combine a Pile of Juggernaut Parts, Blackfuse's Power Core and a Bucket of Green Paint to create this NPC. The paint is hidden in the Shadow Cleft in the raid. Not in the Raid Finder version.",Mechanical
107678,Teal Juggernaut,Siege of Orgrimmar (Raid),Mechanical,,"Located in Siege of Orgrimmar (Raid). Combine a Pile of Juggernaut Parts, Blackfuse's Power Core and a Bucket of Teal Paint to create this NPC. Not in the Raid Finder version.",Mechanical
107679,Grey Juggernaut,Siege of Orgrimmar (Raid),Mechanical,,"Located in Siege of Orgrimmar (Raid). Combine a Pile of Juggernaut Parts, Blackfuse's Power Core and a Bucket of Grey Paint to create this NPC. The paint is hidden in the tunnel between the Paragons and Garrosh. Not in the Raid Finder version.",Mechanical
107753,Duskpelt Alpha,Stormheim,Wolf,,,
107755,Amberfall Doe,Stormheim,Stag,,,
107758,Amberfall Greatstag,Stormheim,Stag,,,
107778,Mana-Engorged Spiderling,Dalaran (Broken Isles),Spider,,Located in Dalaran (Broken Isles). Appears in large numbers when an occasionally-spawning Rotten Egg is destroyed in the Underbelly.,
107803,Wild Plains Runehorn,Stormheim,Oxen,,,
107805,Plains Runehorn Bull,Stormheim,Oxen,,,
107808,Plains Runehorn Calf,Stormheim,Oxen,,,
107811,Vile Weaver,Suramar,Spider,,,
107836,A-Me 02,Un'Goro Crater,Mechanical,True,"Found deep in the Fungal Rock cave, at the northern end. Her health must be severely reduced (perhaps 25% or lower) before she can be tamed. She makes some very subtle mechanical sounds when clicked.",Mechanical
107846,Pinchshank,Suramar,Crab,True,,
107852,Stout Highlands Runehorn,Stormheim,Oxen,,,
107914,Stonefang,Stormheim,Basilisk,True,,
107928,Cliffdiver Eagle,Stormheim,Bird of Prey,,,
107951,Treble,Highmountain,Mechanical,True,"A tracking tame that requires you to follow Small Oil Puddles and then use a flare to detect the creature. Circles around the Mucksnout Den area, passing through the Field of An'she.",Mechanical
107965,Canyon Rockeater,Stormheim,Basilisk,,,
108009,Azureback Broodling,Highmountain,Scorpid,,,
108014,Azureback Broodmother,Highmountain,Scorpid,,,
108035,Fal'dorei Spiderling,Withered Training Instance,Spider,,,
108088,Rush,Azsuna,Mechanical,True,A tracking tame that requires you to follow Small Oil Puddles and then use a flare to detect the creature. Follows a large loop in north-east Azsuna.,Mechanical
108106,Sentient Mechanostrider,Gnomeregan (Dungeon),Mechanical,,"Located in The Dormitory, Gnomeregan (Dungeon). A prismatic card reveals a hidden room. He'll need a shocking kick before he becomes tameable.",Mechanical
108163,Scumshell Crab,Azsuna,Crab,,,
108181,Reassigned Warbeast,Tanaan Jungle,Clefthoof,True,"This clefthoof occasionally spawns in the raised area just to the west of the Harbor entrance. Despite not being flagged as a rare, it isn't there all the time.",Exotic
108185,Coldscale Gazecrawler,Highmountain,Basilisk,,,
108313,Ferngrazer Doe,Stormheim,Stag,,,
108322,Ferngrazer Stag,Stormheim,Stag,,,
108359,Volatile Scorpid,The Nighthold (Raid),Scorpid,,Located in The Nighthold (Raid). Occurs in packs of trash mobs before Skorpyron.,
108360,Acidmaw Scorpid,The Nighthold (Raid),Scorpid,,Located in The Nighthold (Raid). Occurs in packs of trash mobs before Skorpyron.,
108361,Crystalline Scorpid,The Nighthold (Raid),Scorpid,,Located in The Nighthold (Raid). Occurs in packs of trash mobs before Skorpyron.,
108499,Mountain Grizzly,Highmountain,Bear,,,
108529,Seascale Basilisk,Highmountain,Basilisk,,,
108535,Marsh Hydra,Suramar,Hydra,,,
108538,Highlands Runehorn,Stormheim,Oxen,,,
108542,Skittering Spiderling,The Emerald Nightmare (Raid),Spider,,"Located in Mulgore, The Emerald Nightmare (Raid). Spawns if you walk over spider eggs in the webbed section of the area.",
108552,Great Eagle,Highmountain,Bird of Prey,,,
108702,Crimson Rockshell,Stormheim,Crab,,"Located in Shield's Rest (BM Artifact Instance), Stormheim.",
108890,Runewood Greatstag,Stormheim,Stag,,,
108891,Runewood Doe,Stormheim,Stag,,,
108927,Gluttonous Raven,Stormheim,Carrion Bird,,,
108935,Highlands Runehorn Calf,Stormheim,Oxen,,,
109025,Moonglow Locust,Suramar,Wasp,,Has a different glow to other purple fireflies.,
109124,Pondswallow Frog,Azsuna,Hopper,,,
109180,Tattered Silkwing,Suramar,Moth,,,
109320,Starlight Saber,Suramar,Cat,,"Guards a Starlight Rose Cluster below the south-west end of the bridge, north of the Felsoul Hold pit. Initially hiding in the branches of a tree, it leaps down when you approach.",
109324,Mac the Bear,Azsuna,Bear,True,,
109326,Leystone Spiderling,Azsuna,Shale Beast,,,Exotic
109349,Veil Shadowrunner,Azsuna,Courser,,,
109351,Veil Prowler,Azsuna,Feathermane,,,Feathermane
109521,Bronzeleaf Grizzly,Stormheim,Bear,,,
109594,Stormfeather,Azsuna,Feathermane,True,"Stormfeather is located on a ridge above a cave, north of Oceanus Cove. It's not up every day and may only be present when the world quest DANGER: Stormfeather is up.",Feathermane
109702,Deepclaw,Azsuna,Crab,True,"Deepclaw is only present when its associated world quest, DANGER: Deepclaw is active. This seems to happen very rarely, perhaps only every few months!",
109803,Leyscar Scuttler,Azsuna; Suramar,Crab,,,
109807,Wild Nightsaber,Val'sharah,Cat,,,
109809,Deepwoods Owl,Val'sharah,Bird of Prey,,,
109819,Wild Dreamrunner,Val'sharah,Courser,,,
109867,Fjara Rockjaw,Stormheim,Basilisk,,,
110042,Heartwood Stag,Suramar,Stag,,,
110043,Heartwood Doe,Suramar,Stag,,,
110050,Stillwater Snapper,Suramar,Turtle,,,
110253,Moonfeather Prowler,Suramar,Feathermane,,,Feathermane
110332,Black Rook Falcon,Val'sharah,Bird of Prey,,,Undead
110340,Myonix <Manasaber Matron>,Suramar,Spirit Beast,True,,Exotic
110350,Tormented Shadowrunner,Val'sharah,Courser,,,
110351,Vicious Spiderling,Azsuna,Spider,,Summoned during Broodmother Lizax fight.,
110376,Leyline Spiderling,Withered Training Instance,Spider,,,
110501,Snowrunner Fox,Highmountain,Fox,,,
110502,Snowstrider Bull,Highmountain,Stag,,,
110503,Young Snowstrider,Highmountain,Stag,,,
110562,Bahagar,Val'sharah,Cat,True,Cave by Smolderhide Thicket.,
110824,Tideclaw,Suramar,Crab,True,,
110838,Timeworn Greatshell,Azsuna,Turtle,,,
110846,Cove Raven,Stormheim,Carrion Bird,,,
110966,Vicious Manafang,The Arcway (Dungeon),Spider,,"Located in Nal'tira's Lair, The Arcway (Dungeon). Vicious Manafangs with this ID are summoned during combat with Nal'tira.",
111197,Anax,Suramar,Hopper,True,,
111206,Saberfang Worg,Stormheim,Wolf,,,
111216,Ambervale Darter,Suramar,Hopper,,,
111273,Lowland Manashell,Suramar,Turtle,,River north of Shal'aran. Infrequent spawn among common Lowland Hardshells.,
111383,Lytheron Gloomscale,Val'sharah,Hydra,,,
111387,Deep Water Clacker,The Broken Isles,Crab,,,
111404,Salty Seagull,Azsuna,Bird of Prey,,,
111456,Spiderling,Azsuna,Spider,,,
111463,Bulvinkel,Stormheim,Spirit Beast,True,"Cliffs south-east of Halls of Valor. From the Halls of Valor entrance, jump to the grassy cliffs area to the west, then climb up and around the back. Jump down to the lower cliff areas to find him.",Exotic
111469,Skitterer,Azsuna,Spider,,,
111487,Bloodthirsty Fox,Azsuna,Fox,,,
111570,Cove Gull,Azsuna,Bird of Prey,,,
111571,Siltshore Crab,Azsuna,Crab,,,
111633,Wandering Shellback,Eye of Azshara (Non-Instanced),Turtle,,Located in Eye of Azshara (Non-Instanced).,
111643,Cove Seagull,Eye of Azshara (Non-Instanced),Bird of Prey,,Located in Eye of Azshara (Non-Instanced).,
111647,Seaspray Crab,Eye of Azshara (Non-Instanced),Crab,,Located in Eye of Azshara (Non-Instanced).,
111721,Venomous Spiderling,The Emerald Nightmare (Raid),Spider,,"Located in Mulgore, The Emerald Nightmare (Raid). Spawns on the adjacent small platform during the roc phase of the Elerethe Renferal fight, after the boss changes into her roc form and flies to the far platform.",
111784,Great Sea Crab,The Broken Isles,Crab,,,
111820,Friender,Gnomeregan (Dungeon),Mechanical,True,"Located in Engineering Labs, Gnomeregan (Dungeon). Friender is initially asleep and unattackable. Solve the light-button puzzles on three walls to activate him.",Mechanical
111887,Young Deep Water Clacker,The Broken Isles,Crab,,,
111933,Venomous Spiderling,The Emerald Nightmare (Raid),Spider,,"Located in Mulgore, The Emerald Nightmare (Raid). Venomous Spiderlings with this ID may be found as trash mobs in the webbed section of the area.",
111980,Nightmother,The Emerald Nightmare (Raid),Spider,True,"Located in Mulgore, The Emerald Nightmare (Raid).",
112008,Cliffdweller Fox,Azsuna,Fox,,,
112010,Azurewing Protector,Azsuna,Bird of Prey,,,
112039,Screeching Spiderling,The Emerald Nightmare (Raid),Spider,,"Located in Mulgore, The Emerald Nightmare (Raid). Found among Venomous Spiderling packs in the webbed section of the area.",
112068,Leyline Prowler,Suramar,Spirit Beast,,,Exotic
112328,Canyon Soarer,Suramar,Bird of Prey,,,
112331,Skittering Riverbug,Suramar,Water Strider,,,Exotic
112334,Frenzied Riverbug,Suramar,Water Strider,,,Exotic
112336,Meredil Glider,Suramar,Bird of Prey,,,
112370,Ruins Recluse,Suramar,Spider,,,
112421,Moist Owlette,Suramar,Bird of Prey,,,
112444,Highland Skyraptor,Suramar,Bird of Prey,,,
112497,Maia the White,Suramar,Wolf,True,,
112636,Sinister Leyrunner,Azsuna,Courser,True,,
112637,Devious Sunrunner,Azsuna,Courser,True,,
112802,Mar'tura,Suramar,Turtle,True,,
112825,Shieldscar Stag,Suramar,Stag,,,
112827,Shieldscar Doe,Suramar,Stag,,,
112858,Hungry Spiderling,Suramar,Spider,,Spawns during the quest Moonshade Holdout.,
112861,Marsh Hydra,Azsuna,Hydra,,,
112905,Crimson Silkwing,Suramar,Moth,,,
112909,Canyon Cloudwing,Suramar,Feathermane,,,Feathermane
112910,Misthollow Hunter,Suramar,Cat,,,
112948,Glitterpool Snapper,Suramar,Turtle,,,
113040,Frenzied Pterrordax,The Emerald Nightmare (Raid),Pterrordax,,"Located in Un'goro Crater, The Emerald Nightmare (Raid).",Exotic
113041,Infected Diemetradon,The Emerald Nightmare (Raid),Lizard,,"Located in Un'goro Crater, The Emerald Nightmare (Raid). Found in the western regions of the crater and close to the entry point.",
113110,Spellwing Strix,Suramar,Bird of Prey,,,
113122,Suramar Cliffquill,Suramar,Rodent,,,
113123,Leytouched Cliffquill,Suramar,Rodent,,West / north-west of Felsoul Hold area. Seems to spawn infrequently among Suramar Cliffquills.,
113125,Lowland Hardshell,Suramar,Turtle,,,
113126,Meredil Lockjaw,Suramar,Crocolisk,,,
113127,Cliffwing Skytalon,Suramar,Bird of Prey,,,
113184,Cunning Bushtail,Suramar,Fox,,,
113185,Mana-Infused Bushtail,Suramar,Fox,,Seems to be infrequent spawn among Cunning Bushtails in south-western section of zone. Aura lost upon taming.,
113189,Coastal Snapper,Suramar,Turtle,,,
113190,Meredil Thrashmaw,Suramar,Crocolisk,,,
113198,Trapped Thicket Hunter,Suramar,Cat,,,
113201,Thicket Manahunter,Suramar,Spirit Beast,,,Exotic
113202,Runebound Wyrm,All In (Quest Scenario),Serpent,,Located in All In (Quest Scenario). All In is a one-time-only quest scenario offered when you reach 20000 Revered with The Nightfallen. This NPC can only be accessed that once.,
113205,Leyscarred Stag,Suramar,Stag,,Possibly an infrequent spawn among Heartwood Stags. Aura is lost upon taming.,
113408,Salty,Azsuna,Bird of Prey,True,,
113417,Swarming Spiderling,Suramar,Spider,,Spawn when you tread on Writhing Egg Sacs.,
113626,Venomous Spiderling,The Emerald Nightmare (Raid),Spider,,"Located in Mulgore, The Emerald Nightmare (Raid). Spawns on the first platform of the webbed section of the area, possibly in Mythic difficulty only.",
113694,Pashya,Suramar,Spirit Beast,True,"South of Nighteyes (base of tree, below rocks). Stealthed and can't be detected until you're a few feet away.",Exotic
113974,Leyline Spiderling,Suramar,Spider,,Ley Station Anora is in a series of tunnels south-west of Tel'anor.,
114323,Guarm,Trial of Valor (Raid),Hound,True,"Located in The Eternal Battlefield, Trial of Valor (Raid). Guarm is the third boss encounter of the raid,",
114692,Leyline Spiderling,Withered Training Instance,Spider,,Spawns from damaged Ley Spider Eggs.,
114794,Skeletal Hound,Return to Karazhan (Dungeon),Hound,,"Located in The Scullery, Return to Karazhan (Dungeon). The Scullery is adjacent to The Banquet Hall. You don't have to defeat Moroes to reach it.",Undead
114991,Golden Arachnodrone,Dustwallow Marsh,Mechanical,,"Situated in the broken tower in the south-west of the island. In order to see it you must ensure Theramore Isle is set to its pre-destruction phase - if it isn't then speak to Zidormi on the west side of the bridge, west of Theramore. To activate the Arachnodrone you must first obtain an Electrified Key by defeating Doctor Weavil, upstairs in the largest building. The drop-rate of the key isn't 100% so you might have to kill him a few times before you obtain one, but he doesn't take long to respawn. Once activated, the arachnodrone must be reduced to 30% health before it can be tamed. Be ready to interrupt its Maximum Repair spell or it'll heal to full health.",Mechanical
114992,Copper Arachnodrone,Dustwallow Marsh,Mechanical,,"Found just outside the northern-most building on the island. In order to see it you must ensure Theramore Isle is set to its pre-destruction phase - if it isn't then speak to Zidormi on the west side of the bridge, west of Theramore. To activate the Arachnodrone you must first obtain an Electrified Key by defeating Doctor Weavil, upstairs in the largest building. The drop-rate of the key isn't 100% so you might have to kill him a few times before you obtain one, but he doesn't take long to respawn. Once activated, the arachnodrone must be reduced to 30% health before it can be tamed. Be ready to interrupt its Maximum Repair spell or it'll heal to full health.",Mechanical
114993,Silver Arachnodrone,Dustwallow Marsh,Mechanical,,"Found in an underground cell that can be reached from a sloping passage just outside the largest building on the island. In order to see it you must ensure Theramore Isle is set to its pre-destruction phase - if it isn't then speak to Zidormi on the west side of the bridge, west of Theramore. To activate the Arachnodrone you must first obtain an Electrified Key by defeating Doctor Weavil, upstairs in the largest building. The drop-rate of the key isn't 100% so you might have to kill him a few times before you obtain one, but he doesn't take long to respawn. Once activated, the arachnodrone must be reduced to 30% health before it can be tamed. Be ready to interrupt its Maximum Repair spell or it'll heal to full health.",Mechanical
115001,Hulking Gnarlvine,Val'sharah,Hydra,,,Florafaun
115026,Helhound,Stormheim; Azsuna,Hound,,"Found during the world quests Helarjar Landing: Grey Shoals - at Grey Shoals to the west of Nor'danil Wellspring in Azsuna, and Helarjar Landing: Vrekt - at Vrekt on the south-east tip of Stormheim.",Undead
115479,Model GU-4RD-3R,Dustwallow Marsh,Mechanical,True,"You must reduce Model GU-4RD-3R to 30% health or below in order to tame it. If you're high level this can be difficult to do without killing it, but one way to reduce your damage is to remove all your armour and use your auto shots. Failing that, you can weaken yourself further by getting yourself killed and choosing to take resurrection sickness.",Mechanical
115601,Infernal Hound,Broken Shore,Hound,,,Undead
115663,Direbeak Nest-Keeper,Stormheim,Raptor,,,
115664,Sharptalon Nest-Keeper,Val'sharah,Raptor,,,
115665,Snowfeather Nest-Keeper,Highmountain,Raptor,,,
115666,Bloodgazer Nest-Keeper,Azsuna,Raptor,,,
115667,Direbeak Patriarch,Stormheim,Raptor,,,
115668,Sharptalon Patriarch,Val'sharah,Raptor,,,
115669,Snowfeather Patriarch,Highmountain,Raptor,,,
115670,Bloodgazer Patriarch,Azsuna,Raptor,,,
115671,Direbeak Matriarch,Stormheim,Raptor,,Only present on days when the world quest Direbeak Swarm! is active.,
115672,Sharptalon Matriarch,Val'sharah,Raptor,,Only present on days when the world quest Sharptalon Swarm! is active.,
115673,Snowfeather Matriarch,Highmountain,Raptor,,Only present on days when the world quest Snowfeather Swarm! is active.,
115674,Bloodgazer Matriarch,Azsuna,Raptor,,Only present on days when the world quest Bloodgazer Swarm! is active.,
115675,Young Bloodgazer,Azsuna,Raptor,,,
115676,Young Sharptalon,Val'sharah,Raptor,,,
115677,Young Snowfeather,Highmountain,Raptor,,,
115678,Young Direbeak,Stormheim,Raptor,,,
115755,Scathing Felbeast,Suramar,Hound,,,Undead
115795,Abyss Stalker,Tomb of Sargeras (Raid),Serpent,,"Located in The Abyssal Throne, Tomb of Sargeras (Raid). Periodically summoned during the Mistress Sassz'ine fight.",
116115,Scathing Felbeast,Suramar,Hound,,,Undead
116527,Pit Hound,Stormheim,Hound,,Only present when there's a Legion invasion in Stormheim and the invasion quest Crushing the Legion is active.,Undead
117101,Vile Felspinner,Broken Shore,Spider,,"Only present when the world quest, ""The Hijacked Portal"" is available and leads to Bybeen Lair.",
117354,Vile Broodling,Broken Shore,Spider,,"Present when world quest, ""Set You Up the Bomb!"" active.",
117509,Skittering Demon,Broken Shore,Spider,,,
118244,Lightning Paw,Duskwood,Spirit Beast,True,"Check bushes that have glowing eyes throughout Duskwood. Stealthed, so may need to get close to detect hidden, or use a flare.",Exotic
118252,Darkstone Basilisk,Broken Shore,Basilisk,,,
118275,Isle Seagull,Broken Shore,Bird of Prey,,,
118706,Necrotic Spiderling,Cathedral of Eternal Night (Dungeon),Spider,,"Located in Path of Illumination, Cathedral of Eternal Night (Dungeon). Necrotic Spiderlings with this ID are incidental NPCs in the area.",
118721,Venomous Spitter,Broken Shore,Spider,,Only present when the world quest Arachnid Superiority is active.,
118725,Felshore Crab,Broken Shore,Crab,,,
119139,Stoneblood Basilisk,Broken Shore,Basilisk,,,
119721,Hatched Broodling,Broken Shore,Spider,,Spawns from Hatching Eggs.,
119745,Marsuul Kit,Eredath,Rodent,,,
119747,Voidstalker,Eredath,Warp Stalker,,,
119748,Skyfin Mana Ray,Eredath,Ray,,,
119874,Shadowseeker Panthara,Eredath,Cat,,,
119884,Ancient Ruinstalker,Eredath,Warp Stalker,,,
119968,Flashfoot Marsuul,Eredath,Rodent,,,
119969,Ancient Skyfin,Eredath,Ray,,"There are very few of these, possibly only one, circling around Triumvirate's End. You may have to climb up on something to be in range of it.",
119990,Fenryr,Halls of Valor (Dungeon),Wolf,True,"Located in Fields of the Eternal Hunt, Halls of Valor (Dungeon). The runes on Fenryr's flanks glow when he runs. He can only be tamed after you defeat him in Mythic mode, and only if you solo the dungeon up to, and including, that fight. That means you must also solo the first boss of the dungeon (Hymdall) as well as Fenryr. The tameable version of Fenryr spawns at the back of his den after you defeat him.",
120016,Necrotic Spiderling,Cathedral of Eternal Night (Dungeon),Spider,,"Located in Path of Illumination, Cathedral of Eternal Night (Dungeon). Necrotic Spiderlings with this ID spawn during combat with the miniboss, Nal'asha.",
120071,Felcrawler Dreadfang,Azsuna,Spider,,Only present when there's a Legion invasion in Azsuna and the quest Weaving Fel Webs is active.,
120226,Deadwood Roc,Broken Shore,Bird of Prey,,,
120386,Scavenging Crow,Broken Shore,Carrion Bird,,,
120477,Deep Stalker,Tomb of Sargeras (Raid),Serpent,,"Located in Lair of Harjatan, Tomb of Sargeras (Raid). Found in the cavern after Harjatan.",
120560,Marshfly Dreadtick,Nazmir,Blood Beast,,,Blood Beast
120570,Agitated Fel Skitterer,Broken Shore,Crab,,"Present when world quest, ""Mud Mucking"" active. Randomly spawns when clicking on Disturbed Mud.",
120587,Rivermarsh Raptor,Nazmir,Raptor,,,
120588,Rivermarsh Snapjaw,Nazmir,Crocolisk,,,
120593,Nazmani Skyterror,Nazmir,Pterrordax,,,Exotic
120666,Legion Webspewer,Broken Shore,Spider,,"Can spawn from Sentinax portals when a Sentinax Beacon of Warbeasts has been used at the site of the Sentinax. The beacons are random drops, especially from various rare elite NPCs around the zone.",
120667,Legion Venomretcher,Broken Shore,Spider,,"Can spawn from Sentinax portals when a Sentinax Beacon of Warbeasts has been used at the site of the Sentinax. The beacons are random drops, especially from various rare elite NPCs around the zone.",
121112,Somber Dawn,Broken Shore,Courser,True,"When spawned, Somber Dawn gallops about Deadwood Landing, the larger island off the west coast of the Broken Shore,",
121277,Ravenous Broodling,Broken Shore,Spider,,"Spawns during combat with Brood Mother Nix after someone is inflicted with ""Inject Eggs"".",
121502,Very Lost Feathermane Kitten,Suramar,Feathermane,,Stealthed and difficult to detect until close. Near Gloomfang.,Feathermane
121540,Lalathin <Elisande's Pet>,Suramar,Feathermane,True,"Located in The Nighthold (non-instanced), Suramar. Lalathin is located at the non-instanced Nighthold building in Suramar city. She can be found enjoying the view on a domed balcony half way up the south-west side of the main tower.She was originally situated inside the raid, and only when the world quest The Nighthold: Love Tap was active, but this changed in Patch 8.3.",Feathermane
121562,Shadowcrazed Marsuul,Eredath,Rodent,,,
121564,Skittish Chitinbuk,Eredath,Stag,,,
121565,Shadowcrazed Chitinbuk,Eredath,Stag,,Retains the void effect around its eyes after being tamed!,
121567,Lost Spectral Gryphon,Stormwind City,Spirit Beast,,"Only Beast Masters of level 45 and above can see the item required to summon this beast, but any hunter with the Exotic Beasts skill (level 10) can tame it! You can summon this sprit gryphon by clicking on the Spectral Feather (not always present, long spawn timer) by the gryphon mount vendor.",Exotic
121571,Gon,Orgrimmar,Spirit Beast,True,"Only Beast Masters of level 45 and above can see the item required to summon this beast, but any hunter with the Exotic Beasts skill (level 10) can tame it! To summon Gon you need to click on the Spectral Eggshell (not always present, long spawn timer) at the burning pile of skulls by Shadow-Walker Zuru.",Exotic
121610,Watchful Raven,Drustvar,Carrion Bird,,,
121620,Darkmaw Prowler,Drustvar,Wolf,,,
121623,Varoudnir,Eye of Azshara (Non-Instanced),Feathermane,True,Located in Eye of Azshara (Non-Instanced). In a cave on the southern coast.,Feathermane
121624,Mavarnir,Eye of Azshara (Non-Instanced),Feathermane,True,Located in Eye of Azshara (Non-Instanced). In a cave on the southern coast.,Feathermane
121625,Kveldulfnir,Eye of Azshara (Non-Instanced),Feathermane,True,Located in Eye of Azshara (Non-Instanced). In a cave on the southern coast.,Feathermane
121673,Voidgorged Stalker,Eredath,Warp Stalker,,,
121896,Bloodbelly Flyer,Zuldazar,Blood Beast,,Bloodbelly Flyers with three different IDs may be found around the Blood Gate area. This ID is only used by a few that fly rapidly about the area.,Blood Beast
121898,Bloodbelly Flyer,Zuldazar,Blood Beast,,Bloodbelly Flyers with three different IDs may be found around the Blood Gate area. This ID is only used by a few stationary blood ticks on the ground.,Blood Beast
121927,Legion Venomretcher,The Broken Isles,Spider,,Apparently appears in various zones of the Broken Isles. Sometimes spawns when using Attack Beacons looted from Sentinax rares.,
122004,Umbra'jin <The Night Hunter>,Zuldazar,Raptor,True,,
122010,Panthara Shadowfang,Eredath,Cat,,,
122015,Void Streaker,Eredath,Serpent,,,
122022,Umbralfin,Eredath,Ray,,,
122060,Direhorn Cow,Zuldazar,Direhorn,,,Direhorn
122113,Pterrordax Skyrender,Zuldazar,Pterrordax,,,Exotic
122114,Pterrordax,Zuldazar,Pterrordax,,,Exotic
122153,Scorpashi Venomtail,Vol'dun,Scorpid,,,
122224,Direhorn Bull,Zuldazar,Direhorn,,,Direhorn
122242,Bloodbound Dreadtick,Nazmir,Blood Beast,,This tick spawns during the search of the Abadoned Ruin in the Horde zone quest The Shadow of Death.,Blood Beast
122335,Young Dreadtick,Nazmir,Blood Beast,,,Blood Beast
122363,Chitinbuk Ruinwalker,Eredath,Stag,,,
122364,Marsuul Kit,Eredath,Rodent,,,
122365,Springstep Marsuul,Eredath,Rodent,,,
122399,Pig,Zuldazar,Boar,,,
122407,Warp Stalker,The Seat of the Triumvirate (Dungeon),Warp Stalker,,"Located in Shadowguard Incursion, The Seat of the Triumvirate (Dungeon).",
122408,Shadow Stalker,The Seat of the Triumvirate (Dungeon),Cat,,"Located in Shadowguard Incursion, The Seat of the Triumvirate (Dungeon). Shadow Stalkers inside The Seat of the Triumvirate can be tamed without the use of Fresh Talbuk Meat.",
122410,Skyfin,The Seat of the Triumvirate (Dungeon),Ray,,"Located in Shadowguard Incursion, The Seat of the Triumvirate (Dungeon).",
122504,Savagemane Ravasaur,Zuldazar,Raptor,,,
122548,Emerald Skytalon,The Deaths of Chromie (Scenario),Bird of Prey,,"Located in Emerald Dragonshrine, The Deaths of Chromie (Scenario). Distract Chromie with other targets first, or she'll attack and pull aggro while you're taming.",
122678,Venomous Sandstinger,Vol'dun,Wasp,,,
122749,Deathsnap Caretaker,Vol'dun,Scorpid,,,
122790,Bonebeak Buzzard,Vol'dun,Carrion Bird,,,
122961,Cursed Game-Hawk,Drustvar,Bird of Prey,,Has a shadowy electrical effect that is lost upon taming.,
122963,Rezan,Atal'Dazar (Dungeon),Devilsaur,,"Located in Sacrificial Pits, Atal'Dazar (Dungeon). After entering the instance you can find Rezan in the arena/pit at the bottom.",Exotic|Undead
122986,Wild Skyscreamer,Atal'dazar (Dungeon),Pterrordax,,Located in Atal'dazar (Dungeon).,Exotic
122998,Flame Hound,The Deaths of Chromie (Scenario),Hound,,Located in The Deaths of Chromie (Scenario).,Undead
123076,Duskcloak Alpha,Krokuun,Cat,,,
123090,Angry Dreadcroc,Nazmir,Crocolisk,,,
123093,Ankylodon Bull,Zuldazar,Scalehide,,,
123095,Ankylodon,Zuldazar,Scalehide,,,
123096,Frogmarsh Razormaw,Nazmir,Raptor,,,
123098,Venomous Diemetradon,Zuldazar,Lizard,,,
123135,Wild Sabertusk,Zuldazar,Lizard,,,
123210,Seabreeze Gull,Tiragarde Sound,Bird of Prey,,,
123212,Fjord Mustang,Tiragarde Sound,Courser,,,
123236,Scuttlestep Crab,Tiragarde Sound,Crab,,,
123352,Snowpelt Howler,Tiragarde Sound,Wolf,,,
123358,Serpent Hatchling,Vol'dun,Serpent,,"Spawns when you click on a Hissing Crate which can be found at the back of an alcove in the middle of the Port area, right next to Jammo.",
123423,River Shrieker,Nazmir,Bat,,,
123455,Spiny Kelp Clicker <Vilescale Sorceress's Pet>,Nazmir,Crab,,,
123487,Direhorn Patriarch,Nazmir,Direhorn,,,Direhorn
123502,King K'tal,Zuldazar,Devilsaur,True,,Exotic
123508,Manafeeder Panthara,Eredath,Cat,,,
123511,Arcfin Mana Ray,Eredath,Ray,,,
123512,Magechaser Marsuul,Eredath,Rodent,,,
123527,Chitinbuk Grazer,Eredath,Stag,,,
123571,Deathsnap Carver,Vol'dun,Scorpid,,,
123604,Kul Tiran Horse,Tiragarde Sound,Courser,,"Horde hunters can tame this horse the usual way, but it is friendly to Alliance and can only be tamed by Alliance hunters using the toy ""N'lyeth, Sliver of N'Zoth"" while in War Mode. It can be found in the stable just south-east of Proudmoore Keep, east of Proudmoore Keep by a cart, and in stables by the wall between Ashvane Docks and Boralus Harbor.",
123636,Lost Emberspit Scorpion,Molten Front,Scorpid,,May spawn in various lava pools in the same area as the Emberspit Scorpions. There may be a couple of hours' wait in between spawns.,
123647,Saurolisk,Nazmir,Lizard,,,
123651,Muddy Riverbeast,Zuldazar,Riverbeast,,,
123653,Wildtusk,Zuldazar,Riverbeast,True,Has spears stuck in its hide that remain after taming.,
123655,Matriarch Snapjaw,Nazmir,Crocolisk,,,
123712,Azerite Gorger,Tiragarde Sound,Shale Beast,,Spawns periodically during the Horde World Quest Goblin Azerite Extraction.,Exotic
123713,Azerite Nibbler,Tiragarde Sound,Shale Beast,,,Exotic
123714,Hillborn Saurolisk,Tiragarde Sound,Lizard,,,
123727,Stonescale Saurolisk,Stormsong Valley,Lizard,,,
123731,Riverbeast,Nazmir,Riverbeast,,,
123757,Urok,Nazmir,Devilsaur,True,"Found in a cave on the western side of the Primal Wetlands, in the south-west of the zone.",Exotic|Undead
123809,Cinderscale Direhorn,Nazmir,Direhorn,,,Direhorn
123810,Hardshell Sand Sifter,Nazmir,Crab,,,
123813,Jungleweb Crawler,Vol'dun,Spider,,,
123814,Clampclaw Clacker,Vol'dun,Crab,,,
123868,Lichenjaw Saurolisk,Tiragarde Sound,Lizard,,,
124016,Saltspine Krolusk,Vol'dun,Carapid,,,Exotic
124019,Brine Beetle,Vol'dun,Beetle,,,
124029,Dune Louse,Vol'dun,Beetle,,,
124084,Protective Riverbeast,Nazmir,Riverbeast,,,
124170,Fallhaven Pig,Drustvar,Boar,,Has a curse aura.,
124172,Bilewing Infester,Vol'dun,Wasp,,,
124177,Bilewing Creeper,Vol'dun,Wasp,,,
124187,Bilewing Queen,Vol'dun,Wasp,,,
124188,Bilewing Creeper,Vol'dun,Wasp,,Spawns when you hit a Loose Bilewing Hive or contact an Infested Saurolisk corpse.,
124211,Ruincrawler,Vol'dun,Beetle,,,
124217,Raptor Patriarch,Nazmir,Raptor,,,
124225,Chitinous Cragscaler,Krokuun,Stag,,,
124226,Raptor Matriarch,Nazmir,Raptor,,,
124262,Spiderling,Vol'dun,Spider,,,
124269,Panthara Apex,Krokuun,Cat,,Just outside entrance (west) of Petrified Forest.,
124271,Panthara Stalker,Krokuun,Cat,,Just outside entrance (west) of Petrified Forest.,
124278,Felscarred Marsuul,Krokuun,Rodent,,,
124279,Argus Darkray,Krokuun,Ray,,Flies over central Krokuun. May need to get up high to reach one.,
124287,Bonepicker Hyena,Vol'dun,Hyena,,,
124300,Saurolisk Patriarch,Nazmir,Lizard,,,
124301,Saurolisk Matriarch,Nazmir,Lizard,,,
124303,Duskcloak Panthara,Krokuun,Cat,,,
124375,Overstuffed Saurolisk,Nazmir,Lizard,True,Has a spear stuck in it which is removed upon taming.,
124382,Bonepicker Raven,Drustvar,Carrion Bird,,Has a shadowy electrical effect that is lost upon taming.,
124397,Kal'draxa <Bane of Blood Trolls>,Nazmir,Pterrordax,True,,Exotic
124399,Infected Direhorn,Nazmir,Direhorn,True,Covered in Blood Ticks which are lost upon taming.,Direhorn
124439,Wild Cragscaler,Krokuun,Stag,,"If you find ones that can't be attacked or tamed, they belong to a different ID.",
124486,Young Duskcloak,Krokuun,Cat,,,
124522,Alpaca,Vol'dun,Camel,,,
124526,Krolusk Dunecrawler,Vol'dun,Carapid,,,Exotic
124527,Bonebeak Scavenger,Vol'dun,Carrion Bird,,,
124536,Bilewing Crippler,Vol'dun,Wasp,,,
124548,Betsy <Shelvey's Prized Pig>,Drustvar,Boar,True,"Has a curse aura, bow, and prize ribbons. These are lost after taming.",
124567,Sand Scuttler,Vol'dun,Crab,,,
124631,Frogmarsh Riverbeast,Nazmir,Riverbeast,,,
124654,Krolusk Dunecrawler,Vol'dun,Carapid,,,Exotic
124681,Bonepicker Stalker,Vol'dun,Hyena,,,
124683,Bonepicker Pup,Vol'dun,Hyena,,,
124716,Alpaca Alpha,Vol'dun,Camel,,,
124718,Alpaca Calf,Vol'dun,Camel,,,
124814,Hexed Howler,Drustvar,Wolf,,,
124845,Kul Tiran Horse,Tiragarde Sound,Courser,,"Horde hunters can tame this horse the usual way, but it is friendly to Alliance and can only be tamed by Alliance hunters using the toy ""N'lyeth, Sliver of N'Zoth"" while in War Mode. It can be found in the stable just south-east of Proudmoore Keep, and around Hatherord to the north of Boralus.",
124885,Bewitched Darkmaw,Drustvar,Wolf,,Has a shadowy electrical effect which is lost upon taming.,
124890,Ensorcelled Bonepicker,Drustvar,Carrion Bird,,Has a shadowy electrical effect that is lost upon taming.,
124921,Harbor Raven,Drustvar,Carrion Bird,,,
124996,Alabaster Gull,Nazmir,Bird of Prey,,,
125098,Cove Seagull,Vol'dun,Bird of Prey,,,
125130,Venomous Weaver,Drustvar,Spider,,,
125132,Skittering Spiderling,Drustvar,Spider,,,
125205,Coastal Jawbreaker,Nazmir,Crocolisk,,,
125206,Sharptooth Scavenger,Nazmir,Raptor,,,
125207,Peering Shrieker,Nazmir,Pterrordax,,,Exotic
125212,Patriarch Jawbreaker,Nazmir,Crocolisk,,,
125214,Krubbs,Nazmir,Crab,True,Has tridents stuck in it which are lost upon taming.,
125250,Ancient Jawbreaker,Nazmir,Crocolisk,True,,
125299,Soultainted Cobra,Vol'dun,Serpent,,,
125347,Mudbrush Boar,Tiragarde Sound,Boar,,,
125401,Invasive Quillrat,Drustvar,Rodent,,,
125411,Watchful Raven,Drustvar,Carrion Bird,,,
125452,Shallows Saurolisk,Drustvar,Lizard,,,
125453,Quillrat Matriarch,Drustvar,Rodent,True,,
125464,Darkmaw Prowler,Drustvar,Wolf,,,
125500,Alabaster Gull,Nazmir,Bird of Prey,,,
125547,Feltouched Skitterer,"Antorus, the Burning Throne (Raid)",Spider,,"Located in Halls of the Boundless Reach, Antorus, the Burning Throne (Raid). Found around the green portal in the open area before the Portal Keeper Hasabel and Defend Eonar encounters. It can also be summoned during combat with the Riftworld Assistant associated with that portal.",
125882,Scorpashi Direclaw,Vol'dun,Scorpid,,,
125936,Burning Hound,Argus,Hound,,"This NPC can be found in Invasion Point: Bonich, Invasion Point: Cen'gar, Invasion Point: Naigtal, Greater Invasion Point: Mistress Alluradel, Greater Invasion Point: Matron Folnuna, Greater Invasion Point: Pit Lord Vilemus, and Greater Invasion Point: Occularus.",Undead
126023,Harbor Saurid,Zuldazar,Raptor,,,
126072,Felspawn Soulstalker,Antoran Wastes,Hound,,,Undead
126111,Brood of Ven'orn,Antoran Wastes,Spider,,,
126117,Bound Scavenger,Nazmir,Raptor,,,Undead
126132,Sickly Scavenger,Nazmir,Raptor,,,
126133,Swamp Scavenger,Nazmir,Carrion Bird,,,
126142,Bajiatha <The  Scavenger Matriarch>,Nazmir,Raptor,True,,
126198,Trench Stalker,Antoran Wastes,Cat,,,
126217,Dot,Vol'dun,Camel,,"This alpaca is normally friendly to Horde and can only be tamed by using the toy ""N'lyeth, Sliver of N'Zoth"" while in War Mode. The version of Dot with this ID appears at different locations in Vol'dun, depending on which stage of the zone story you're up to. She first appears at Vulpera Hideaway after completing An Explosive Exit, which is early in the zone quest chain, then at Withering Gulch after The Warguard's Trail, and finally at the Temple of Akunda after On The Move. Versions with different IDs appear in different locations after Knowledge of the Past. She doesn't appear to be visible to Alliance.",
126219,Dolly,Vol'dun,Camel,,"This alpaca is normally friendly to Horde and can only be tamed by using the toy ""N'lyeth, Sliver of N'Zoth"" while in War Mode. The version of Dolly with this ID appears at different locations in Vol'dun, depending on which stage of the zone story you're up to. She first appears at Vulpera Hideaway after completing An Explosive Exit, which is early in the zone quest chain, then at Withering Gulch after The Warguard's Trail, and finally at the Temple of Akunda after On The Move. Versions with different IDs appear in different locations after Knowledge of the Past. She doesn't appear to be visible to Alliance.",
126237,Tide Lurker,Tiragarde Sound,Carapid,,,Exotic
126243,Venomspine Saurolisk,Tiragarde Sound,Lizard,,,
126263,Soulgorged Gravestalker,Drustvar,Hound,,,Undead
126331,Thieving Snapper,Nazmir,Raptor,,,
126353,Woodland Bat,Drustvar,Bat,,,
126387,Coastal Scavenger,Tiragarde Sound,Bird of Prey,,,
126419,Naroua <King of the Forest>,Krokuun,Cat,True,Naroua can be tamed without the use of Fresh Talbuk Meat.,
126433,Bloodscreecher Wanderer,Nazmir,Bat,,,
126445,Puckish Marsuul,Krokuun,Rodent,,,
126452,Marsh Prowler,Nazmir,Lizard,,,
126455,Cragbound Fox,Tiragarde Sound,Fox,,,
126463,Saltfeather Eagle,Tiragarde Sound,Bird of Prey,,,
126502,Fattened Buzzard,Vol'dun,Carrion Bird,,,
126562,Irritable Diemetradon,Zuldazar,Lizard,,,
126618,Bloodraged Pterrordax,Zuldazar,Pterrordax,,,Exotic
126626,Hollowbeak Falcon,Tiragarde Sound,Bird of Prey,,,
126627,Lost Alpaca,Vol'dun,Camel,,,
126631,Wild Saurid,Zuldazar,Raptor,,,
126637,Kandak,Zuldazar,Lizard,True,In a cave beneath Pterror Rise.,
126642,Sandyback Crab,Stormsong Valley,Crab,,,
126643,Snarlfang Hyena,Vol'dun,Hyena,,,
126644,Snarltooth,Vol'dun,Hyena,True,In a cave.,
126645,Vol'duni Dunecrawler,Vol'dun,Beetle,,,
126653,Hungry Saurid,Zuldazar,Raptor,,,
126672,Cove Eel,Tiragarde Sound,Serpent,,,
126689,Sickly Saurid,Nazmir,Raptor,,,
126695,Baleful Raven,Drustvar,Carrion Bird,,,
126702,Primal Skyterror,Nazmir,Pterrordax,,,Exotic
126703,Jarkadiax,Nazmir,Pterrordax,True,,Exotic
126708,Noblehoof Stag,Tiragarde Sound,Stag,,,
126709,Noblehoof Doe,Tiragarde Sound,Stag,,,
126722,Diemetradon,Zuldazar,Lizard,,,
126723,Primal Snapjaw,Nazmir,Crocolisk,,,
126725,Elder Diemetradon,Zuldazar,Lizard,,,
126726,Young Diemetradon,Zuldazar,Lizard,,,
126732,Pinky,Zuldazar,Devilsaur,True,"Pinky exists in two versions. This tameable version is for the quest A Good Spanking and is in a special quest phase. Taming Pinky is difficult as your Juvenile Direhorn companion will steal aggro and interrupt your tame. One way to avoid this is to land on top of one of the taller gate posts with the flaming torches, in shooting range of Pinky, but also ensure that your Juvenile Direhorn companion lands on top of the post with you and can't find a path to attack. You can then shoot at the devilsaur and steal aggro from the other NPCs while your companion does nothing. However, if you remain on the flaming post then taming gives a ""line of sight"" error at the last second. Instead, carefully step sideways over the top of the lower fence while your Juvenile Direhorn remains on the gate post. For the first few steps you remain up in the air, but eventually you'll fall and land on top of the fence, and if you're careful your Juvenile Direhorn will stay behind. You can then tame Pinky without interruption.",Exotic
126749,Dreadtick Latcher,Nazmir,Blood Beast,,"This blood tick was untameable when Blood Beasts were first introduced, but became tameable in Patch 8.1.5.",Blood Beast
126885,Umbraliss <Voidstalker Matriarch>,Eredath,Warp Stalker,True,,
126893,Dune Beetle,Vol'dun,Beetle,,,
126894,Pit Snake,Vol'dun,Serpent,,"In the mountains in the south-east of the zone, on a rise south-east of Verdant Plateau. Killing all of the Pit Snakes causes Vathikur to rise.",
126898,Sabuul,Eredath,Cat,True,"He spawns by the southern corner of Seat of the Triumvirate. Sabuul can be tamed without the use of Fresh Talbuk Meat. Unlike Naroua he retains a purple fog and a subtle void aura after taming. The wavering aura can be faint in the light, but is more obvious in the dark.",
126909,Bonebeak Vulture,Vol'dun,Carrion Bird,,,
126926,Venomjaw,Nazmir,Crocolisk,True,,
126929,Monstrous Grizzly,Tiragarde Sound,Bear,,,
126939,Ruinwalker Stag,Eredath,Stag,,,
126945,Subdued Ruins Wanderer,Eredath,Stag,,"Only present when the rare, Wrangler Kravos has spawned",
126952,Ruinwalker Calf,Eredath,Stag,,,
126953,Tiragarde Hawk,Tiragarde Sound,Bird of Prey,,,
126966,Midland Doe,Tiragarde Sound,Stag,,,
126967,Midland Stag,Tiragarde Sound,Stag,,,
126973,Barbthorn Drone,Drustvar; Tiragarde Sound,Wasp,,,
126974,Barbthorn Worker,Drustvar; Tiragarde Sound,Wasp,,,
126984,Scaleclaw Saurolisk,Vol'dun,Lizard,,,
126991,Guarded Quillrat,Tiragarde Sound,Rodent,,,
127000,Sickly Saurid,Nazmir,Raptor,,,
127060,Blood Crawg,Nazmir,Blood Beast,,,Blood Beast
127132,Infected Saurolisk,Nazmir,Lizard,,,
127140,Mirehunter Forktongue,Nazmir,Lizard,,,
127169,Colossal Water Cobra,Vol'dun,Serpent,True,"Spawns during the Horde quest The Source of the Problem. After taming, dismiss your pet and the cobra should respawn so you can complete the quest.",
127176,Crawg Spawnling,Nazmir,Blood Beast,,,Blood Beast
127203,Grimestone Handler,Tiragarde Sound,Lizard,,"Has a trogg riding it which dies once tamed. The pet retains the trogg portrait, which is sure to be a bug.",
127247,Returned Predator,Nazmir,Raptor,,,Undead
127259,Furious Scuttler,Tiragarde Sound,Crab,,"Located in Freehold (Non-Instanced), Tiragarde Sound. Spawned when pulling in lines during the Alliance quest Rig Robbing.",
127267,Sickly Snapjaw,Nazmir,Crocolisk,,,
127268,Sickly Snapjaw,Nazmir,Crocolisk,,,
127278,Skittering Feeder,Nazmir,Raptor,,,
127279,Skittering Feeder,Nazmir,Raptor,,"The larger ones are tameable, but the smaller, more active ones (same name, but different ID) are not. Located north of the Primal Wetlands.",
127290,Mugg,Tiragarde Sound,Lizard,,"'Mugg' is actually intended to be the name of the trogg riding this saurolisk. He dies once it is tamed, but the pet retains the trogg portrait. This is sure to be a bug.",
127333,Barbthorn Queen,Drustvar,Wasp,True,In a cave.,
127381,Silt Crab,Tol Dagor (Dungeon),Crab,,Located in Tol Dagor (Dungeon).,
127477,Saltwater Snapper,Tol Dagor (Dungeon),Turtle,,Located in Tol Dagor (Dungeon). Located on the shoreline when you first enter the dungeon.,
127479,The Sand Queen,Tol Dagor (Dungeon),Carapid,True,Located in Tol Dagor (Dungeon).,Exotic
127482,Sewer Vicejaw,Tol Dagor (Dungeon),Crocolisk,,"Located in Sodden Depths, Tol Dagor (Dungeon).",
127493,Coastal Swooper,Nazmir,Bird of Prey,,,
127494,Coastal Charger,Nazmir,Direhorn,,,Direhorn
127496,Sandy Snapper,Nazmir,Crab,,,
127514,Protective Charger,Nazmir,Direhorn,,,Direhorn
127526,Scavenging Snapclaw,Drustvar,Crab,,,
127530,Ravenous Gull,Drustvar,Bird of Prey,,,
127553,Brinebeak,Drustvar,Bird of Prey,True,,
127569,Redwood Guardian,Invasion Point: Bonich,Stag,,"This stag is found outside the zone barrier, so cannot be physically reached. Instead, in a couple of places around the edge you can just get in range to aggro it with something that won't kill it, like a Tar Trap, which will in turn cause it to come close enough to tame. Invasion Point: Bonich may be reached through a portal in northern Antoran Wastes, Argus.",
127600,Venomscale Slitherer,Tiragarde Sound,Serpent,,,
127602,Lucktail,Tiragarde Sound,Fox,True,Stealthed.,
127611,Redwood Guardian,Invasion Point: Bonich,Stag,,"This stag is found outside the zone barrier, so cannot be physically reached. Instead, in a couple of places around the edge you can just get in range to aggro it with something that won't kill it, like a Tar Trap, which will in turn cause it to come close enough to tame. Invasion Point: Bonich may be reached through a portal in northern Antoran Wastes, Argus.",
127615,Ephemeral Runner,Invasion Point: Bonich,Courser,,"This runner is found outside the zone barrier, so cannot be physically reached. Instead, go directly behind the entry portal and stand in the break between the logs, facing the barrier. Further ahead you'll see a log with a clump of ferns at its right-hand end. Place a freezing trap just in front of the ferns. Every couple of minutes some Ephemeral Runners will run past and with good placement you'll trap one and can tame it. Invasion Point: Bonich may be reached through a portal in northern Antoran Wastes, Argus.",
127626,Freshwater Snapper,Stormsong Valley; Tiragarde Sound,Turtle,,,
127630,Agitated Snapclaw,Drustvar,Crab,,"Spawns occasionally when you reel in fishing rods for the regular quest The Reel Deal, or its World Quest equivalent What a Gull Wants.",
127636,Tiragarde Owl,Tiragarde Sound,Bird of Prey,,,
127651,Vicemaul,Drustvar,Crab,True,Use the Untended Fishing Rod.,
127699,Tamed Boar,Drustvar,Boar,,,
127758,Thornspine Saurolisk,Vol'dun,Lizard,,,
127768,Siege Monstrosity,Nazmir,Devilsaur,,"These undead beasts are being ridden by Blood Troll Warmothers. Some are scripted to run along the path towards Zuldazar then despawn, while others linger at the back.",Exotic|Undead
127776,Scaleclaw Broodmother,Vol'dun,Lizard,True,,
127780,Alpine Falcon,Drustvar,Bird of Prey,,,
127800,Chartusk,Tiragarde Sound,Boar,True,Found in a cave on the Brokenbough Roost. Has spears stuck in it that remain upon taming.,
127805,Charged Sentinel,Zuldazar,Stone Hound,,,Exotic
127806,Mountain Greatstag,Drustvar,Stag,,,
127807,Mountain Doe,Drustvar,Stag,,,
127822,Alpine Goat,Drustvar,Gruffhorn,,,
127824,Gleaming Direhorn,Nazmir,Direhorn,,,Direhorn
127847,Carrion Feeder,Nazmir,Pterrordax,,Flying about the area.,Exotic
127854,Hardtongue Ambusher,Nazmir,Lizard,,,
127864,Carrion Feeder,Nazmir,Pterrordax,,,Exotic
127869,Coastal Scrounger,Nazmir,Raptor,,,
127873,Scrounger Patriarch,Nazmir,Raptor,True,Scrounger Patriarchs originally had a standard red raptor look until they were changed (and made tameable) in Patch 8.1,
127874,Chillmist Prowler,Drustvar,Wolf,,,
127876,Chillmist Alpha,Drustvar,Wolf,,,
127907,Scattering Grubber,Nazmir,Raptor,,,
127925,Dreadtick Leecher,Nazmir,Blood Beast,,,Blood Beast
127939,Torraske the Eternal,Zuldazar,Lizard,True,,
128005,Blood Crawg,Nazmir,Blood Beast,,,Blood Beast
128051,Gruesh <The Bone Crusher>,Nazmir,Devilsaur,True,,Exotic
128065,Mirehunter Matriarch,Nazmir,Lizard,,,
128066,Engorged Crawg,Nazmir,Blood Beast,,,Blood Beast
128093,Old Frostclaw,Tiragarde Sound,Bear,True,In a cave.,
128099,Swamp Toad,Forge of Aeons (Scenario),Hopper,,"Located in Forge of Aeons (Scenario). Found in the scenario in which you recruit the Lightforged Draenei to the Alliance, so only available to Alliance players, one time only.",
128115,Swamp Serpent,Forge of Aeons (Scenario),Serpent,,"Located in Forge of Aeons (Scenario). Found in the scenario in which you recruit the Lightforged Draenei to the Alliance, so only available to Alliance players, one time only.",
128188,Alpine Falcon,Drustvar,Bird of Prey,,,
128344,Bloodbelly Flyer,Zuldazar,Blood Beast,,,Blood Beast
128361,Hexcrazed Greatstag,Drustvar,Stag,,Has a shadowy electrical effect.,
128384,Lowlands Greatstag,Drustvar,Stag,,,
128385,Lowlands Doe,Drustvar,Stag,,,
128389,Vale Falcon,Drustvar,Bird of Prey,,,
128404,Shackled Beetle,Vol'dun,Beetle,,,
128434,Feasting Skyscreamer,Atal'dazar (Dungeon),Pterrordax,,Located in Atal'dazar (Dungeon).,Exotic
128435,Toxic Saurid,Atal'dazar (Dungeon),Raptor,,"Located in Atal'dazar (Dungeon). Tame quickly, before the pack overwhelms you!",
128441,Magoo,Tiragarde Sound,Courser,True,"Found in the stables. Horde hunters can tame this horse the usual way, but it is friendly to Alliance and can only be tamed by Alliance hunters using the toy ""N'lyeth, Sliver of N'Zoth"" while in War Mode.",
128476,Goldie,Tiragarde Sound,Courser,True,"Found in the stables. Horde hunters can tame this horse the usual way, but it is friendly to Alliance and can only be tamed by Alliance hunters using the toy ""N'lyeth, Sliver of N'Zoth"" while in War Mode.",
128478,Scout,Tiragarde Sound,Courser,True,"Found in the stables. Horde hunters can tame this horse the usual way, but it is friendly to Alliance and can only be tamed by Alliance hunters using the toy ""N'lyeth, Sliver of N'Zoth"" while in War Mode.",
128547,Redrock Screecher,Vol'dun,Bat,,,
128551,Irontide Mastiff,Freehold (Dungeon),Hound,,Located in Freehold (Dungeon).,
128585,Shore Saurid,Nazmir,Raptor,,,
128587,Risen Gargantuan,Zuldazar,Devilsaur,,"This unique skeletal devilsaur requires a trick to tame, as it's normally only encountered while you're stuck in a quest vehicle and can't use your abilities. It also requires you to be a Horde player with access to the once-only quest Bulwark of Torcali. There's a chance that Horde hunters can revisit this quest using party sync - if they have a friend who has it in their quest log - but we haven't yet tested that possibility. The Bulwark of Torcali quest requires you to have completed the major zone storylines for both Zuldazar and Nazmir. At the start of the quest you're asked to mount a direhorn named Old Rotana. Before you click on her, ensure the wooden post at her back left flank is between you and her body. If you position yourself just right, when you click on her the post will block you from mounting but you'll still moved into the quest instance, where you can tame a Risen Gargantuan.",Exotic|Undead
128612,Cave Spider,Forge of Aeons (Scenario),Spider,,"Located in Forge of Aeons (Scenario). Found in the scenario in which you recruit the Lightforged Draenei to the Alliance, so only available to Alliance players, one time only.",
128616,Shore Saurid Matriarch,Nazmir,Raptor,,,
128620,Diremaw,Nazmir,Crocolisk,,,
128622,Swamp Snake,Forge of Aeons (Scenario),Serpent,,"Located in Forge of Aeons (Scenario). Found in the scenario in which you recruit the Lightforged Draenei to the Alliance, so only available to Alliance players, one time only.",
128623,Harbor Crab,Drustvar,Crab,,,
128625,Harbor Gull,Drustvar; Stormsong Valley,Bird of Prey,,,
128631,Tidal Clickshell,Zuldazar,Crab,,,
128653,Young Seaspray,Nazmir,Pterrordax,,,Exotic
128658,Seaspray Pterrordax,Nazmir,Pterrordax,,,Exotic
128667,Sandscale Riverbeast,Vol'dun,Riverbeast,,,
128699,Bloodbulge,Zuldazar,Blood Beast,True,,Blood Beast
128708,Sandscale Calf,Vol'dun,Riverbeast,,,
128710,Shattered Hydra,Nazmir,Hydra,,,
128774,Rustfur Wolf,Tiragarde Sound,Wolf,,,
128780,Battle Crawg,Nazmir,Blood Beast,,,Blood Beast
128838,Pack Mule,Tiragarde Sound,Courser,,"Horde hunters can tame this Pack Mule the usual way, but it is friendly to Alliance and can only be tamed by Alliance hunters using the toy ""N'lyeth, Sliver of N'Zoth"" while in War Mode. Found in two locations in the zone: (i) just across the bridge, to the east of Vigil Hill island, and (ii) by the ramparts across on the strait to the east of Freehold Island. It has a large pack on its back which is lost after taming.",
128848,Dolly,Vol'dun,Camel,,"This alpaca is normally friendly to Horde and can only be tamed by using the toy ""N'lyeth, Sliver of N'Zoth"" while in War Mode. The version of Dolly appears at Zul'Ahjin ruins, east of Scorched Sands Outpost, after the zone story quest Knowledge of the Past and until the quest Unlikely Allies. She doesn't appear to be visible to Alliance.",
128849,Dot,Vol'dun,Camel,,"This alpaca is normally friendly to Horde and can only be tamed by using the toy ""N'lyeth, Sliver of N'Zoth"" while in War Mode. The version of Dot appears at Zul'Ahjin ruins, east of Scorched Sands Outpost, after the zone story quest Knowledge of the Past and until the quest Unlikely Allies. She doesn't appear to be visible to Alliance.",
128852,Chillwind Hawk,Drustvar,Bird of Prey,,,
128937,Scavenging Raven,Drustvar,Carrion Bird,,,
128938,Great Sea Albatross,Nazmir,Bird of Prey,,,
128942,Mudfisher Crab,Drustvar,Crab,,,
128966,Marsh Hornet,Nazmir,Wasp,,,
128974,Queen Tzxi'kik,Nazmir,Wasp,True,,
128996,Brineshell Crab,Vol'dun,Crab,,,
129001,Wild Gryphon,Tiragarde Sound,Feathermane,,,Feathermane
129002,Scruffhide Bear,Tiragarde Sound,Bear,,,
129005,King Kooba,Nazmir,Gorilla,True,,
129027,Golanar <The River Lord>,Vol'dun,Hydra,True,,
129070,Wild Dog,Tiragarde Sound,Hound,,"Located in Freehold (Non-Instanced), Tiragarde Sound.",
129110,Gentle Goat,Tiragarde Sound,Gruffhorn,,,
129124,Son of Xolotal,Zuldazar,Wolf,,"A pair are located outside a cave, just east of Warport Rastari, another is found within Warport Rastari.",
129128,Crackling Razorwing,Zuldazar,Wind Serpent,,,
129139,Freehold Colt,Tiragarde Sound,Courser,,,
129259,Deathsnap Elder,Vol'dun,Scorpid,,,
129283,Jumbo Sandsnapper,Vol'dun,Crab,True,Waters to the east of the Port of Zem'lan. Has a bubble around it which is lost upon taming.,
129287,Whistlebloom Drone,Vol'dun,Wasp,,,
129288,Whistlebloom Sentry,Vol'dun,Wasp,,,
129289,Whistlebloom Harvester,Vol'dun,Wasp,,,
129298,Whistlebloom Drone,Vol'dun,Wasp,,Spawns when you contact an Infested Saurolisk corpse.,
129318,Sandskitter Crab,Zuldazar,Crab,,,
129323,Sabertusk Empress,Zuldazar,Lizard,True,,
129337,Sabertusk,Zuldazar,Lizard,,,
129410,Risen Ravasaur,Vol'dun,Raptor,,,Undead
129476,Bloated Krolusk,Vol'dun,Carapid,True,,Exotic
129482,Great Sea Albatross,Nazmir,Bird of Prey,,Great Sea Albatrosses with this ID are flying.,
129496,Sandspinner Weaver,Vol'dun,Spider,,,
129500,Sandspinner Stalker,Vol'dun,Spider,,Stealthed.,
129505,Sandspinner Hunter,Vol'dun,Spider,,,
129517,Reanimated Raptor,Atal'Dazar (Dungeon),Raptor,,"Located in Sacrificial Pits, Atal'Dazar (Dungeon). Spawns if you run over one of the purple piles of bones during the Rezan encounter. Unfortunately, it won't spawn unless you're in combat with Rezan.",Undead
129554,Zandalari Leguaan,Nazmir,Lizard,,,
129626,Enthralled Mossfang,Tiragarde Sound,Spider,,Curse aura effects lost upon taming.,
129638,Tamed Krolusk,Vol'dun,Carapid,,,Exotic
129742,Tufted Craghopper,Drustvar,Gruffhorn,,,
129761,Subjugated Pterrordax,Vol'dun,Pterrordax,,,Exotic
129764,Hexcrazed Doe,Drustvar,Stag,,"Has curse aura, which is lost upon taming.",
129805,Beshol,Drustvar,Spider,True,In a cave. Summoned by opening an Obviously Safe Chest.,
129810,Ruby-Toed Tarantula,Drustvar,Spider,,,
129833,Mossfang Matriarch,Tiragarde Sound,Spider,True,Her curse aura is lost upon taming.,
129835,Gorehorn,Drustvar,Stag,True,"Has a dark curse aura, and meat impaled on its rack. Both effects are lost upon taming.",
129857,Blacktooth Bloodhound,Tiragarde Sound,Hound,,"Located in Freehold (Non-Instanced), Tiragarde Sound.",
129869,Hungry Rooter,Stormsong Valley,Boar,,,
129913,Lurking Tarantula,Drustvar,Spider,,,
129950,Talon,Drustvar,Bird of Prey,True,Appears in different locations around the zone.,
129954,Gahz'ralka,Zuldazar,Hydra,True,,
129980,Abyssal Eel,Stormsong Valley,Serpent,,,
130019,Saurolisk Tidehunter,Vol'dun,Lizard,,,
130022,Saltscale Riverbeast,Vol'dun,Riverbeast,,Terrace of the Devoted and the northern coasts of the zone. Might phase with World Quests.,
130023,Saltscale Calf,Vol'dun,Riverbeast,,Terrace of the Devoted and the northern coasts of the zone. Might phase with World Quests.,
130042,Stoneclaw Crab,Vol'dun,Crab,,,
130070,Canyon Vulture,Vol'dun,Carrion Bird,,,
130085,Enthralled Ashclaw,Tiragarde Sound,Bear,,Has shadow and glow effects that are lost upon taming.,
130130,Hungry Warswine,Stormsong Valley,Boar,,,
130138,Nevermore,Drustvar,Carrion Bird,True,,
130147,Watcher Raven,Drustvar,Carrion Bird,,Flying above the area.,
130160,Saltrock Terrapin,Drustvar; Stormsong Valley,Turtle,,,
130164,Highland Boar,Drustvar,Boar,,,
130165,Highland Shoat,Drustvar,Boar,,,
130191,Clutch Defender,Nazmir,Raptor,,Spawned during the Bajiatha fight.,
130224,Rivermarsh Needleback,Nazmir,Waterfowl,,,
130229,Glasshide Basilisk,Zuldazar,Basilisk,,,
130232,Venomous Coilscale,Tiragarde Sound,Serpent,,,
130233,Sandspinner Hunter,Vol'dun,Spider,,,
130248,Bonebeak Scavenger,Vol'dun,Carrion Bird,,,
130256,Amani Bear,Zuldazar,Bear,,,
130257,Amani Battle Bear,Zuldazar,Bear,,,
130316,Ringhorn Strider,Vol'dun,Stag,,,
130321,Ringhorn Stag,Vol'dun,Stag,,,
130329,Sandstinger Drone,Vol'dun,Wasp,,,
130338,Dustfang,Island Expeditions (Scenario),Basilisk,True,"Located in Island Expeditions (Scenario). A possible encounter on any island, except maybe Crestfall and Snowblossom Village.",
130350,Guardian of the Spring,Tiragarde Sound,Courser,,"The Guardian of the Spring is normally friendly but can be tamed if you use the toy ""N'lyeth, Sliver of N'Zoth"" while in War Mode. This version of the Guardian is a vignette NPC at approx 61,52 that can be ridden for 40 seconds. If you ride it to Roan Berthold at approx 67,52 you'll be dismounted and receive a lootable chest. A version of the Guardian with a different NPC ID will appear there for a short time.",
130359,Coastal Osprey,Drustvar,Bird of Prey,,,
130401,Vathikur,Vol'dun,Serpent,True,"In the mountains in the south-east of the zone, on a rise south-east of Verdant Plateau. To summon Vathikur you have to kill all of the Pit Snakes.",
130403,Wild Pterrordax,Zuldazar,Pterrordax,,,Exotic
130405,Dustmane Howler,Vol'dun,Hyena,,,
130406,Dustmane Pack Leader,Vol'dun,Hyena,,,
130413,Feral Razorwing,Zuldazar,Wind Serpent,,,
130415,Krolusk Warcrawler,Zuldazar,Carapid,,,Exotic
130439,Ashmane,Vol'dun,Hyena,True,In a cave.,
130443,Hivemother Kraxi,Vol'dun,Wasp,True,In a cave.,
130486,Wild Thumpknuckle,Zuldazar,Gorilla,,,
130489,Dazarian Stalker,Zuldazar,Lizard,,,
130508,Broodmother Razora,Tiragarde Sound,Lizard,True,,
130512,Juvenile Thumpknuckle,Zuldazar,Gorilla,,"Garden of the Loa, Mount Mugamba, and central southern Zuldazar. This young ape originally had a monkey model, before it became tameable in Patch 8.1.",
130543,Silverback Thumpknuckle,Zuldazar,Gorilla,,,
130572,Feral Razorwing,Zuldazar,Wind Serpent,,,
130575,Wandering Axebeak,Zuldazar,Bird of Prey,,,
130581,Sand-Eye,Island Expeditions (Scenario),Basilisk,,"Located in Island Expeditions (Scenario). A possible encounter on any island, except maybe Crestfall and Snowblossom Village.",
130584,Gorespike,Island Expeditions (Scenario),Basilisk,True,"Located in Island Expeditions (Scenario). A possible encounter on any island, except maybe Crestfall and Snowblossom Village.",
130589,Roaming Nibbler,Zuldazar,Raptor,,,
130598,Crystal Spine Matriarch,Northern Stranglethorn,Basilisk,,,
130643,Twisted Child of Rezan,Zuldazar,Devilsaur,True,In a cave at the back of the Temple of Rezan. Only present on days when the world quest Twisted Child of Rezan is active.,Exotic|Undead
130664,Goldcoat Stinger,Tiragarde Sound,Wasp,,,
130668,Hungry Dewscale,Tiragarde Sound,Lizard,,,
130712,Adolescent Direhorn,Zuldazar,Direhorn,,,Direhorn
130713,Ten'gor,Zuldazar,Devilsaur,True,,Exotic
130722,Fenclaw Stalker,Nazmir,Raptor,,,
130727,Fenclaw Runner,Nazmir,Raptor,,,
130735,Bone Raptor,Nazmir,Raptor,,,Undead
130741,Nol'ixwan <The Ancient>,Zuldazar,Direhorn,True,,Direhorn
130743,Adolescent Direhorn,Zuldazar,Direhorn,,,Direhorn
130752,Dazarian Giantfang,Zuldazar,Lizard,,,
130753,Vicious Diemetradon,Zuldazar,Lizard,,,
130754,Muddy Riverbeast,Zuldazar,Riverbeast,,,
130756,Vicious Diemetradon,Zuldazar,Lizard,,,
130757,Muddy Riverbeast,Zuldazar,Riverbeast,,,
130774,Dazarian Stalker,Zuldazar,Lizard,,,
130776,Enriched Rockshell,Tiragarde Sound,Turtle,,,
130812,Coral Scuttler,Stormsong Valley,Crab,,,
130832,Salteyed Axebeak,Zuldazar,Bird of Prey,,,
130846,Salteyed Axebeak,Zuldazar,Bird of Prey,,,
130889,Workhorse,Tiragarde Sound,Courser,,"Horde hunters can tame this Workhorse the usual way, but it is friendly to Alliance and can only be tamed by Alliance hunters using the toy ""N'lyeth, Sliver of N'Zoth"" while in War Mode. Found just across the bridge, to the east of Vigil Hill island. Only one is present at a time, but if the current one isn't the colour you're after you can kill it and it respawns quickly.",
130935,Elusive Chitinbuk,Eredath,Stag,,"Behind the circular building. There's only one, so it may not always be present. The horn shape on the wild NPC can vary between the two types, so you may need patience to get the style you prefer.",
130937,Albino Umbralfin,Eredath,Ray,,"Seems to be an infrequent spawn in areas where Umbralfins occur. If you can't find one, try killing the Umbralfins.",
130943,Ancient Duskcloak,Krokuun,Cat,,"At the back, behind Naroua. Only one seems to be present.",
130948,King Da'ka <Lord of the Mists>,Zuldazar,Gorilla,True,,
130953,Da'kani Pugilist,Zuldazar,Gorilla,,This gorilla wears a skull that is lost upon taming.,
130954,Da'kani Highbrow,Zuldazar,Gorilla,,,
131013,Dazarian Snapper,Zuldazar,Crab,,,
131136,Glacial Hunter,Tiragarde Sound,Bird of Prey,,Flying above the Waning Glacier.,
131188,Sandtalon Vulture,Nazmir,Carrion Bird,,,
131221,River Softshell,Tiragarde Sound,Crab,,,
131229,Bonescrape Scavenger,Tiragarde Sound,Carrion Bird,,,
131233,Lei-zhi,Zuldazar,Stone Hound,True,,Exotic
131252,Merianae,Tiragarde Sound,Lizard,True,,
131262,Pack Leader Asenya,Tiragarde Sound,Wolf,True,,
131285,Reanimated Monstrosity,Nazmir,Devilsaur,,,Exotic|Undead
131332,Wild Gryphon,Tiragarde Sound,Feathermane,,,Feathermane
131365,Coppertooth Prowler,Tiragarde Sound,Wolf,,,
131377,Hive Guardian,Stormsong Valley,Wasp,,,
131387,Coppertail Fox,Stormsong Valley,Fox,,,
131520,Kulett the Ornery,Tiragarde Sound,Turtle,True,,
131554,Invasive Razorwing,Zuldazar,Wind Serpent,,,
131558,Invasive Razorwing,Zuldazar,Wind Serpent,,,
131560,Feral Ravasaur,Zuldazar,Raptor,,,
131598,Cliff Axebeak,Zuldazar,Bird of Prey,,,
131600,Highland Falcon,Stormsong Valley,Bird of Prey,,,
131623,Xibalan Saurid,Zuldazar,Raptor,,,
131624,Xibalan Ravasaur,Zuldazar,Raptor,,,
131626,Wild Direhorn,Zuldazar,Direhorn,,,Direhorn
131628,Direhorn Bull,Zuldazar,Direhorn,,,Direhorn
131632,Xibalan Apex,Zuldazar,Devilsaur,,,Exotic
131672,Young Xibalan Apex,Zuldazar,Devilsaur,,,Exotic
131675,Sandskitter Crab,Zuldazar,Crab,,,
131687,Tambano <The Clawed Horror>,Zuldazar,Crab,True,,
131693,Freshwater Hermit,Stormsong Valley,Crab,,,
131695,Cliff Axebeak,Zuldazar,Bird of Prey,,"Found hiding in the undergrowth at one specific location - off a path leading to Nazmir, north-east of the Garden of the Loa.",
131697,Highland Grizzly,Stormsong Valley,Bear,,,
131718,Bramblewing,Zuldazar,Pterrordax,True,,Exotic
131817,Cragmaw the Infested,The Underrot (Dungeon),Blood Beast,True,Located in The Underrot (Dungeon). Infested with many ticks that are lost upon taming.,Blood Beast
131890,Rock Stalker,Silithus,Spider,,"Only present in the newer phase of Silithus, after you complete the Antorus raid.",
131892,Silithid Sentinel,Silithus,Aqiri,,"Only present in the newer phase of Silithus, after you complete the Antorus raid.",Exotic
131893,Silithid Drone,Silithus,Aqiri,,"Only present in the newer phase of Silithus, after you complete the Antorus raid.",Exotic
131895,Silithid Spitfire,Silithus,Wasp,,"Present in the newer phase of Silithus, after you complete the Antorus raid.",
131897,Stonelash Pincer,Silithus,Scorpid,,"Only present in the newer phase of Silithus, after you complete the Antorus raid.",
132022,Wild Sabertusk,Zuldazar,Lizard,,,
132030,Adolescent Crawg,Nazmir,Blood Beast,,,Blood Beast
132031,Marsh Snapjaw,Nazmir,Crocolisk,,,
132068,Bashmu,Tiragarde Sound,Hydra,True,,
132127,Foxhollow Skyterror,Tiragarde Sound,Bird of Prey,True,,
132194,Hexenwolf Alpha,Drustvar,Wolf,,Has a shadowy electrical effect that is lost upon taming,
132195,Hexenwolf Tracker,Drustvar,Wolf,,Has a shadowy electrical effect that is lost upon taming,
132211,Fowlmouth <The Last of His Crew>,Tiragarde Sound,Bird of Prey,True,Wears a pirate hat that is lost upon taming.,
132244,Kiboku <The Hillshaker>,Zuldazar,Riverbeast,True,,
132275,Parrot-in-Training,Tiragarde Sound,Bird of Prey,,"Located in Freehold (Non-Instanced), Tiragarde Sound.",
132317,Bilefang Hunter,Drustvar,Spider,,,
132318,Bilefang Skitterer,Drustvar,Spider,,,
132319,Bilefang Mother,Drustvar,Spider,True,,
132341,Hive Mother,Stormsong Valley,Wasp,True,In a cave in the south-west of the area.,
132409,Feathered Viper,Zuldazar,Wind Serpent,,,
132410,Feathered Viper,Zuldazar,Wind Serpent,,,
132526,Fleshripper Vulture,Silithus,Carrion Bird,,"Only present in the newer phase of Silithus, after you complete the Antorus raid.",
132578,Qroshekx,Silithus,Aqiri,True,"Only present in the newer phase of Silithus, after you complete the Antorus raid.",Exotic
132580,Ssinkrix,Silithus,Aqiri,True,"Only present in the newer phase of Silithus, after you complete the Antorus raid.",Exotic
132584,Xaarshej,Silithus,Aqiri,True,"Only present in the newer phase of Silithus, after you complete the Antorus raid.",Exotic
132644,Wolf Pup,Battle of Stromgarde (Warfront),Wolf,,,
132650,Ol' Bubbly,Zuldazar,Crab,True,,
132653,Ji'arak Broodling,Zuldazar,Pterrordax,,"This pterrordax spawns during combat with open-world raid boss Ji'arak, who only appears when it is her week as Battle for Azeroth world boss.",Exotic
132754,Highland Strider,Battle of Stromgarde (Warfront),Raptor,,,
132758,Young Mesa Buzzard,Battle of Stromgarde (Warfront),Carrion Bird,,,
132760,Plains Creeper,Battle of Stromgarde (Warfront),Spider,,,
132766,Plains Creeper,Battle of Stromgarde (Warfront),Spider,,,
133163,Tia'Kawan <The Ill-Tempered>,Zuldazar,Direhorn,True,"Find in jungles north-east of The Sliver (approx 65, 23). She's only up on days when her associated world quest (Tia'Kawan) is active.",Direhorn
133173,Vicious War Crawg,Nazmir,Blood Beast,,,Blood Beast
133234,Krolusk Dunemite,Vol'dun,Carapid,,,Exotic
133285,Riverbottom Hunter,Tiragarde Sound,Waterfowl,,,
133298,Fetid Devourer,Uldir (Raid),Hydra,True,"Located in Gallery of Failures, Uldir (Raid).",
133321,Razorwing Defender <Invasive Species Alpha>,Zuldazar,Wind Serpent,,,
133356,Tempestria,Tiragarde Sound,Lizard,True,"Spawns after using the suspicious pile of meat trap. You fight a wave of troggs, then Tempestria.",
133357,Tamed Bloodswarmer,Nazmir,Blood Beast,,,Blood Beast
133384,Merektha,Temple of Sethraliss (Dungeon),Serpent,True,Located in Temple of Sethraliss (Dungeon). The second boss of the dungeon.,
133527,Juba the Scarred,Nazmir,Direhorn,True,Has spears embedded in its hide which are lost upon taming.,Direhorn
133539,Lo'kuno,Nazmir,Riverbeast,True,,
133562,Endurite Gyreworm,Deepholm,Shale Beast,,"This gyreworm is available to Blacksmiths only. It spawns during the Blacksmithing quest An Ear to the Ground, which becomes available from your BfA Blacksmithing trainer when you reach a skill of 150 in Battle for Azeroth Blacksmithing. While the quest is in an open area, it appears to be phased so that only the quester can see the worms.",Exotic
133587,Monstrous Pincher,Stormsong Valley,Crab,,,
133812,Zanxib <The Engorged>,Nazmir,Raptor,True,,
133822,Scavenging Boar,Drustvar,Boar,,,
133835,Feral Bloodswarmer,The Underrot (Dungeon),Blood Beast,,Located in The Underrot (Dungeon).,Blood Beast
133842,Warcrawler Karkithiss,Zuldazar,Carapid,True,,Exotic
133843,First Mate Swainbeak,Vol'dun,Bird of Prey,True,,
133853,Bloodcrest,Vol'dun,Lizard,True,,
133857,Shadraspawn Lurker,Zuldazar,Spider,,,
133862,Horned Leguaan,Zuldazar,Lizard,,,
133888,Whistlebloom Hunter,Vol'dun,Lizard,,,
133896,Defiant Riverbeast,Vol'dun,Riverbeast,,,
133897,Thirsty Calf,Vol'dun,Riverbeast,,,
133901,Whistlebloom Impaler,Vol'dun,Wasp,,,
133980,Ayame <The Creeping Death>,Nazmir,Serpent,True,,
133988,Cursed Gyrfalcon,Drustvar,Bird of Prey,,Has a shadowy electrical effect that is lost upon taming.,
134005,Shalebiter,The MOTHERLODE!! (Dungeon),Shale Beast,True,"Located in Lucky Strike Mines, The MOTHERLODE!! (Dungeon).",Exotic
134046,Enthralled Saurid,Zuldazar,Raptor,,Summoned by activating the Strange Egg vignette.,
134047,Enthralled Saurid,Zuldazar,Raptor,,Summoned by activating the Strange Egg vignette.,
134048,Vukuba,Zuldazar,Wind Serpent,True,Summoned after you kill two waves of Enthralled Saurids in the Strange Egg vignette.,
134057,Dreadtick Latcher,Nazmir,Blood Beast,,Blood ticks with this ID are only present on days when the world quest Scorched Earth is up. They're found in groups nearby tameable bloodticks with the same name.,Blood Beast
134108,Ahjani Vulture,Vol'dun,Carrion Bird,,,
134147,Beehemoth,Stormsong Valley,Wasp,True,Only present when the World Quest Beehemoth is active.,
134155,Enraged Swarmer,Stormsong Valley,Wasp,,,
134167,Highland Thrasher,Battle of Stromgarde (Warfront),Raptor,,,
134296,Lucille,Nazmir,Spider,True,"Found south-east of Torga's Rest, Lucille is summoned on request by the Tortollan, Chag. Chag seems to be there all the time, and not just during his World Quest, Chag's Challenge, but he won't always offer the dialogue to summon Lucille.",
134307,Hexthralled Courser,Drustvar,Courser,,Found inside the stables. Has a curse aura that is lost upon taming.,
134316,Stormsong Crane,Stormsong Valley,Waterfowl,,,
134349,Mountain Goat,Stormsong Valley,Gruffhorn,,,
134377,Slickbeak Osprey,Stormsong Valley,Bird of Prey,,,
134390,Sand-Crusted Striker,Temple of Sethraliss (Dungeon),Serpent,,Located in Temple of Sethraliss (Dungeon). Spawned during the Merektha fight.,
134433,Blood Crawg,Zuldazar,Blood Beast,,"Blood Crawgs with this ID appear during the Horde-only phased quest, Zandalar Forever!. You have to dismount to tame it. To be eligible for this quest you have to complete the quest chains for all three zones of Zandalar and then complete the Bulwark of Torcali quest in Zuldazar.",Blood Beast
134450,Risen Bloodhound,Stormsong Valley,Hound,,Does not keep purple aura when tamed.,Undead
134507,Siege Monstrosity,Zuldazar,Devilsaur,,"Siege Monstrosities with this ID appear during the Horde-only phased quest, Zandalar Forever!. You have to dismount to tame it. To be eligible for this quest you have to complete the quest chains for all three zones of Zandalar and then complete the Bulwark of Torcali quest in Zuldazar.",Exotic|Undead
134519,Royal Guard,Stormsong Valley,Wasp,,Outside the cave of the Hive Mother.,
134521,Enraged Nibbler,Tiragarde Sound,Shale Beast,,,Exotic
134557,Maimed Krolusk,Vol'dun,Carapid,,,Exotic
134562,Captured Krolusk,Vol'dun,Carapid,,"Periodically appears in the west of the area, brought in by a Faithless Raider.",Exotic
134686,Mature Krolusk,Temple of Sethraliss (Dungeon),Carapid,,Located in Temple of Sethraliss (Dungeon).,Exotic
134690,Ambermane Gazelle,Vol'dun,Stag,,,
134699,Ambermane Buck,Vol'dun,Stag,,,
134717,Umbra'rix <Servant of Shadra>,Zuldazar,Spider,True,,
134718,Redrock Scavenger,Vol'dun,Hyena,,,
134744,Redrock Howler,Vol'dun,Hyena,,,
134774,Hexed Raven,Drustvar,Carrion Bird,,,
134780,Enticed Axebeak,Zuldazar,Bird of Prey,,Spawned by the Chum Bucket vignette.,
134782,Murderbeak,Zuldazar,Bird of Prey,True,Spawned by killing two waves of Enticed Axebeaks at Backwater Beach.,
134798,Abyss Crawler,Island Expeditions (Scenario),Crab,True,"Located in Island Expeditions (Scenario). A possible encounter on any island, except maybe Crestfall and Snowblossom Village.",
134799,Fathomclaw,Island Expeditions (Scenario),Crab,True,"Located in Island Expeditions (Scenario). A possible encounter on any island, except maybe Crestfall, Dread Chain, and Snowblossom Village.",
134852,Vilebone Ravager,Nazmir,Devilsaur,True,Only appears on days when the world quest Agent of Death is active.,Exotic|Undead
134896,Sewer Vicejaw,Tiragarde Sound,Crocolisk,,"Located in Sodden Depths (Alliance intro phase), Tiragarde Sound. Only accessible during the Alliance introductory storyline for Kul Tiras.",
134906,Saltwater Snapper,Tiragarde Sound,Turtle,,"Located in Tol Dagor (Non-Instanced), Tiragarde Sound.",
134907,Silt Crab,Tiragarde Sound,Crab,,"Located in Tol Dagor (Non-Instanced), Tiragarde Sound.",
134934,Hardshell Pincher,Zuldazar,Crab,,North of Zeb'ahari. Spawns during combat with Tambano.,
135048,Gorestained Piglet,Waycrest Manor (Dungeon),Boar,,"Located in Banquet Hall, Waycrest Manor (Dungeon). The NPC is tamable only in the Normal difficulty. The Heroic or Mythic difficulty NPC versions are not tamable.",
135049,Dreadwing Raven,Waycrest Manor (Dungeon),Carrion Bird,,Located in Waycrest Manor (Dungeon).,
135052,Blight Toad,Waycrest Manor (Dungeon),Hopper,,"Located in Ballroom, Waycrest Manor (Dungeon).",
135061,Water Serpent,Vol'dun,Serpent,,,
135197,Scavenging Darkmaw,Drustvar,Wolf,,,
135234,Diseased Mastiff,Waycrest Manor (Dungeon),Hound,,Located in Waycrest Manor (Dungeon).,
135293,Thundersnout <Boar Matriarch>,Stormsong Valley,Boar,True,Within a cave.,
135304,Territorial Razorwing,Zuldazar,Wind Serpent,True,Only present when the Kua'fon daily quest A Nose for Ptrouble is active. There is a 1-in-4 chance of this.,
135322,The Golden Serpent,Kings' Rest (Dungeon),Wind Serpent,True,Located in Kings' Rest (Dungeon).,
135338,Gnarl,Vol'dun,Hyena,True,,
135339,Snarl,Vol'dun,Hyena,True,,
135433,Reanimated Ravasaur,Zuldazar,Raptor,,Not inside the dungeon. Found in the large sunken area before the Kings' Rest dungeon entrance.,Undead
135450,Wild Skyscreamer,Zuldazar,Pterrordax,,"Located in Atal'Dazar (Non-Instanced), Zuldazar.",Exotic
135490,Toxic Saurid,Zuldazar,Raptor,,"Located in Atal'dazar (Non-Instanced), Zuldazar. Found by a pond and waterfall in the north-west corner. Tame quickly, before the pack overwhelms you!",
135494,Slateclaw Shrieker,Vol'dun,Pterrordax,,,Exotic
135508,Kil'Tawan <Mate of Tia'Kawan>,Zuldazar,Direhorn,True,"Only present when the Kua'fon daily quest A Nose for Ptrouble is active. There is a 1-in-4 chance of this. If Kil'Tawan is still not present, try killing Thunderfoot or Azuresail, and she may spawn.",Direhorn
135510,Azuresail the Ancient,Zuldazar,Lizard,True,"Only present when the Kua'fon daily quest A Nose for Ptrouble is active. There is a 1-in-4 chance of this. If Azuresail is still not present, try killing Thunderfoot or Kil'Tawan, and it may spawn.",
135574,Coastal Raven,Drustvar,Carrion Bird,,,
135582,Krolusk Sandhunter,Vol'dun,Carapid,,,Exotic
135632,Mountain Hawk,Stormsong Valley,Bird of Prey,,"Found flying above the area. This bird originally had the appearance of a gold condor, but was switched to the hawk model in Patch 8.1.",
135742,Risen Anklebiter,Vol'dun,Raptor,,,Undead
135743,Risen Ravasaur,Vol'dun,Raptor,,Risen Ravsaurs with this ID are reanimated by Zunashi the Exile at the start of combat. He's hiding in a cavern under the dunes.,Undead
135745,Shale Crawler,Stormsong Valley,Shale Beast,,,Exotic
135769,Goldcoat Stinger,Tiragarde Sound,Wasp,,Goldcoat Stingers with this ID are only spawned during combat with Brawr.,
135773,Irontide Mastiff,Drustvar,Hound,,,
135789,Mud Lurker Python,Nazmir,Serpent,,,
135790,Roughscale Stalker,Nazmir,Raptor,,,
135846,Sand-Crusted Striker,Temple of Sethraliss (Dungeon),Serpent,,Located in Temple of Sethraliss (Dungeon).,
135852,Ak'tar <Slateclaw Matriarch>,Vol'dun,Pterrordax,True,,Exotic
136149,Wetshell Matriarch,Stormsong Valley,Turtle,,,
136183,Crushtacean,Stormsong Valley,Crab,True,In a cave. Has a purple smog effect.,
136204,Coldtooth Alpha,Stormsong Valley,Wolf,,,
136205,Coldtooth Howler,Stormsong Valley,Wolf,,,
136280,Agitated Albatross,Tiragarde Sound,Bird of Prey,,"During the World Quest ""Albatrocity"".",
136311,Mountain Hawk,Stormsong Valley,Bird of Prey,,"Summoned during the Alliance quest Smells Like Trouble, when a player uses the Scent Vial on Durmok Darkmane. Horde hunters can tame this hawk the usual way, though they need to coordinate with an an Alliance player who has the quest and can summon it. It is friendly to Alliance and can only be tamed by Alliance hunters using the toy ""N'lyeth, Sliver of N'Zoth"" while in War Mode.",
136334,Prime Thumpknuckle,Zuldazar,Gorilla,True,,
136335,Enraged Krolusk,Vol'dun,Carapid,True,,Exotic
136336,Scorpox,Vol'dun,Scorpid,True,,
136341,Jungleweb Hunter,Vol'dun,Spider,True,,
136381,Tojek <The Rogue Tusk>,Nazmir,Direhorn,True,,Direhorn
136393,Bloodwing Bonepicker,Vol'dun,Carrion Bird,True,,
136416,Feral Razorclaw,Stormsong Valley,Wolf,,,
136417,Razorclaw Alpha,Stormsong Valley,Wolf,True,In a cave.,
136418,Young Razorclaw,Stormsong Valley,Wolf,,In a cave.,
136426,Fenclaw Leaper,Nazmir,Raptor,,Stealthed.,
136469,Lil' Red,Stormsong Valley,Hound,True,"Horde must be flagged PvP in order to tame this hound. It is friendly to Alliance and can only be tamed by Alliance hunters using the toy ""N'lyeth, Sliver of N'Zoth"" while in War Mode.",
136475,Speckled Bullfrog,Vol'dun,Hopper,,,
136487,Goldeater,Vol'dun,Beetle,,,
136548,War Krolusk,Vol'dun,Carapid,,"Part of the World Quests Azerite Mining / Azerite Madness, when the quest is active in Vol'dun.",Exotic
136550,Charged Sentinel,Zuldazar,Stone Hound,,"Associated with the Azerite Madness and Azerite Mining World Quests in Zuldazar, when Mogu are present.",Exotic
136553,Saltspine Krolusk,Vol'dun,Carapid,,,Exotic
136566,Thieving Snapper,Vol'dun,Raptor,,,
136591,Highland Grizzly,Stormsong Valley,Bear,,,
136593,Sevriss,Vol'dun,Serpent,True,,
136653,Ravenous Sandworm,Vol'dun,Worm,,Only present when the Horde-only World Quest Sandfishing is active. These worms can be fished out of the sand as part of the quest. The quest is located north-east of Atul'Aman.,Exotic
136663,Bone Beetle,Vol'dun,Beetle,,,
136664,Bonebeak Vulture,Vol'dun,Carrion Bird,,,
136667,Krolusk Dunecrawler,Vol'dun,Carapid,,Only present when the Horde-only World Quest Sandfishing is active. These krolusks can be fished out of the sand as part of the quest. The quest is located north-east of Atul'Aman.,Exotic
136690,Snowdrift Prowler,Drustvar,Wolf,,,
136697,The Rime Huntress,Drustvar,Wolf,True,,
136796,Smuggled Crawg,Zuldazar,Blood Beast,,,Blood Beast
136901,Brinefang Saurolisk,Tiragarde Sound,Lizard,,,
136914,Brinebeak Albatross,Stormsong Valley; Mechagon,Bird of Prey,,"Located in Brined Flats, Stormsong Valley (flying above the area), and The Toothy Shallows, Mechagon.",
136939,Mother Goat,Stormsong Valley,Gruffhorn,,,
136976,T'zala,Kings' Rest (Dungeon),Raptor,True,"Located in Kings' Rest (Dungeon). Summoned as part of the King Dazar (final boss) encounter, when the King reaches 60% health.",Undead
136984,Reban,Kings' Rest (Dungeon),Raptor,True,"Located in Kings' Rest (Dungeon). Summoned as part of the King Dazar (final boss) encounter, when the King reaches 80% health.",Undead
136993,Bonebeak Scavenger,Vol'dun,Carrion Bird,,,
137000,Cellar Crawler,Stormsong Valley,Spider,,,
137025,Broodmother,Stormsong Valley,Spider,True,In a cellar in the south-west of the area.,
137077,Gulch Beetle,Vol'dun,Beetle,,,
137098,Liskorath,Tol Dagor (Dungeon),Lizard,,"Located in Tol Dagor (Dungeon). Only present when the world quest Tol Dagor: Shorefront Property is active. Located on the shoreline, head right from the dungeon entrance.",
137152,Company Watchdog,Tiragarde Sound,Hound,,,
137181,Mead-Craving Crane,Tiragarde Sound,Waterfowl,,Spawned during the first stage of the Imperiled Merchants vignette.,
137182,Honey-Crazed Gull,Tiragarde Sound,Bird of Prey,,Spawned during the second stage of the Imperiled Merchants vignette.,
137183,Honey-Coated Slitherer,Tiragarde Sound,Serpent,True,Spawned in the final stage of the Imperiled Merchants vignette. It loses its golden aura once tamed.,
137198,Oasis Stalker,Vol'dun,Scorpid,,,
137209,Bonebleach Buzzard,Vol'dun,Carrion Bird,,,
137211,Scorched Roc,Vol'dun,Carrion Bird,,,
137217,Oasis Deathstrike,Vol'dun,Scorpid,,,
137233,Plague Toad,Temple of Sethraliss (Dungeon),Hopper,,"Located in Temple of Sethraliss (Dungeon). Spawned during the Avatar of Sethralis encounter. They die on contact, so this can be a difficult tame. Try to stun one and tame it quickly.",
137255,Derelict Hexapod,Zuldazar,Crab,,,
137329,Grove Watcher,Drustvar,Carrion Bird,,,
137332,Scorpashi Duneclaw,Vol'dun,Scorpid,,,
137336,Ashenwood Doe,Drustvar,Stag,,Doesn't retain back mushrooms after taming.,
137338,Rose,Tiragarde Sound,Courser,True,"Rose is friendly to Alliance and can only be tamed by using the toy ""N'lyeth, Sliver of N'Zoth"" while in War Mode. She doesn't seem to be visible to Horde players. Rose can be found in the yard by the stables after you complete the main Norwington Estate storyline.",
137340,Mara,Tiragarde Sound,Courser,True,"Found in a yard adjacent to the stables. Horde hunters can tame this horse the usual way, but it is friendly to Alliance and can only be tamed by Alliance hunters using the toy ""N'lyeth, Sliver of N'Zoth"" while in War Mode.",
137342,Korthos,Tiragarde Sound,Courser,True,"Found in a yard adjacent to the stables. Horde hunters can tame this horse the usual way, but it is friendly to Alliance and can only be tamed by Alliance hunters using the toy ""N'lyeth, Sliver of N'Zoth"" while in War Mode.",
137349,Ashenwood Stag,Drustvar,Stag,,It doesn't retain the fungi growing on its back after taming.,
137353,Ashenwood Prowler,Drustvar,Fox,,"Doesn't retain back mushrooms after taming, Drustvar.",
137356,Whistlebloom Hatchling,Vol'dun,Lizard,,,
137450,The Hornet,Tiragarde Sound,Wasp,True,,
137457,Stray Truffle-Hunter,Drustvar,Boar,,,
137461,Starving Darkmaw,Drustvar,Wolf,,,
137468,Gorging Raven,Drustvar,Carrion Bird,,,
137487,Skeletal Hunting Raptor,Kings' Rest (Dungeon),Raptor,,"Located in Sepulcher of the Dahazi, Kings' Rest (Dungeon). Activates as part of a gauntlet event in the Sepulcher hallway, along with Queen Patlaa. Each of the four groups present will activate sequentially, and you'll probably have to defeat two other groups before this raptor can be attacked.",Undead
137545,Coastal Saurid,Zuldazar,Raptor,,,
137575,South Sea Albatross,Zuldazar,Bird of Prey,,,
137640,Crimsonwood Prowler,Drustvar,Fox,,,
137681,King Clickyclack <King of the Tide Pools>,Vol'dun,Crab,True,In a cave.,
137713,Big Money Crab,THE MOTHERLODE!! (Dungeon),Crab,,"Located in THE MOTHERLODE!! (Dungeon). Found on the beach. Has gems and coins embedded in it, which are lost upon taming.",
137714,Starving Hornet,Vol'dun,Wasp,,"Spawns during the quest Giving Back to Nature, which is part of the Battle for Azeroth Herbalism quest chain. Spawns north-east of Vulpera Hideaway.",
137716,Bottom Feeder,THE MOTHERLODE!! (Dungeon),Crab,,Located in THE MOTHERLODE!! (Dungeon). Found on the beach.,
137720,Soaring Eagle,Zuldazar,Bird of Prey,,Spawned by the Disciple of Akil'zon during the Horde quest Punishment of Tal'aman.,
137721,Ruincrawler,Vol'dun,Beetle,,,
137724,Alpine Gryphon,Drustvar,Feathermane,,,Feathermane
137743,V-300 SENTRY,Tiragarde Sound,Mechanical,,,Mechanical
137763,Coral Snapper,Stormsong Valley,Crab,,,
137824,Arclight,Drustvar,Serpent,True,,
137825,Avalanche,Drustvar,Feathermane,True,,Feathermane
137829,Dazarian Stalker,Zuldazar,Lizard,,"This version of the Dazarian Stalker is only present on days when the Horde world quest Brutal Escort is active. It spawns to attack the caravan, but possibly only if a player is present who has the quest.",
137835,Vicious Black Bear,Battle of Stromgarde (Warfront),Bear,,,
137836,Wild Horse,Arathi Highlands,Courser,,"Found in the Battle for Azeroth Warfront phase, south and west of Newstead, north of Highlands Mill.",
137840,Da'kani Provocator,Zuldazar,Gorilla,,"This gorilla is only present on days when the Horde world quest Brutal Escort is active. It spawns to attack the caravan, but possibly only if a player is present who has the quest.",
137885,Ravenous Crab,Nazmir,Crab,,"This crab can spawn during the Horde herbalism profession quest Gathering Mementos, when a player searches the pools of flotsam along the coastline.",
137944,Spiny Shallow Eel,Stormsong Valley,Serpent,,,
137967,Tunnel Stalker,Stormsong Valley,Spider,,,
138086,Darkmaw Den Mother,Drustvar,Wolf,,"In a cave east of Teller's Farm, north-west of Arom's Stand.",
138179,Snowmelt Fox,Drustvar,Fox,,,
138181,Darkmaw Prowler,Drustvar,Wolf,,,
138258,Bonepicker Scavenger,Vol'dun,Carrion Bird,,,
138286,Hungry Seahawk,Tiragarde Sound,Bird of Prey,,Flying above the area.,
138316,Highland Goat,Tiragarde Sound,Gruffhorn,,,
138342,Dustmane Howler,Vol'dun,Hyena,,Spawned during combat with the vignette mob Ashmane.,
138491,Vicious War Crawg,Nazmir,Blood Beast,,Vicious War Crawgs with this ID are summoned by Amaka the Crawg Ma'da in combat.,Blood Beast
138540,Venomous Cobra,Vol'dun,Serpent,,"A pair of these cobras are summoned during combat with Fangcaller Xorreth, who is only present on days when his world quest, Fangcaller Xorreth, is active. You may have to kill (or feign death and reset) him more than once before your desired colour appears.",
138596,Gutgut <Shath'kar's Pet>,Vol'dun,Carrion Bird,True,,
138660,Mist Hound,Island Expeditions (Scenario),Hound,,"Located in Island Expeditions (Scenario). A possible encounter on Dread Chain, Skittering Hollow, Verdant Wilds.",Undead
138675,Gorged Boar,Drustvar,Boar,True,,
138727,Bloodswarmer,Nazmir,Blood Beast,,,Blood Beast
138794,Dunegorger Kraulok,Vol'dun,Devilsaur,True,Dunegorger Kraulok is only present for the week in which it is the active Battle for Azeroth World Boss. This occurs one week in every six.,Exotic|Undead
138812,Bloodraging Crawg,Nazmir,Blood Beast,,Has a pulsing red aura before taming.,Blood Beast
138851,Soul Hunter,Island Expeditions (Scenario),Hound,True,Located in Island Expeditions (Scenario). Can appear on any island when a Kvaldir invasion is occurring.,Undead
138963,Nestmother Acada,Stormsong Valley,Carrion Bird,True,"Flies around a hilly area just north of the Briny Flats. She's friendly until you disturb her nest, then becomes hostile.",
138971,Zian-Ti Serpent,Island Expeditions (Scenario),Lesser Dragonkin,,"Located in Island Expeditions (Scenario). This serpent can appear on any island during a Mogu invasion, which is one of a number of possible invasion events that can occur randomly in the middle of an Island Expedition. You may need to run several expeditions before Mogu will show up, and they won't be accompanied by these cloud serpents every time. Sometimes the Mogu are accompanied by Zian-Ti Cloudbreaker cloud serpents, which are black with a red sheen rather than gold.",Cloud Serpent
138972,Zian-Ti Cloudbreaker,Island Expeditions (Scenario),Lesser Dragonkin,,"Located in Island Expeditions (Scenario). This serpent can appear on any island during a Mogu invasion, which is one of a number of possible invasion events that can occur randomly in the middle of an Island Expedition. You may need to run several expeditions before Mogu will show up, and they won't be accompanied by these cloud serpents every time. Sometimes the Mogu are accompanied by 'Zian-Ti Serpent' cloud serpents, which are black with a gold sheen rather than red.",Cloud Serpent
139071,Bonebeak Buzzard,Vol'dun,Carrion Bird,,,
139072,Bonebeak Buzzard,Vol'dun,Carrion Bird,,,
139080,Timbershore Fox,Tiragarde Sound,Fox,,,
139145,Blackthorne,Tiragarde Sound,Wasp,True,,
139161,Brinefang Tidestalker,Tiragarde Sound,Lizard,,,
139194,Rotmaw,The Underrot (Dungeon),Worm,True,"Located in The Underrot (Dungeon). Rotmaw can only be found when its associated world quest, The Underrot: Rotmaw is active. It spawns at the back of the caverns between Elder Leaxa and Cragmaw the Infested - the first and second bosses in the dungeon.",Exotic
139205,P4-N73R4,Tiragarde Sound,Mechanical,True,,Mechanical
139233,Gulliver,Tiragarde Sound,Bird of Prey,True,,
139235,Tort Jaw,Tiragarde Sound,Turtle,True,,
139278,Ranja <The Last Chillpaw>,Tiragarde Sound,Bear,True,,
139280,Sythian the Swift,Tiragarde Sound,Stag,True,,
139285,Shiverscale the Toxic,Tiragarde Sound,Serpent,True,,
139290,Maison the Portable,Tiragarde Sound,Crab,True,,
139298,Pinku'shon,Stormsong Valley,Crab,True,"Has harpoons stuck in its shell and is holding an anchor, which are lost upon taming.",
139326,Invasive Eggsnatcher,Zuldazar,Raptor,,,
139328,Sabertron,Stormsong Valley,Mechanical,True,This red Sabertron is available all the time - to activate it just kill the Sabertron Technician standing nearby. The nearby units with different colours may only be tamed on rare occasions - a random one can be activated when the World Quest Sabertron is available.,Mechanical
139335,Sabertron,Stormsong Valley,Mechanical,True,"Each time the World Quest Sabertron is available there is a chance this unit will be activated after killing the Sabertron Technician. The probability is probably one-in-four per event, given that there are four rarely-available Sabertrons in the cave. The fifth colour, red-black can be activated and tamed all the time.",Mechanical
139336,Sabertron,Stormsong Valley,Mechanical,True,"Each time the World Quest Sabertron is available there is a chance this unit will be activated after killing the Sabertron Technician. The probability is probably one-in-four per event, given that there are four rarely-available Sabertrons in the cave. The fifth colour, red-black can be activated and tamed all the time.",Mechanical
139356,Sabertron,Stormsong Valley,Mechanical,True,"Each time the World Quest Sabertron is available there is a chance this unit will be activated after killing the Sabertron Technician. The probability is probably one-in-four per event, given that there are four rarely-available Sabertrons in the cave. The fifth colour, red-black can be activated and tamed all the time.",Mechanical
139359,Sabertron,Stormsong Valley,Mechanical,True,"Each time the World Quest Sabertron is available there is a chance this unit will be activated after killing the Sabertron Technician. The probability is probably one-in-four per event, given that there are four rarely-available Sabertrons in the cave. The fifth colour, red-black can be activated and tamed all the time.",Mechanical
139365,Queenfeather <Savagemane Matriarch>,Zuldazar,Raptor,True,,
139385,Deepfang,Stormsong Valley,Wolf,True,,
139435,Ridgeback Gorilla,Nazmir,Gorilla,,,
139456,Mistdown Riverhunter,Nazmir,Waterfowl,,,
139483,Ridgeback Alpha,Nazmir,Gorilla,,"Located just south of the Antul'Mita Plateau. You may find only one, standing on a rock just across the stream.",
139484,Ridgeback Elder,Nazmir,Gorilla,,,
139486,Skycrack <The Thundering Call>,Island Expeditions (Scenario),Lesser Dragonkin,True,Located in Island Expeditions (Scenario). Can appear on any island when a Mogu invasion is occurring.,Cloud Serpent
139488,Roaming Saurid,Nazmir,Raptor,,,
139493,Monstrous Pterrordax,Nazmir,Pterrordax,,,Exotic
139521,Sandspinner Weaver,Vol'dun,Spider,,,
139534,Skyterror Broodmother,Nazmir,Pterrordax,,,Exotic
139562,Spitz,Nazmir,Hound,True,"Horde hunters can tame this hound the usual way, but it is friendly to Alliance and can only be tamed by Alliance hunters using the toy ""N'lyeth, Sliver of N'Zoth"" while in War Mode. Spitz is one of the pets of Houndmaster Leopold and is only present when the Horde-only world quest Preemptive Assault is up in Nazmir.",
139563,Milo,Nazmir,Hound,True,"Horde hunters can tame this hound the usual way, but it is friendly to Alliance and can only be tamed by Alliance hunters using the toy ""N'lyeth, Sliver of N'Zoth"" while in War Mode. Milo is one of the pets of Houndmaster Leopold and is only present when the Horde-only world quest Preemptive Assault is up in Nazmir.",
139703,Young Savagelands Devilsaur,Zuldazar,Devilsaur,,,Exotic
139706,Savagelands Devilsaur,Zuldazar,Devilsaur,,,Exotic
139709,Rotting Monstrosity,Nazmir,Devilsaur,,Patrols outside the Heart of Darkness.,Exotic|Undead
139790,Highland Proudhorn,Stormsong Valley,Stag,,,
139793,Barbedclaw Grizzly,Stormsong Valley,Bear,,,
139796,Wayward Goat,Stormsong Valley,Gruffhorn,,,
139980,Taja the Tidehowler,Stormsong Valley,Hound,True,Taja loses its purple aura upon taming.,Undead
139988,Sandfang,Stormsong Valley,Serpent,True,,
140034,Bonestripper Krolusk,Tiragarde Sound,Carapid,,"Located in Tol Dagor (Non-Instanced), Tiragarde Sound.",Exotic
140038,Abyssal Eel,Shrine of the Storm (Dungeon),Serpent,,Located in Shrine of the Storm (Dungeon). Packs of these are in the water before the final boss - Vol'zith the Whisperer.,
140070,Bloodscent the Tracker,Island Expeditions (Scenario),Wolf,True,"Located in Island Expeditions (Scenario). A possible encounter on any island, except maybe Crestfall, Rotting Mire, and Snowblossom Village.",
140071,Old One-Fang,Island Expeditions (Scenario),Wolf,True,"Located in Island Expeditions (Scenario). A possible encounter on any island, except maybe Crestfall and Snowblossom Village.",
140072,Direprowl the Ravager,Island Expeditions (Scenario),Wolf,True,"Located in Island Expeditions (Scenario). A possible encounter on any island, except maybe Crestfall and Snowblossom Village.",
140275,Dire Barb,Stormsong Valley,Wasp,,In a cave.,
140296,Dampfur the Musky,Island Expeditions (Scenario),Wolf,True,"Located in Island Expeditions (Scenario). A possible encounter on any island, except maybe Crestfall and Snowblossom Village.",
140298,Gol'kun the Vicious,Island Expeditions (Scenario),Wolf,True,"Located in Island Expeditions (Scenario). A possible encounter on any island, except maybe Crestfall and Snowblossom Village.",
140300,Ripshread,Island Expeditions (Scenario),Wolf,True,"Located in Island Expeditions (Scenario). A possible encounter on any island, except maybe Crestfall and Snowblossom Village.",
140301,Scarpaw,Island Expeditions (Scenario),Wolf,True,"Located in Island Expeditions (Scenario). A possible encounter on any island, except maybe Crestfall, Rotting Mire, and Snowblossom Village.",
140464,Trained Parrot,Stormsong Valley,Bird of Prey,,,
140560,Blazeseeker,Island Expeditions (Scenario),Hound,True,"Located in Island Expeditions (Scenario). A possible encounter on Jorundall, Molten Cay, Verdant Wilds, Whispering Reef.",Undead
140585,Umber Lurker,Tiragarde Sound,Carapid,,,Exotic
140591,Qiraji Scarab,Uldir (Raid),Beetle,,"Located in Archives of Eternity, Uldir (Raid).",
140594,Silithid Hunter-Killer,Uldir (Raid),Wasp,,"Located in Archives of Eternity, Uldir (Raid).",
140604,Coastal Trapfang,Tiragarde Sound,Serpent,,Hidden under piles of sand.,
140664,Southern Sabertusk,Zuldazar,Lizard,,,
140689,Dreadfang Slitherer,Island Expeditions (Scenario),Serpent,,"Located in Island Expeditions (Scenario). A possible encounter on any island, except maybe Crestfall and Snowblossom Village.",
140690,Dreadfang Viper,Island Expeditions (Scenario),Serpent,,"Located in Island Expeditions (Scenario). A possible encounter on any island, except maybe Crestfall and Snowblossom Village.",
140691,Giant Dreadfang,Island Expeditions (Scenario),Serpent,,"Located in Island Expeditions (Scenario). A possible encounter on any island, except maybe Crestfall and Snowblossom Village.",
140692,Bloodbore,Island Expeditions (Scenario),Serpent,True,"Located in Island Expeditions (Scenario). A possible encounter on any island, except maybe Crestfall, Dread Chain, and Snowblossom Village.",
140699,Bonescreamer,Zuldazar,Raptor,True,WARNING: This pet is buggy and may periodically vanish or cause other issues. It's best not to tame it for now. It is part of the Horde skinning quest Lost But Not Forgotten.,
140735,Whitetail Stag,Darkshore,Stag,,Level 110 (War of the Thorns) zone phase.,
140738,Moonstalker,Darkshore,Cat,,Level 110 (War of the Thorns) zone phase.,
140756,Guardian of the Spring,Tiragarde Sound,Courser,,"The Guardian of the Spring is normally friendly but can be tamed if you use the toy ""N'lyeth, Sliver of N'Zoth"" while in War Mode. This version of the Guardian is the one that appears by Roan Berthold near Southwind Station (approx 67,52) for a short time after completing its associated vignette. The original version of the Guardian appears at The Placid Spring (approx 61,52) and can be mounted and ridden for 40 seconds. If you ride it to Roan Berthold at approx you'll be dismounted and receive a lootable chest.",
140830,Nazmani Skitterer,Nazmir,Beetle,,,
140938,Croaker,Stormsong Valley,Hopper,True,,
141029,Kickers,Stormsong Valley,Gruffhorn,True,,
141049,Tiragarde Skyhunter,Tiragarde Sound,Bird of Prey,,,
141051,Rustfur Matriarch,Tiragarde Sound,Wolf,True,"Only present when the world quest, A Feathery Fad is available.",
141118,Yard Dog,Stormsong Valley,Hound,,"On a farm in the south. Horde hunters can tame it the normal way, but it is friendly to Alliance and can only be tamed by Alliance hunters using the toy ""N'lyeth, Sliver of N'Zoth"" while in War Mode.",
141239,Osca the Bloodied,Stormsong Valley,Bear,True,Has arrows stuck in his hide that are retained after taming.,
141313,Hillcrest Goat,Stormsong Valley,Gruffhorn,,,
141599,Sourtooth,Stormsong Valley,Lizard,True,,
141641,Stonejaw Saurolisk,Stormsong Valley,Lizard,,,
141643,Seafloor Shambleclaw,The Great Sea,Crab,,"Located in The Great Sea (Quest Instance), The Great Sea. This crab is only accessible by Horde players. It appears in the Horde War Campaign quest instance ""At the Bottom of the Sea"", unlocked when your reputation with The Honorbound reaches 7.5k Honored.",
141696,Stonejaw Matriarch,Stormsong Valley,Lizard,,,
141720,Ridge Crawler,Vol'dun,Beetle,,,
141755,Ridge Skimmer,Vol'dun,Beetle,,,
141832,Rottail,Stormsong Valley,Lizard,True,,
141872,Shallows Softshell,Stormsong Valley,Crab,,,
141877,Shallows Seagull,Stormsong Valley,Bird of Prey,,,
141901,Bumbling Bee,Stormsong Valley,Wasp,,,
141935,Thrashing Crawg,Uldir (Raid),Blood Beast,,Located in Uldir (Raid).,Blood Beast
141977,Milden Mud Snout,Stormsong Valley,Riverbeast,True,"Located on the river east of Briarback Kraul, it only appears when the World Quest Milden Mud Snout is active.",
141981,Damplight Skitterer,Tiragarde Sound,Spider,,In a cave east of Vigil Hill. Spawns when you step on the webs.,
141988,Skittering Cliffwalker,Stormsong Valley,Spider,,Has a shadowy aura that is lost upon taming.,
142016,Newstead Hound,Arathi Highlands;  Battle of Stromgarde (Warfront),Hound,,"Located in Newstead, Arathi Highlands; Battle of Stromgarde (Warfront). Found in the Battle for Azeroth zone phase. Friendly to Alliance.",
142088,Whirlwing,Stormsong Valley,Feathermane,True,,Feathermane
142183,Riverland Doe,Stormsong Valley,Stag,,,
142195,Riverland Stag,Stormsong Valley,Stag,,,
142198,Void-Touched Fox,Stormsong Valley,Fox,,Has a void-effect that is lost upon taming.,
142199,Alpine Hawk,Stormsong Valley,Bird of Prey,,,
142312,Skullripper,Battle of Stromgarde (Warfront),Raptor,False,"Located in Battle of Stromgarde (Warfront). This version of Skullripper sometimes appears in the warfront instance, by a rocky outcrop east (and a little south) of Dabyrie's Farmstead.",
142333,Giant Plains Creeper,Arathi Highlands,Spider,,"Found in the Battle for Azeroth zone phase, in the south-west part of the zone.",
142334,Plains Creeper,Battle of Stromgarde (Warfront),Spider,,,
142335,Young Mesa Buzzard,Battle of Stromgarde (Warfront),Carrion Bird,,,
142337,Mesa Buzzard,Arathi Highlands,Carrion Bird,,Found in the Battle for Azeroth zone phase.,
142338,Highland Strider,Arathi Highlands,Raptor,,Found in the Battle for Azeroth zone phase.,
142339,Highland Thrasher,Arathi Highlands,Raptor,,Found in the Battle for Azeroth zone phase.,
142340,Highland Fleshripper,Arathi Highlands,Raptor,,"Found in the Battle for Azeroth zone phase, in the south-west part of the zone.",
142341,Elder Mesa Buzzard,Arathi Highlands,Carrion Bird,,Found in the Battle for Azeroth zone phase.,
142342,Vicious Black Bear,Arathi Highlands,Bear,,Found in the Battle for Azeroth zone phase.,
142347,Wild Horse,Arathi Highlands,Courser,,"Found in the Battle for Azeroth phase, south and west of Newstead, north of Highlands Mill.",
142361,Plaguefeather,Battle of Stromgarde (Warfront),Carrion Bird,False,Located in Battle of Stromgarde (Warfront). This version of Plaguefeather sometimes appears in the mid-southern regions of the warfront instance.,
142400,Farmland Scavenger,Stormsong Valley,Carrion Bird,,,
142403,Wild Hog,Stormsong Valley,Boar,,Found in a range extending east from Millstone Hamlet to near where Osca the Bloodied spawns in the Roaring Highland.,
142435,Plaguefeather,Arathi Highlands,Carrion Bird,True,"Plaguefeather is found in the Battle for Azeroth phase of the zone. It circles a tree on a hill, due east of the Circle of Inner Binding, which is east of Stromgarde Keep.",
142437,Skullripper,Arathi Highlands,Raptor,True,Appears in the Battle for Azeroth zone phase. Found by a rocky outcrop east (and a little south) of Dabyrie's Farmstead.,
142438,Venomarus,Arathi Highlands,Spider,True,Appears in the Battle for Azeroth zone phase. North of Go'shek Farm.,
142440,Yogursa,Arathi Highlands,Bear,True,"Appears in the Battle for Azeroth zone phase, near Newstead.",
142449,Alpaca,Vol'dun,Camel,,,
142455,Riverland Bronco,Stormsong Valley,Courser,,,
142464,Moult <Stalker Mojica's Pet>,Zuldazar,Serpent,,"Alliance hunters can tame this snake in the usual way, but it is friendly to Horde and can only be tamed by Horde hunters using the toy ""N'lyeth, Sliver of N'Zoth"" while in War Mode. Moult accompanies Stalker Mojica around the outside of Dazar'alor and probably shouldn't be tameable.",
142577,Hardshell Scavenger,Stormsong Valley,Crab,,,
142579,Spikeshell Scuttler,Kul Tiras,Crab,,,
142610,Pack Mule,Stormsong Valley,Courser,,"Horde hunters can tame this Pack Mule the usual way, but it is friendly to Alliance and can only be tamed by Alliance hunters using the toy ""N'lyeth, Sliver of N'Zoth"" while in War Mode.",
142713,Displaced Chimaera,Darkshore,Chimaera,,Level 110 (War of the Thorns) zone phase.,Exotic
142717,SQUAAAWK! <Man-Hunter Rog's Pet>,Arathi Highlands,Carrion Bird,True,Found in the Battle for Azeroth zone phase.,
142755,Dustmane Howler,Vol'dun,Hyena,,,
142780,Dustmane Pack Leader,Vol'dun,Hyena,,,
142935,Pollen-Coated Swarmer,Nazmir; Vol'dun; Zuldazar,Blood Beast,,"There is a chance this blood tick will spawn when players with the herbalism profession gather Siren's Sting in any of the zones of Zandalar. It's unconfirmed, but possible, that you have to have reached at least Rank 2 in Siren's Sting gathering for it to spawn.",Blood Beast
143416,Ancient Core Hound,Molten Core (Dark Iron Dwarf Scenario),Core Hound,,"Located in Molten Core (Dark Iron Dwarf Scenario). This version of the Ancient Core Hound is found in the scenario in which you recruit the Dark Iron Dwarves to the Alliance, so it's only accessible by Alliance players on that one occasion.",Exotic
143510,Pollen-Coated Drone,Drustvar; Tiragarde Sound; Stormsong Valley,Wasp,,"There is a chance this bee will spawn when players with the herbalism profession gather Siren's Sting in any of the zones of Kul Tiras. It's unconfirmed, but possible, that you have to have reached at least Rank 2 in Siren's Sting gathering for it to spawn.",
143700,Domestic Alpaca,Tiragarde Sound,Camel,,"Horde hunters can tame this alpaca the usual way, but it is friendly to Alliance and can only be tamed by Alliance hunters using the toy ""N'lyeth, Sliver of N'Zoth"" while in War Mode. It can be found in several locations: (i) at a stable just south-east of Proudmoore Keep; (ii) at a stable by the Boralus Wall, just north of the harbor gates, and (iii) at the stables in Hatherord, to the north of Boralus.",
143718,Overfed Snapper,Stormsong Valley; Tiragarde Sound,Crab,,"Found sporadically in coastal areas of Tiragarde, especially outside Boralus, and in north-eastern waters of Stormsong.",
143740,Dot,Vol'dun,Camel,,"This alpaca is normally friendly to Horde and can only be tamed by using the toy ""N'lyeth, Sliver of N'Zoth"" while in War Mode. The version of Dot with this ID appears at Vulpera Hideaway after completing the main zone quest chain. She doesn't appear to be visible to Alliance.",
143741,Dolly,Vol'dun,Camel,,"This alpaca is normally friendly to Horde and can only be tamed by using the toy ""N'lyeth, Sliver of N'Zoth"" while in War Mode. The version of Dolly with this ID appears at Vulpera Hideaway after completing the main zone quest chain. She doesn't appear to be visible to Alliance.",
143898,Makatau,Nazmir,Pterrordax,True,,Exotic
143928,Cursed Snapclaw,Drustvar,Crab,,,
143929,Hexed Craghopper,Drustvar,Gruffhorn,,,
144246,K.U.-J.0.,Operation: Mechagon (Dungeon),Mechanical,True,"Located in The Under Junk, Operation: Mechagon (Dungeon). The sixth boss in the Operation: Mechagon dungeon, K.U.-J.0. is the second boss of the underground section.",Mechanical
144460,Overfed Snapper,Zuldazar,Crab,,,
144462,Spikeshell Scuttler,Zandalar,Crab,,,
144477,Mountain Goat,Stormsong Valley,Gruffhorn,,"The Mountain Goat with this ID is carried by an Ettin Stoneflinger. The ettin will drop the goat if attacked, or if it decides to attack another NPC (which happens often), and the goat will flee to the west. It's possible to tame the goat before it despawns, but you must be extremely quick. It's best to wait by the path to the west of the ettin and target the goat as soon as the ettin drops it and decides to attacks something else.",
144494,Coppertooth Pup,Tiragarde Sound,Wolf,,,
144496,Venomous Diemetradon,Zuldazar,Lizard,,,
144611,Coralback Scuttler,Vol'dun,Crab,,,
144638,Grong the Revenant,Battle of Dazar'alor (Raid),Gorilla,True,"Located in Battle of Dazar'alor (Raid). This undead version of Grong only appears in the Alliance version of the raid, so cannot be tamed by Horde hunters. He's the third boss of the raid.",Undead
144731,Forsaken Bonechewer,Drustvar,Hound,,"Alliance hunters that are able to tame undead will be able to tame this skeletal hound in the usual way, but it is friendly to Horde and can only be tamed by Horde hunters using the toy ""N'lyeth, Sliver of N'Zoth"" while in War Mode. These hounds only appear during Horde assaults on Drustvar. Two can be found on the Horde airship, just north-east of Arom's Stand, in the company of Kaldras Snape. They're located just below decks in the stern of the ship.",Undead
144825,Toxinbelly Croaker,Island Expeditions (Scenario),Hopper,,"Located in Island Expeditions (Scenario). A possible encounter on Crestfall, Havenswood, Molten Cay, Skittering Hollow, Un'gol Ruins, Verdant Wilds, Whispering Reef.",
144826,Man-Eater,Island Expeditions (Scenario),Hopper,True,"Located in Island Expeditions (Scenario). A possible encounter on Molten Cay, Un'gol Ruins, Verdant Wilds.",
144827,Bogbelcher,Island Expeditions (Scenario),Hopper,True,"Located in Island Expeditions (Scenario). A possible encounter on Havenswood, Molten Cay, Verdant Wilds.",
144829,Thundercroak,Island Expeditions (Scenario),Hopper,True,"Located in Island Expeditions (Scenario). A possible encounter on Havenswood, Verdant Wilds.",
144830,Yaz'za the Devourer,Island Expeditions (Scenario),Hopper,True,"Located in Island Expeditions (Scenario). A possible encounter on Molten Cay, Un'gol Ruins, Verdant Wilds.",
144831,Colossal Spadefoot,Island Expeditions (Scenario),Hopper,,"Located in Island Expeditions (Scenario). A possible encounter on Havenswood, Molten Cay, Un'gol Ruins, Verdant Wilds.",
144833,Whiptongue,Island Expeditions (Scenario),Hopper,True,"Located in Island Expeditions (Scenario). A possible encounter on Un'gol Ruins, Verdant Wilds.",
144837,Darkshore Stag,Darkshore,Stag,,"Found in the Battle for Azeroth zone phase, in many areas of the zone.",
144839,Whitetail Doe,Darkshore,Stag,,Found in many areas of the Battle for Azeroth zone phase.,
144842,Tide Crawler,Darkshore,Crab,,"Found in the Battle for Azeroth zone phase, along most of the foreshore and sea areas.",
144993,Crazed Thistlebear,Darkshore,Bear,,Found in many areas of the Battle for Azeroth zone phase. Covered in a dark curse aura which is lost upon taming.,
145110,Ravasaur Sniffer,Tiragarde Sound,Raptor,,"Alliance hunters can tame this creature in the usual way, but it is friendly to Horde and can only be tamed by Horde hunters using the toy ""N'lyeth, Sliver of N'Zoth"" while in War Mode. It is present when a Faction Assault is active in Tiragarde Sound, but only when the Alliance quest Not Too Sober Citizens Brigade is offered.",
145337,Sandclaw Crab,Nazjatar,Crab,,Found throughout Nazjatar. The bronze colour does not seem to make sounds when clicked.,
145338,Abyssal Eel,Nazjatar,Serpent,,,
145339,Snapling,Nazjatar,Lizard,,,
145340,Siltridge Hydra,Nazjatar,Hydra,,,
145343,Deepcoil Serpent,Nazjatar,Serpent,,,
145444,Ravasaur Fleshripper,Tiragarde Sound,Raptor,,"Alliance hunters can tame this creature in the usual way, but it is friendly to Horde and can only be tamed by Horde hunters using the toy ""N'lyeth, Sliver of N'Zoth"" while in War Mode. It is present when a Faction Assault is active in Tiragarde Sound, but only when the Alliance quest Not Too Sober Citizens Brigade is offered.",
145457,Venomous Diemetradon,Tiragarde Sound,Lizard,,"Alliance hunters can tame this creature in the usual way, but it is friendly to Horde and can only be tamed by Horde hunters using the toy ""N'lyeth, Sliver of N'Zoth"" while in War Mode. It is present when a Faction Assault is active in Tiragarde Sound, but only when the Alliance quest Not Too Sober Citizens Brigade is offered.",
145736,Twilight Prowler,Twilight Highlands (Vulpera Allied Race Recruitment Phase),Cat,,"Located in Dunwald Ruins, Twilight Highlands (Vulpera Allied Race Recruitment Phase). This saber is only available during the Vulpera Allied Race recruitment questline which means it's only ever available to Horde hunters, and possibly only once ever on your account. Of interest, this cat was originally mis-classed as a wolf, but that was fixed in the 9.0 pre-expansion patch.",
145740,Tinitoa,Nazjatar,Crab,,"Normally friendly to both factions, but can be tamed if you use the toy ""N'lyeth, Sliver of N'Zoth"" while in War Mode. Tinitoa wears a silver crown that is lost upon taming.",
145967,Fathom Ray,Nazjatar,Ray,,,
145970,Razorshell Turtle,Nazjatar,Turtle,,,
146321,Tattered Silkwing,Suramar (Vulpera Allied Race Recruitment Phase),Moth,,"Located in Twilight Vineyards, Suramar (Vulpera Allied Race Recruitment Phase). The version of the Tattered Silkwing with this ID is only available during the Vulpera Allied Race recruitment questline which means it's only ever available to Horde hunters, and possibly only once ever on your account.",
146564,Blight Hound,The Sunwell (Scenario),Hound,,"Located in Shrine of the Eclipse, The Sunwell (Scenario). This unique beast first appeared in the Blood Elf Heritage quest chain (blood elf-only), but since Patch 11.2.7 other races can encounter it by running ""The Children of Blood"" chapter of the ""Lorewalking: The Elves of Quel'thalas"" campaign, given by Lorewalker Cho in Stormwind, Orgrimmar, and Dornogal. See Wowhead's Lorewalking Overview for more information.",Undead
147222,Gnollfeaster,Redridge Mountains,Spider,True,,
147453,Alpaca,Vol'dun,Camel,,"This alpaca is normally friendly and can only be tamed by using the toy ""N'lyeth, Sliver of N'Zoth"" while in War Mode. It only appears during Alliance assaults on Vol'dun, and can be found at a Horde camp in the south-west of the zone, far to the south-west of Whistlebloom Oasis and north-west of Scorched Sands Outpost. Look for a zeppelin tethered at some ruins.",
148117,Grong,Battle of Dazar'alor (Raid),Gorilla,True,"Located in Battle of Dazar'alor (Raid). This version of Grong only appears in the Horde version of the raid, so cannot be tamed by Alliance hunters. He's the second boss of the raid.",
148454,Glimmershell Crab,Nazjatar,Crab,,,
148787,Alash'anir <Venom and Storm>,Darkshore,Chimaera,True,"Found in the Battle for Azeroth zone phase at coordinates ~56,31. It perches on a ridge in the eastern border mountains, overlooking a waterfall, south-west of Ruins of Mathystra.",Exotic
149147,N'chala the Egg Thief,Zuldazar,Raptor,True,,
149644,Moonhazed Nightsaber,Darkshore,Cat,,"Found in the Battle for Azeroth zone phase. Located north-east of the Maw of the Void whirlpool, to the east of the crevasse and north of a waterfall.",
149654,Glimmerspine,Darkshore,Crab,True,"Appears in the Darkshore warfront phase, in a corner of the beach west of Lor'danel and north of Gloomtide Strand.",
149663,Shadowclaw,Darkshore,Cat,True,Found in the Battle for Azeroth zone phase. Located north of Ruins of Auberdine and west of Bashal'Aran.,
149680,Overfed Crawler,Darkshore,Crab,,"Found in the Battle for Azeroth zone phase. Located offshore in various parts of the zone, but only occurs sporadically.",
149707,Coral Slitherer,Nazjatar,Serpent,,,
149839,Mechanized Scraphound,Mechagon,Mechanical,,"Normally found in western Mechagon, but also in other areas of the alternate timeline phase of Mechagon, which is accessible on days when Chromie is present in Rustbolt, or by activating a Personal Time Displacer.",Mechanical
149843,Motoegg Tender,Mechagon,Mechanical,,,Mechanical
150154,Saurolisk Bonenipper,Operation: Mechagon (Dungeon),Lizard,,"Located in Scrapbone Den, Operation: Mechagon (Dungeon).",
150254,Scraphound,Operation: Mechagon (Dungeon),Mechanical,,Located in Operation: Mechagon (Dungeon).,Mechanical
150293,Mechagon Prowler,Operation: Mechagon (Dungeon),Mechanical,,Located in Operation: Mechagon (Dungeon). Stealthed.,Mechanical
150373,Bloated Sky Ray,Nazjatar,Ray,,Found flying high above the area.,
150376,Coral Skate,Nazjatar,Ray,,"This fathom ray occurs as an independent NPC, but it is also summoned as an add during combat with a Fathom Ray Broodkeeper.",
150467,Colossal Sky Ray,Nazjatar,Ray,,Found flying high above the area.,
150696,Fathom Ray Broodkeeper,Nazjatar,Ray,,,
151096,Hati,Ulduar,Spirit Beast,True,"Located in Spark of the Imagination (Hati quest phase), Ulduar. This version of Hati is the one you initially tame during the Spark of Genius quest chain. He sports the default appearance he had when he was bound to the artifact weapon, Titanstrike, during Legion.",Exotic
151133,Hati,The Storm Peaks,Spirit Beast,True,"'Titanstrike' : One of the six essences of Hati that may be summoned and tamed at the Shrine of Storms after restoring Hati to life during the Spark of Genius quest chain . The colour of this version is identical to the one you tame in the Spark of Imagination, in the previous stage of the quest chain, which was also the default appearance he had when he was bound to the artifact weapon, Titanstrike, during Legion. There's also a vendor, Clockwerk, in the Temple of Storms who sells toys and consumables to use with Hati.",Exotic
151144,Hati,The Storm Peaks,Spirit Beast,True,"'Eaglewatch' : One of the six essences of Hati that may be summoned and tamed at the Shrine of Storms after restoring Hati to life during the Spark of Genius quest chain . There's also a vendor, Clockwerk, in the Temple of Storms who sells toys and consumables to use with Hati.",Exotic
151145,Hati,The Storm Peaks,Spirit Beast,True,"'Elekk's Thunder' : One of the six essences of Hati that may be summoned and tamed at the Shrine of Storms after restoring Hati to life during the Spark of Genius quest chain . There's also a vendor, Clockwerk, in the Temple of Storms who sells toys and consumables to use with Hati.",Exotic
151147,Hati,The Storm Peaks,Spirit Beast,True,"'Boarshot Cannon' : One of the six essences of Hati that may be summoned and tamed at the Shrine of Storms after restoring Hati to life during the Spark of Genius quest chain . There's also a vendor, Clockwerk, in the Temple of Storms who sells toys and consumables to use with Hati.",Exotic
151148,Hati,The Storm Peaks,Spirit Beast,True,"'Serpentbite' : One of the six essences of Hati that may be summoned and tamed at the Shrine of Storms after restoring Hati to life during the Spark of Genius quest chain . There's also a vendor, Clockwerk, in the Temple of Storms who sells toys and consumables to use with Hati.",Exotic
151149,Hati,The Storm Peaks,Spirit Beast,True,"'Hati's Sacrifice' : One of the six essences of Hati that may be summoned and tamed at the Shrine of Storms after restoring Hati to life during the Spark of Genius quest chain . There's also a vendor, Clockwerk, in the Temple of Storms who sells toys and consumables to use with Hati.",Exotic
151159,OOX-Fleetfoot/MG,Mechagon,Mechanical,True,"This mechanical rocket chicken only appears on days when Oglethorpe Obnoticus is visiting Rustbolt. It runs rapidly and randomly over most of the island, usually following roads and paths. It runs very quickly so you'll have to be quick to tame or rely on stuns and slows.",Mechanical
151301,Malfunctioning Scraphound,Mechagon,Mechanical,,,Mechanical
151327,Sandclaw Scuttler,Nazjatar,Crab,,,
151353,Mawrat,"Torghast, Tower of the Damned (Dungeon)",Rodent,,"This NPC can be found in Torghast (Scenario) - Mort'regar, Skoldus Hall, Coldheart Interstitia, The Soulforges, The Fracture Chambers, The Upper Reaches, and Torghast, Tower of the Damned.",
151634,Motorback Ape <Scrap King's Minion>,Mechagon,Mechanical,,This creature makes some very subtle mechanical sounds when clicked.,Mechanical
151672,Mecharantula,Mechagon,Mechanical,True,A proper rare spawn that only appears occasionally.,Mechanical
151684,Jawbreaker,Mechagon,Mechanical,True,,Mechanical
151709,Energized Scrap Pup,Mechagon,Mechanical,,"Spawns during combat with the rare NPC, Jawbreaker.",Mechanical
151740,Malfunctioning Scrap Pup,Mechagon,Mechanical,,,Mechanical
151773,Junkyard D.0.G.,Operation: Mechagon (Dungeon),Mechanical,,"Located in The Under Junk, Operation: Mechagon (Dungeon). Two of these hounds can be found in the trash mobs before K.U.-J.O.",Mechanical
151809,Savannah Proudfang,Uldum,Cat,,Appears in all Assaults phases of the zone. Found south of the Halls of Origination.,
151811,Suntouched Falcon,Uldum,Bird of Prey,,Appears in all Assaults phases of the zone. It has a fiery aura that is lost upon taming.,
151859,Tomb Scarab,Uldum,Beetle,,Appears in all Assaults phases of the zone. Found in various locations in eastern Uldum.,
151883,Anaua,Uldum,Bird of Prey,True,Anaua flies around the exterior of the Halls of Origination. She loses her transparent orange effect when tamed.,
151933,Malfunctioning Beastbot,Mechagon,Mechanical,True,"Retains its electrical effects after taming. The Malfunctioning Beastbot appears occasionally in the south-west corner of Bondo's Yard. It must be activated before it can be tamed, which requires a Beastbot Powerpack, which you can manufacture at Pascal-K1N6. The recipe for this item is granted for free as part of the area progression at Rustbolt.",Mechanical
151945,Scavenging Dunerunner,Uldum,Hyena,,Appears in all Assaults phases of the zone. Found in the east of the zone.,
151948,Senbu the Pridefather,Uldum,Cat,True,Appears during Amathet Assaults.,
151998,Saurolisk Bonenipper,Mechagon,Lizard,,,
152001,Bonepicker,Mechagon,Lizard,True,,
152035,Young Sourback,Mechagon,Lizard,,,
152092,Bronzefur Elk,Mechagon,Stag,,,
152114,Spinethrash,Zuldazar,Lizard,True,,
152136,Azerite Gorger,Mount Hyjal,Shale Beast,,Only appears during the Heart of Azeroth quest Healing Nordrassil.,Exotic
152148,Massive Endurite Gyreworm,Deepholm,Shale Beast,,"This gyreworm is available to Blacksmiths only. It spawns during the Blacksmithing quest An Ear to the Ground, which becomes available from your BfA Blacksmithing trainer when you reach a skill of 150 in Battle for Azeroth Blacksmithing. While the quest is in an open area, it appears to be phased so that only the quester can see the worms.",Exotic
152287,Motospider,Mechagon,Mechanical,,Wanders the area in packs.,Mechanical
152288,Motospider,Mechagon,Mechanical,,Spawned by destroying Motospider Eggs.,Mechanical
152290,Soundless,Nazjatar,Ray,True,"Has been found in south-eastern and northern parts of the area. Found atop a tall coral formation and may require flying, a Gnomish Gravity Well, or something similar to reach.",
152291,Deepglider,Nazjatar,Ray,True,Appears in central Nazjatar.,
152296,Hungry Savagelands Juvenile,Zuldazar,Devilsaur,True,"Can be found harassing your Child of Torcali in north-east Savagelands during the Horde ""How to Train Your Direhorn"" quest A Daughter of Torcali.",Exotic
152315,Sparkweaver Ohm,Mechagon,Mechanical,True,,Mechanical
152319,Steelplated Hardshell,Mechagon,Crab,True,This version is in the regular phase.,
152356,Venomous Snapdragon,Nazjatar,Lizard,,,
152357,Snapdragon Hunter,Nazjatar,Lizard,,,
152358,Snapdragon Terrormaw,Nazjatar,Lizard,,,
152359,Siltstalker the Packmother,Nazjatar,Lizard,True,Siltstalker can be found on the steps of a ruined building in the south-east of Nar'anan.,
152360,Toxigore the Alpha,Nazjatar,Lizard,True,,
152361,Banescale the Packfather,Nazjatar,Lizard,True,"Banescale occasionally spawns immediately after Siltstalker the Packmother has been killed (but definitely not all the time). He appears on the path to the left of her location (when facing towards her), in south-east Nar'anan.",
152362,Snapdragon Ravager,Nazjatar,Lizard,,,
152363,Savage Snapdragon,Nazjatar,Lizard,,,
152383,Snapshell Tortoise,Nazjatar,Turtle,,,
152384,Snapshell Hatchling,Nazjatar,Turtle,,,
152426,Glimmershell Hulk,Nazjatar,Crab,,,
152445,Glimmershell Crawler,Nazjatar,Crab,,,
152448,Iridescent Glimmershell,Nazjatar,Crab,True,"This rare can spawn in place of a Glimmershell Hulk. If you keep killing the latter, the Iridescent Glimmershell will eventually appear!",
152460,Chitterspine Clicker,Nazjatar,Crab,,,
152461,Chitterspine Crab,Nazjatar,Crab,,,
152462,Chitterspine Ambusher,Nazjatar,Crab,,Stealthed. Many may be found around Chitterspine Caverns and Chitterspine Grotto in north-west Nazjatar. A few are also,
152463,Chitterspine Deeplurker,Nazjatar,Crab,,,
152464,Caverndark Terror,Nazjatar,Crab,True,,
152465,Needlespine,Nazjatar,Crab,True,"Needlespine can appear in several different locations surrounding the Abyssal Pools, including both the northern and southern ends, and above on the rise to the west.",
152541,Siltridge Marauder,Nazjatar,Hydra,,,
152542,Scale Matriarch Zodia,Nazjatar,Hydra,True,,
152543,Voidscale Hydra,Nazjatar,Hydra,,,
152544,Voidscale Trenchstalker,Nazjatar,Hydra,,,
152545,Scale Matriarch Vynara,Nazjatar,Hydra,True,,
152546,Stonemaw Devourer,Nazjatar,Hydra,,,
152547,Stonemaw Hydra,Nazjatar,Hydra,,,
152548,Scale Matriarch Gratinax,Nazjatar,Hydra,True,,
152551,Deepcoil Constrictor,Nazjatar,Serpent,,,
152552,Shassera <Nightmare in the Depths>,Nazjatar,Serpent,True,"Shassera's Lair is The cave entrance is at the north-east edge of Shirakess Repository, east of the Gate of the Queen.",
152553,Garnetscale,Nazjatar,Turtle,True,Appears at the base of a waterfall.,
152554,Abyssal Spawn,Nazjatar,Serpent,,,
152555,Elderspawn Nalaada,Nazjatar,Serpent,True,,
152556,Chasm-Haunter,Nazjatar,Serpent,True,The Forgotten Tunnel is reached through an underwater entrance in the far south-eastern corner of Spears of Azshara.,
152642,Angry Sandcrab,Nazjatar,Crab,,Spawns when you click on your first sand pile during the Alliance-only quest Crab Marks The Spot. This quest is only available when you have Blademaster Inowari active as your bodyguard and is started by a piece of parchment on a rock not far from Braxicus in Dragon's Teth Basin.,
152657,Tat the Bonechewer,Uldum,Hyena,True,Appears during Amathet Assaults. Patrols south of the Obelisk of the Stars.,
152708,Mawsworn Seeker,"Torghast, Tower of the Damned (Dungeon)",Hound,,"This NPC can be found in Torghast (Scenario) - Skoldus Hall, The Upper Reaches, The Soulforges, The Fracture Chambers, and Torghast, Tower of the Damned.",
152768,Venomtail Scorpid,Uldum,Scorpid,,Appears in all Assaults phases of the zone. Found in the north of the zone.,
152795,Sandclaw Stoneshell,Nazjatar,Crab,True,"This NPC may appear in a number of different locations within the zone, including Lemor'athra Spire (south-west edge, by a fallen tower), Coral Forest (south of Ekka's Hideaway), Elun'Alor Temple (in the building to the east, close to the Horde flightmaster Gizzik Kelpears), Ashen Strand (just north-west of the Horde Flight Point), Kal'methir, and Highborne Estates. It will randomly appear in one of five gemstone colours each time, and if you're unlucky it could take a while to find the look you're after. Fortunately it appears to spawn frequently.",
152836,Azerite Borer,The Maelstrom (Defending the Maelstrom Scenario),Shale Beast,,Located in The Maelstrom (Defending the Maelstrom Scenario). Only accessible during the quest Defending the Maelstrom.,Exotic
152992,Rampaging Motospider,Mechagon,Mechanical,,"Spawns when the daily Bugs, Lot of 'Em! is available. Also found in the alternate timeline phase of Mechagon, which is accessible on days when Chromie is present in Rustbolt, or by activating a Personal Time Displacer.",Mechanical
152994,Leaping Bugbot,Mechagon,Mechanical,,,Mechanical
152998,Hunting Worg,Exile's Reach,Wolf,,,
153026,Braxicus,Nazjatar,Crab,True,,
153096,Animated Warden,Vale of Eternal Blossoms,Stone Hound,,"Appears in the Assaults phase, during all Assaults.",Exotic
153208,Onyx Warserpent,Vale of Eternal Blossoms,Lesser Dragonkin,,"Appears during Mogu Assaults, through most of the western half of the zone.",Cloud Serpent
153238,Tamed Boar,Exile's Reach,Boar,,Found in a pen inside the citadel grounds.,
153266,Killclaw the Terrible,Exile's Reach,Bear,True,The large tree-ogre-club in Killclaw's side is lost after taming.,
153268,Swarm Ravager,Vale of Eternal Blossoms,Wasp,,"Appears during Mantid Assaults, in the west of the zone.",
153278,Kunchong Destroyer,Vale of Eternal Blossoms,Aqiri,,"Appears during Mantid Assaults, in the west of the zone.",Exotic
153462,Coral Snapper,Mechagon,Crab,,,
153465,Abducted Scraphound,Mechagon,Mechanical,,The Abducted Scraphound is a chance spawn when you attempt to rescue abductees from a Mechagon Containment Crate during the quest Abduction Reduction.,Mechanical
153473,Abducted Motospider,Mechagon,Mechanical,,The Abducted Motospider is a chance spawn when you attempt to rescue abductees from a Mechagon Containment Crate during the quest Abduction Reduction.,Mechanical
153654,Voltscale Guardian,Nazjatar,Worm,,,Exotic
153655,Tidal Guardian,Nazjatar,Worm,,,Exotic
153658,Shiz'narasz the Consumer,Nazjatar,Worm,True,,Exotic
153694,Deepcoil Hatchling,Nazjatar,Serpent,,Sometimes spawns when Deepcoil Eggs are destroyed during the world quest Break a Few Eggs / Break a Few Eggs.,
153699,Saurolisk Sourback,Mechagon,Lizard,,,
153764,Wrinklefin <Droobie's Companion>,Nazjatar,Ray,True,"Alliance hunters can tame Wrinklefin in the usual way, but it is friendly to Horde and can only be tamed by Horde hunters using the toy ""N'lyeth, Sliver of N'Zoth"" while in War Mode. This fathom ray is a faction hub NPC and probably shouldn't be tameable anyway. Also of note, its title, ""Droobie's Companion"" is incorrect, as it belongs to Dren Nautilin.",
153804,Chitterspine Encroacher,Nazjatar,Crab,,,
153812,Chitterspine Lurker,Nazjatar,Crab,,Stealthed.,
153814,Chitterspine Guillotine,Nazjatar,Crab,,,
153818,Crackleclaw Crab,Nazjatar,Crab,,,
153902,,,,,"Normally friendly, but can be tamed if you use the toy ""N'lyeth, Sliver of N'Zoth"" while in War Mode. Accompanies Sardina Lauray.",
153959,Savage Snapdragon,Nazjatar,Lizard,,"Its name changes to ""Sated Snapdragon"" after being fed on the quest Sating Snapdragons / Sating Snapdragons.",
153965,Chitterspine Clicker,Nazjatar,Crab,,Travels in packs in the Grotto.,
153966,Chitterspine Crab,Nazjatar,Crab,,Travels in packs in the Grotto.,
153971,Chitterspine Clicker,Nazjatar,Crab,,Spawns occasionally when players open Chittershell Clams when on the quest Working With Purpose / Working With Purpose.,
153980,Arachnoid Destroyer,Mechagon,Mechanical,,"Found in the alternate timeline phase of Mechagon, which is accessible on days when Chromie is present in Rustbolt, or by activating a Personal Time Displacer.",Mechanical
153992,Steelplated Hardshell,Mechagon,Crab,,"Located in The Heaps (alternate timeline), Mechagon. This version is found in the alternate timeline phase of Mechagon, which is accessible on days when Chromie is present in Rustbolt, or by activating a Personal Time Displacer.",
154030,Oddly Large Mawrat,"Torghast, Tower of the Damned (Dungeon)",Rodent,,"This NPC can be found in Torghast (Scenario) - Skoldus Hall, Coldheart Interstitia, The Soulforges, Mort'regar, The Upper Reaches, The Fracture Chambers, Torghast, Tower of the Damned , and The Adamant Vaults.",
154092,Deepcoil Hatchling,Nazjatar,Serpent,,,
154181,Juvenile Snapdragon,Nazjatar,Lizard,,"Only spawns occasionally, as a pack, and attacks the Zan'jir Stalker naga.",
154182,Broken Snapdragon,Nazjatar,Lizard,,,
154219,Motospider,Mechagon,Mechanical,,"Spawns during combat with the rare NPC, Mecharantula.",Mechanical
154268,Hungry Vulture,Exile's Reach,Carrion Bird,,,
154339,Sandscale Hydra,Nazjatar,Hydra,,,
154353,Aqir Goliath,Uldum,Aqiri,,"Found in dunes around Orsis, Ruins of Ammon, and the Cradle of the Ancients, in all Assaults phases of the zone.",Exotic
154354,Aqir Stinger,Uldum,Wasp,,"This tameable version of the Aqir Stinger is found in a number of locations in western Uldum, in all Assaults phases of the zone.",
154367,Aqir Impaler,Uldum,Wasp,,"This wasp is found in many locations in western Uldum, in all Assaults phases of the zone. Note: there is an extremely small chance (maybe 1%) that the Aqir Impaler will spawn in its red colour. Most of the time it's blue, so if you're after a red wasp and the Aqir Unearthed Assault is active then you're better looking for the Corpse Swarmers that spawn with Corpse Eater.",
154576,Aqir Titanus,Uldum,Aqiri,True,Located between Orsis and Ruins of Ammon in all Assaults phases of the zone.,Exotic
154604,Lord Aj'qirai,Uldum,Aqiri,True,Appears during Aqir Unearthed Assaults.,Exotic
154761,Rajani Warserpent,Vale of Eternal Blossoms,Lesser Dragonkin,,"Normally friendly, but can be tamed if you use the toy ""N'lyeth, Sliver of N'Zoth"" while in War Mode. Appears in the Assaults phase of the zone, during all Assaults. Hovers near the entrance to the Silent Sanctuary.",Cloud Serpent
154935,Gorgonian Scavenger,Nazjatar,Crab,,"These crabs may be phased. If so, they can still be viewed and pulled out of the area for taming from the adjacent area to the west: The Empress's Approach.",
154936,Hungry Nibbler,Nazjatar,Crab,,"These crabs may be phased. If so, they can still be viewed and pulled out of the area for taming from the adjacent area to the west: The Empress's Approach.",
155238,Guardian of the Leaf,"Torghast, Tower of the Damned (Dungeon)",Stag,,"This NPC can be found in Torghast (Scenario) - Skoldus Hall, The Soulforges, Coldheart Interstitia, The Fracture Chambers, and The Adamant Vaults.",
155483,Faeleaf Shimmerwing,"Torghast, Tower of the Damned (Dungeon)",Moth,True,"This NPC can be found in Torghast (Scenario) - The Soulforges, Skoldus Hall, The Fracture Chambers, Coldheart Interstitia, Torghast, Tower of the Damned, Mort'regar , The Adamant Vaults, and The Upper Reaches.",
155583,Scrapclaw,Mechagon,Crab,True,"Appears in the water, a short distance off-shore.",
155703,Anq'uri the Titanic,Uldum,Aqiri,True,Appears in all Assaults phases of the zone.,Exotic
155770,Dread Hatchling,Revendreth,Spider,,"Spawns when you destroy a Crawler Egg, which is only present when Tomb Burster's event is active.",
155779,Tomb Burster <Dread Crawler Queen>,Revendreth,Spider,True,When Tomb Burster's event is active you can spawn her by destroying a bunch of Crawler Eggs in Dredhollow.,
155795,Dread Crawler,Revendreth,Spider,,,
155914,Zan'jir Snapdragon,Nazjatar,Lizard,,,
156046,Zan-tien Quilen,Vale of Eternal Blossoms,Stone Hound,,"Appears in the Assaults phase, during Mogu Assaults.",Exotic
156077,Fiendish Terrorwing,Revendreth,Bat,,"Found in Dredgewood, The Banewood, Ember Ward and Dominance Keep.",
156083,Sanguifang,Vale of Eternal Blossoms,Hound,True,"Only present during Mogu Assaults. Found near Tu'shen Burial Ground, at the same place Cracklefang spawns in the earlier (non-Assaults) phase.",Undead
156214,Fire Hound,The Maw,Hound,,,Undead
156242,Animated Prowler,"Torghast, Tower of the Damned (Dungeon)",Mechanical,,This NPC can be found in Torghast (Scenario) - Coldheart Interstitia.,Mechanical
156284,Sinrunner,Revendreth,Courser,,"Found at various locations in the zone, including: Dredgewood, The Banewood, Briarbane Stables & The Old Gate.",
156376,River Terrapin,Bastion,Turtle,,,
156389,Rajani Warserpent,Vale of Eternal Blossoms,Lesser Dragonkin,,"Normally friendly, but can be tamed if you use the toy ""N'lyeth, Sliver of N'Zoth"" while in War Mode. Appears in the Assaults phase of the zone, only during Mogu Assaults on days when the quest event Zan-Tien Serpent Cage is active.",Cloud Serpent
156395,Starving Dredbat,Revendreth,Bat,,,
156564,Ravening Guardian,Bastion,Mechanical,,,Mechanical
156596,Horrific Bonemauler,Revendreth,Hound,,,
156636,Lurking Fearspinner,Revendreth,Spider,,,
156716,Wandering Boar,Exile's Reach,Boar,,,
156756,Black Bengal Goat,Vale of Eternal Blossoms,Gruffhorn,,"Appears in the Assaults phase, during all Assaults. Found in various craggy areas.",
156759,Docile Porcupine,Vale of Eternal Blossoms,Rodent,,"Appears in the Assaults phase, during all Assaults.",
156760,Stillwater Crocolisk,Vale of Eternal Blossoms,Crocolisk,,"Appears in the Assaults phase, during all Assaults.",
156778,Thundermaw,Vale of Eternal Blossoms,Wolf,,"Appears in the Assaults phase, during all Assaults.",
156780,White Crane,Vale of Eternal Blossoms,Waterfowl,,"Appears in the Assaults phase, during all Assaults.",
156788,Fairlands Gazelle,Vale of Eternal Blossoms,Stag,,"Appears in the Assaults phase, during all Assaults.",
156931,Silkfeather Hawk,Vale of Eternal Blossoms,Bird of Prey,,"Appears in the Assaults phase, during all Assaults.",
157083,Stonewing Ravager,"Torghast, Tower of the Damned (Dungeon)",Bat,,"This NPC can be found in Torghast (Scenario) - The Upper Reaches, and Torghast, Tower of the Damned.",
157109,,,,,"This NPC can be found in Torghast (Scenario) - The Upper Reaches, and Torghast, Tower of the Damned.",
157121,Ekashim <Fangtaker Orsa's Companion>,Uldum,Cat,True,Appears during Amathet Assaults.,
157143,Arid Bonepicker,Uldum,Carrion Bird,,Appears in all Assaults phases of the zone. Found in a camp south of Khartut's Tomb.,
157149,,,,,"This NPC can be found in Torghast (Scenario) - The Upper Reaches, and Torghast, Tower of the Damned.",
157162,Rei Lun <Chalcedony Construct>,Vale of Eternal Blossoms,Lesser Dragonkin,True,"Appears in the Assaults phase of the zone, during Mogu Assaults.",Cloud Serpent
157274,Languishing Etherwyrm,Bastion,Wind Serpent,,,
157277,Starved Etherwyrm,Bastion,Wind Serpent,,,
157279,Stormhowl <Thundermaw Alpha>,Vale of Eternal Blossoms,Wolf,True,Appears during Mogu Assaults.,
157290,Jade Watcher,Vale of Eternal Blossoms,Stone Hound,True,Appears during Mogu Assaults.,Exotic
157301,Carved Tracker <Avowed Stalker's Pet>,Revendreth,Stone Hound,,Possibly only present during/after the quest I Don't Get My Hands Dirty.,Exotic|Gargon
157332,Bonemauler Alpha,Revendreth,Hound,,,
157341,Haofeng,Vale of Eternal Blossoms,Lesser Dragonkin,True,"Appears in the Assaults phase of the zone, but only during Mogu Assaults, on days when the Serpent Binding event is up. Defeat the mogu restraining this cloud serpent in order to activate it.",Cloud Serpent
157466,Anh-De the Loyal,Vale of Eternal Blossoms,Stone Hound,True,Appears during Mogu Assaults.,Exotic
157565,Ravager Drone,Vale of Eternal Blossoms,Wasp,,"Appears around hives during the quest event Ravager Hive, which is only available during Mantid Assaults, and not every day.",
157567,Ravager Worker,Vale of Eternal Blossoms,Wasp,,"Appears around hives during the quest event Ravager Hive, which is only available during Mantid Assaults, and not every day.",
157589,Highland Worg,Twilight Highlands (Vulpera Allied Race Recruitment Phase),Wolf,,"Located in Dunwald Ruins, Twilight Highlands (Vulpera Allied Race Recruitment Phase). This black worg is only available during the Vulpera Allied Race recruitment questline which means it's only ever available to Horde hunters, and possibly only once ever on your account.",
157662,Unfallen Warhound,Maldraxxus,Hound,,"In the north-east section of House of the Chosen. Friendly at first, it becomes hostile and tameable after completing the main story.",
157665,Unfallen Warhound,Maldraxxus,Hound,,"In the north-east section of House of the Chosen. Friendly at first, it becomes hostile and tameable after completing the main story.",
157695,Lurking Bonemauler,Revendreth,Hound,,,
157725,Eternal Glimmerfly,Bastion,Moth,,,
157728,Lighthoof Roamer,Bastion,Feathermane,,,Feathermane
157761,Larion Sire,Bastion,Feathermane,,,Feathermane
157828,Ruinus Dredbat,Revendreth,Bat,,"Can be found to the east of the muckpool, circling several of the trees.",
157962,Fluttering Glimmerfly,Bastion,Moth,,,
157963,Animated Prowler,The Maw,Mechanical,,,Mechanical
157973,Cloudrift Runner,Bastion,Courser,,,
158054,Anima-Starved Wyrm,Bastion,Wind Serpent,,,
158110,Anima-Starved Cloudfeather,Bastion,Carrion Bird,,,
158254,Kala,Bastion,Feathermane,True,This version of Kala must be subdued for the quest Tough Love. If tamed she will reset after about a minute so you can complete the quest.,Feathermane
158256,Corrupted Cloudfeather,Bastion,Carrion Bird,,Found during the quest Agthia's Path,
158364,Gorm Ravener,Ardenweald,Carapid,,,Exotic
158387,Fetid Hornet,Maldraxxus,Wasp,,,
158409,Rusan,Vale of Eternal Blossoms,Stone Hound,True,"Appears during Mogu Assaults, summoned by Houndlord Ren during combat.",Exotic
158427,River Terrapin,Bastion,Turtle,,,
158465,Poisonous Snake,Uldum,Serpent,,"Appears during Amathet Assaults. Summoned during combat with two rare NPCs in the east of the zone: Scoutmaster Moswen (north of Halls of Origination, ~ 69.6, 42.0) and Fangtaker Orsa (in the south, ~75.0, 68.6).",
158509,Effervescent Glimmerfly,Bastion,Moth,,,
158510,Eternal Glimmerfly,Bastion,Moth,,,
158520,Highlands Eirefly,Ardenweald,Wasp,,,
158530,Aqir Hive Guardian,Uldum,Aqiri,,Found in the Assaults phase of the zone. Classed as an Aberration.,Exotic
158702,Lurking Monitor,Revendreth,Stone Hound,,Lurking Monitors phase out completely once you adjust the Scorching Mirror during the quest Securing Sinfall and so aren't available at all to hunters who select the Threads of Fate progress method. They initially look like statues. You have to aggro one to reveal which colour it is. Note that they don't appear on your beast tracker until aggroed.,Exotic|Gargon
158752,Predatory Bloodtusk,Maldraxxus,Boar,,,
158771,Ravenous Etherwyrm,Bastion,Wind Serpent,True,Appears during the quest The Cycle of Anima: Drought Conditions.,
158772,Eternal Terrapin,Bastion,Turtle,,,
158797,Gargon Oppressor,Revendreth,Stone Hound,,,Exotic|Gargon
158948,Gorm Hulk,Ardenweald,Carapid,True,,Exotic
158976,Shrieking Evedweller,Revendreth,Bat,,,
158978,Great Granitefur,Revendreth,Stone Hound,,"Also found in the Ember Ward, just south of Dominance Keep.",Exotic|Gargon
158979,Silent Proctor,Revendreth,Stone Hound,,,Exotic|Gargon
159016,Agitated Gorm,Ardenweald,Carapid,,"Spawned during the quest ""Collection Day"".",Exotic
159026,Carved Tracker <Depraved Stalker's Pet>,Revendreth,Stone Hound,,,Exotic|Gargon
159029,Juvenile Runedeer,Ardenweald,Stag,,,
159030,Runestag,Ardenweald,Stag,,,
159177,Loyal Granitefur,Revendreth,Stone Hound,,This version of the Loyal Granitefur appears sporadically around the southern ramparts of Dominance Keep.,Exotic|Gargon
159178,Dire Evedweller,Revendreth,Bat,,,
159192,Cloudfeather Greatwing,Bastion,Carrion Bird,,,
159218,Great Granitefur,Revendreth,Stone Hound,,,Exotic|Gargon
159265,Tower Creeper,Revendreth,Spider,,,
159289,Juvenile Cloudfeather,Bastion,Carrion Bird,,,
159298,Gilded Cloudstrider,Bastion,Feathermane,,,Feathermane
159323,Stoneward Trampler,"Torghast, Tower of the Damned (Dungeon)",Stone Hound,True,"This NPC can be found in Torghast (Scenario) - The Upper Reaches, and Torghast, Tower of the Damned.",Exotic|Gargon
159420,Shimmering Etherwyrm,Bastion,Wind Serpent,,,
159441,Rockbreaker <Carved of Many>,Revendreth,Stone Hound,True,,Exotic|Gargon
159460,Nightwidow Horror,Revendreth,Spider,,,
159610,Agitated Etherwyrm,Bastion,Wind Serpent,,Flies high over the hills of the southernmost region of the zone.,
159612,Leonid,Bastion,Feathermane,True,,Feathermane
159693,Enthralled Gorm,Ardenweald,Carapid,True,Ridden by Mizik the Haughty.,Exotic
159708,Marrowbore Feaster,Maldraxxus,Wasp,,,
159714,Marrowbore Creeper,Maldraxxus,Wasp,,,
159737,Boneweave Ambusher,Maldraxxus,Spider,,,
159747,Marrowbore Queen,Maldraxxus,Wasp,,,
159753,Ravenomous,Maldraxxus,Wasp,True,,
159756,Marrowbore Hatchling,Maldraxxus,Wasp,,Spawns when you destroy a Marrowbore Nest.,
159886,Sister Chelicerae,Maldraxxus,Spider,True,"Hidden in a cave, behind a shield of Intricate Webbing.",
159895,Chelicerae's Children,Maldraxxus,Spider,,Spawns when you attack the Intricate Webbing protecting Sister Chelicerae.,
159901,Boneweave Spiderling,Maldraxxus,Spider,,,
159916,Boneweave Rampager,Maldraxxus,Spider,,,
159978,Great Granitefur,Revendreth,Stone Hound,,,Exotic|Gargon
160074,Gorm Slicer,Ardenweald,Carapid,,,Exotic
160075,Gorm Spewer,Ardenweald,Carapid,,,Exotic
160076,Gorm Borer,Ardenweald,Carapid,,,Exotic
160089,Chamber Guardian,Bastion,Mechanical,,"Spawns during the quest, ""You Go First"".",Mechanical
160110,First Guardian of Kalliope,Bastion,Mechanical,,"Spawns during the quest, ""You Go First"".",Mechanical
160341,Sewer Beastling,Vision of Stormwind (Scenario),Warp Stalker,True,"Located in Vision of Stormwind (Scenario). Can appear in the canals, at the intersection of the four areas.",
160348,Tamed Gargon,Revendreth,Stone Hound,,,Exotic|Gargon
160355,Converted Clawguard,Bastion,Mechanical,,,Mechanical
160394,Barrow Spider,Exile's Reach,Spider,,,
160401,Grenich <Soulstalker Doina's Pet>,Revendreth,Stone Hound,True,"Located in Halls of Atonement (Non-Instanced), Revendreth. Situated in a tower above the Halls of Atonement dungeon entrance.",Exotic|Gargon
160402,Grond <Soulstalker Doina's Pet>,Revendreth,Stone Hound,True,"Located in Halls of Atonement (Non-Instanced), Revendreth. Situated in a tower above the Halls of Atonement dungeon entrance.",Exotic|Gargon
160425,Smoldering Bonemauler,Revendreth,Hound,,,
160426,Converted Clawguard,Bastion,Mechanical,,,Mechanical
160433,Barrow Spiderling,Exile's Reach,Spider,,,
160569,Swiftwing Larion,Bastion,Feathermane,,,Feathermane
160570,Smoldering Alpha,Revendreth,Hound,,,
160581,Giant Glimmerfly,Bastion,Moth,,,
160606,Glimmerhoof Cloudstrider,Bastion,Feathermane,,,Feathermane
160632,Vulpin Stalker,Bastion,Fox,,,
160715,Ridge Vulpin,Ardenweald,Fox,,,
160785,Shadehound Spirithunter,The Maw,Hound,,,
160786,Tower Shadehound,The Maw,Hound,,,
160872,Destroyer Krox'tazar,Vale of Eternal Blossoms,Aqiri,True,Only appears during Mantid Assaults and can be found wandering in several locations in the west of the zone.,Exotic
160970,Vuk'laz the Earthbreaker,Uldum,Aqiri,True,Appears in the Assaults phase of the zone. Vuk'laz is a world boss that appears every second week.,Exotic
161130,Coastal Goat,Exile's Reach,Gruffhorn,,"Appears to phase out during an advanced stage of the zone quest chain, but can be viewed and tamed from the very edge of Quilboar Briarpatch.",
161131,Prickly Porcupine,Exile's Reach,Rodent,,"Appears to phase out during an advanced stage of the zone quest chain, but can be viewed and aggroed from the very edge of Quilboar Briarpatch.",
161133,Coastal Albatross,Exile's Reach,Bird of Prey,,"Appears to phase out during an advanced stage of the zone quest chain, but one can be viewed and aggroed from a point to the west of Abandoned Camp, near the waterfall. Stand right where the zone changes to ""Jrokgar's Coast"" and catch the one that circles nearby.",
161172,Gargantuan Seeker,The Maw,Hound,,,
161206,Fanged Dredbat,Revendreth,Bat,,,
161207,Fangling,Revendreth,Bat,,,
161211,Tamed Gargon,Revendreth,Stone Hound,,,Exotic|Gargon
161256,Tomb Lurker,Revendreth,Spider,,"Found during the Venthyr-only quest, ""Crypt Crashers"".",
161280,Aqir Scarab,Uldum,Beetle,,"Found throughout most of western Uldum, in all Assaults phases. Note: the red variant of this scarab is extremely rare - perhaps 1-in-100 or more spawns. You may need to search for a while, even kill off the blue scarabs, in order to get one.",
161294,Carved Sniffer <Retained Lookout's Pet>,Revendreth,Stone Hound,,,Exotic|Gargon
161348,Darkwall Suppresser <Darkfall Betrayer's Pet>,Revendreth,Stone Hound,,,Exotic|Gargon
161390,Darkhound Hunter,Maldraxxus,Hound,,"Found in world quests ""Better Off Dead,"" and ""Deadly Reminder.""",Undead
161527,Sigilback,Bastion,Turtle,True,"Summoned by Orator Chloe during the ""Beasts of Bastion: Sigilback"" event.",
161528,Aethon,Bastion,Courser,True,"Summoned by Orator Chloe during the ""Beasts of Bastion: Aethon"" event.",
161529,Nemaeus,Bastion,Feathermane,True,"Summoned by Orator Chloe during the ""Beasts of Bastion: Nemaeus"" event.",Feathermane
161530,Cloudtail,Bastion,Fox,True,"Summoned by Orator Chloe during the ""Beasts of Bastion: Cloudtail"" event.",
161541,Aqir Scarab,Uldum,Beetle,,Spawns during the Vuk'laz the Earthbreaker encounter. Vuk'laz is a world boss that appears every second week in the Assaults phase of the zone.,
161672,Kri'vin,Vale of Eternal Blossoms,Aqiri,,"Appears during Mantid Assaults, in the west of the zone.",Exotic
161763,Assassin <Malefic Shadehound>,The Maw,Hound,,Spawns after reaching tier 3 of Eye of the Jailer.,
161882,Placid Ardenmoth,Ardenweald,Moth,,,
161889,Nightsong Wader,Ardenweald,Waterfowl,,,
161917,Verdant Prowler,Ardenweald,Fox,,,
162140,Skikx'traz,Uldum,Wasp,True,Appears during Aqir Unearthed Assaults and patrols the Ankhaten Harbor area.,
162142,Qho,Uldum,Beetle,True,"Appears during Aqir Unearthed Assaults, just west of Obelisk of the Sun. Classed as an Aberration.",
162147,Corpse Eater,Uldum,Wasp,True,Appears during Aqir Unearthed Assaults. Located north of Ruins of Ammon and south-west of Orsis.,
162150,Corpse Swarmers,Uldum,Wasp,,Spawned by Corpse Eater during combat. Corpse Eater is only found during Aqir Unearthed Assaults.,
162173,R'krox the Runt,Uldum,Aqiri,True,Appears during Aqir Unearthed Assaults. Patrols around the lake in the farm north-west of Uldum.,Exotic
162237,Plagueroc,Maldraxxus,Bird of Prey,,"Found during the Venthyr-only scenario, ""The Medallion of Dominion"".",
162258,Ravenous Galescreamer,Maldraxxus,Chimaera,,,Exotic
162259,Galescreamer Pup,Maldraxxus,Chimaera,,,Exotic
162300,Ravenous Galescreamer,Maldraxxus,Chimaera,,"Found during the Venthyr-only scenario, ""The Medallion of Dominion"".",Exotic
162334,Riverbed Crocolisk,Uldum,Crocolisk,,Appears in all Assaults phases of the zone. Found along the rivers.,
162335,Oasis Crocolisk,Uldum,Crocolisk,,Appears in all Assaults phases of the zone. Found along the mid-southern coast and northwestern region of the zone.,
162336,Neferset Crocolisk,Uldum,Crocolisk,,Appears in all Assaults phases of the zone. Found along rivers in the south..,
162360,Camel,Uldum,Camel,,Appears in all Assaults phases of the zone. Found in the far west of the zone.,
162361,Tiger,Uldum,Cat,,"Found in the Assaults (N'Zoth Invasion) phase of the zone, except during Black Empire Assaults.",
162363,Temple Scarab,Uldum,Beetle,,"Appears in the Assaults phase of the zone, except perhaps during Black Empire Assaults. It can be found in small numbers around the larger pyramid in Neferset City, but note that the level 35 Temple Scarab also appears south of this pyramid in the Assault phase. Speak to Zidormi in Ramkahen if you need to switch time phases.",
162364,Sand Scorpid,Uldum,Scorpid,,"Found in the Assaults (N'Zoth Invasion) phase of the zone, except during Black Empire Assaults. Located at the southern end of Neferset City.",
162373,Ferndweller Wasp,Uldum,Wasp,,Appears in all Assaults phases of the zone. Found along the rivers.,
162374,Shaggy Desert Coyote,Uldum,Wolf,,Appears in all Assaults phases of the zone.,
162375,Marsh Serpent,Uldum,Serpent,,Found in the Assaults phase of Uldum. Not present when the Black Empire Assault (which spans the centre of the zone) is active.,
162378,Venomscale Spitter,Uldum,Scorpid,,Appears in all Assaults phases of the zone. Found in the north-west of the zone.,
162380,Venomblood Scorpid,Uldum,Scorpid,,Appears in all Assaults phases of the zone.,
162381,Rabid Hyena,Uldum,Hyena,,Appears in all Assaults phases of the zone. Found in the north-west of the zone.,
162382,Sand-Husk Scarab,Uldum,Beetle,,Appears in all Assaults phases of the zone. Found in northern Uldum.,
162399,Echo of the Spy,Maldraxxus,Spider,True,"Can only be spawned during the quest, ""Repeat After Me"".",
162428,Corpse Tickler,Maldraxxus,Spider,,Has a spectral effect that it retains. The Vault is,
162449,Puddle Strider,Ardenweald,Waterfowl,,,
162477,Bloodskin Tauralus,Maldraxxus,Oxen,,,
162586,Tahonta,Maldraxxus,Oxen,True,,
162588,Gristlebeak,Maldraxxus,Chimaera,True,"Gristlebeak cannot initially be attacked, but circles an area east of the the Theater of Pain. She will descend and attack if you destroy her clutch of Unusual Eggs, found further east the foot of jagged, blackened peaks.",Exotic
162589,Neonate Bonetooth,Maldraxxus,Chimaera,,,Exotic
162593,Luminous Necroray,Maldraxxus,Ray,,,
162624,Neonate Bonetooth,Maldraxxus,Chimaera,,,Exotic
162636,Animated Prowler,Bastion,Mechanical,,,Mechanical
162681,Elusive Quickhoof,Vol'dun,Camel,,"Normally friendly but can be tamed if you use the toy ""N'lyeth, Sliver of N'Zoth"" while in War Mode. The Elusive Quickhoof is an alpaca that spawns rarely and can be found wandering in one of many different locations in Vol'dun. If you feed it some Seaside Leafy Greens Mix it will award you the Elusive Quickhoof mount. It's still possible to tame it afterwards, as the alpaca remains up for 10 minutes after spawning.",
162767,Pesticide,Maldraxxus,Beetle,True,,
162909,Aggressive Bonemauler,Revendreth,Hound,,,
163025,Aqir Goliath,Uldum,Aqiri,,"Appears in the Assaults phase of the zone. Respawns frequently, not far inside the eastern entrance to the Obelisk of the Moon and immediately runs towards the entrance. Tame it as soon as it spawns, before the other NPCs attack and steal threat.",Exotic
163042,Ivory Cloud Serpent,Vale of Eternal Blossoms,Lesser Dragonkin,,"Normally friendly, but can be tamed if you use the toy ""N'lyeth, Sliver of N'Zoth"" while in War Mode. The Ivory Cloud Serpent appears only during Mogu Assaults. The Ivory Cloud Serpent spawns every ~1.5 - 3 hours at coordinates ~ 27,55, at roughly 2-3 times the height of the trees, and flies rapidly in clockwise circuits around the zone. The best place to tame it is at the southern end of the roof of the Gate of the Setting Sun.",Cloud Serpent
163045,Aqir Stinger,Uldum,Wasp,,"This untameable version of the Aqir Stinger is found only around the Obelisk of the Moon, during all Assaults phases.",
163091,Aqir Impaler,Uldum,Wasp,,"Spawns continuously at the eastern entrance of the Obelisk of the Moon. Also spawns during the 'Ambushed Settlers' quest events, which only occur during Aqir Unearthed Assaults.",
163093,Basin Vulpin,Ardenweald,Fox,,,
163154,Aqir Scarab,Uldum,Beetle,,"Spawns during the 'Ambushed Settlers' quest events, which only occur during Aqir Unearthed Assaults.",
163185,Evolved Battlemite,Ardenweald,Carapid,,Occasionally spawns and heads north through the area.,Exotic
163186,Gorm Secretor,Ardenweald,Carapid,,,Exotic
163216,Tamed Gargon,Revendreth,Stone Hound,,,Exotic|Gargon
163259,Goliath Hatchling,Uldum,Aqiri,,"Appears during Aqir Unearthed Assaults, but only on days when the quest event Titanus Egg is active (just west of the Ruins of Ammon). Spawns when you destroy Goliath Eggs.",Exotic
163268,Titanus Young,Uldum,Aqiri,,"Appears during Aqir Unearthed Assaults, but only on days when the quest event Titanus Egg is active (just west of the Ruins of Ammon). Spawns at the culmination of the quest.",Exotic
163316,Gorm Rampager,Ardenweald,Carapid,,,Exotic
163322,Rootstinger Warbug,Ardenweald,Wasp,,,
163370,Gormbore,Ardenweald,Carapid,True,,Exotic
163390,Creeping Rootstinger,Ardenweald,Wasp,,,
163395,Rootstinger Drone,Ardenweald,Wasp,,,
163433,Gorm Encroacher,Ardenweald,Carapid,,,Exotic
163473,Fluttering Glimmerfly,Bastion,Moth,,,
163474,Summerfly,Bastion,Moth,,,
163480,Agitated Glimmerfly,Bastion,Moth,,,
163500,Spineshell Terrapin,Bastion,Turtle,,,
163503,Etherdiver,Spires of Ascension (Dungeon),Wind Serpent,,Located in Spires of Ascension (Dungeon).,
163506,Forsworn Stealthclaw,Spires of Ascension (Dungeon),Feathermane,,Located in Spires of Ascension (Dungeon).,Feathermane
163546,Young Etherwyrm,Bastion,Wind Serpent,,,
163549,Fluttering Glimmerfly,Bastion,Moth,,,
163552,Starving Etherwyrm,Bastion,Wind Serpent,,,
163556,Lumbering Crystalback,Bastion,Turtle,,,
163566,River Terrapin,Bastion,Turtle,,,
163568,Etherwyrm Patriarch,Bastion,Wind Serpent,,,
163616,Rootstinger Swarmling,Ardenweald,Wasp,,"Rootstinger Swarmlings continually spawn in northern Gormhive and fly north to Gormhive Defense Wall, Claw's Edge and Kaithe Overlook where they despawn. They can also appear by the land bridge at Tirna Scithe (~25,61) on days when the world quest ""Swarm Defense"" is up in that area.",
163660,Rootstinger Warrior,Ardenweald,Wasp,,,
163893,Fanged Dredbat,Revendreth,Bat,,,
163991,Dustwilt Acidmaw,Ardenweald,Carapid,,,Exotic
163992,Dustwilt Scythehorn,Ardenweald,Carapid,,,Exotic
163994,Dustwilt Gorger,Ardenweald,Carapid,,,Exotic
164036,Darkwarren Slicer,Ardenweald,Carapid,,,Exotic
164037,Darkwarren Bulwark,Ardenweald,Carapid,,,Exotic
164038,Darkwarren Spitter,Ardenweald,Carapid,,,Exotic
164046,Crucible Seeker,The Maw,Hound,,,
164110,Chompy,Ardenweald,Carapid,True,"Spawns after killing several Bristlecone Terrors (which can be attacked after killing the Deranged Guardians). Randomly, one of them will call out for Gormtamer Tizo to save them, which will spawn Chompy (with Tizo on its back). Taming or killing Chompy will spawn Tizo.",Exotic
164197,Justice <The Accuser's Pet>,Revendreth,Stone Hound,True,Patrols the southern perimeter. Appears to phase out later in the zone quest chain and is probably unavailable for hunters who select the Threads of Fate advancement path.,Exotic|Gargon
164198,Doom <The Accuser's Pet>,Revendreth,Stone Hound,True,Patrols the western perimeter. Appears to phase out later in the zone quest chain and is probably unavailable for hunters who select the Threads of Fate advancement path.,Exotic|Gargon
164208,Soul Monitor,Revendreth,Stone Hound,,"Soul Monitors initially look like statues. They don't appear on your beast tracker, or in their proper colour, until aggroed. Appears to phase out later in the zone quest chain and is probably unavailable for hunters who select the Threads of Fate advancement path.",Exotic|Gargon
164238,Deifir the Untamed,Ardenweald,Carapid,True,,Exotic
164312,Taloned Flayedwing,Maldraxxus,Chimaera,,,Exotic
164391,Old Ardeite,Ardenweald,Carrion Bird,True,Flies very high over the area. You can reach Old Ardeite by using the basket of fairy wings found in the first alcove to the left right as you enter Shimmerbough from the Heart of the Forest.,
164424,Mawsworn Seeker,The Maw,Hound,,"This Mawsworn Seeker is limited to a special phase which is part of two known Shadowlands zone quest chains. If you already completed these quests you can return if you quest sync with someone who is still on them.The quest chains are: (i) The later Maldraxxus story arc in which you rescue Darion Mograine from the Maw. The story begins with The Maw. (ii) The later Revendreth story arc in which you rescue Prince Renathal from the Maw. There's only ever one Mawsworn Seeker present at a time and it can be slow to respawn, so if you don't see one you may have to wait a few minutes.",
164479,Bonefang,The Necrotic Wake (Dungeon),Chimaera,,Located in The Necrotic Wake (Dungeon). Bonefang is the mount of Amarth and serves as the second boss in The Necrotic Wake. Taming Bonefang will prevent you continuing with the dungeon and it probably shouldn't be tameable at all. Consider taming a Flayedwing Fleshripper instead.,Exotic
164563,Vicious Gargon,Halls of Atonement (Dungeon),Stone Hound,,Located in Halls of Atonement (Dungeon).,Exotic|Gargon
164587,Satiated Sawtooth,Maldraxxus,Chimaera,True,"Found in the west of the Stabbing Wastes, west of the Theater of Pain (43,48). Only one is ever up at a time, and will randomly spawn with or without horns.",Exotic
164642,Bloodraged Spitter,Ardenweald,Carapid,,,Exotic
164819,Ariella,Bastion,Feathermane,True,,Feathermane
164826,Wandering Boar,Exile's Reach,Boar,,,
164827,Sharpbeak Hawk,Exile's Reach,Bird of Prey,,,
164829,Chosen Flayedwing,Maldraxxus,Chimaera,,,Exotic
164847,Requisitioner Packhound,Maldraxxus,Hound,,"Found in multiple locations in the area. Friendly at first, it becomes hostile and tameable after completing the main story.",
164862,Weald Shimmermoth,De Other Side (Dungeon),Moth,,Located in De Other Side (Dungeon).,
164873,Runestag Elderhorn,De Other Side (Dungeon),Stag,,Located in De Other Side (Dungeon).,
164874,Juvenile Miredeer,Ardenweald,Stag,,,
164875,Mire Runestag,Ardenweald,Stag,,,
164922,Foothills Vulpin,Ardenweald,Fox,,,
165025,Panicked Necroray,Maldraxxus,Ray,,,
165055,Rapacious Etherwyrm,Bastion,Wind Serpent,,,
165068,Withering Etherwyrm,Bastion,Wind Serpent,,,
165086,Nightsong Elder,Ardenweald,Waterfowl,,,
165087,Wounded Nightsong Elder,Ardenweald,Waterfowl,,,
165092,Forest Guardian,Ardenweald,Stag,,,
165093,Wounded Forest Guardian,Ardenweald,Stag,,,
165094,Gladestalker,Ardenweald,Cat,,,
165106,Runestag Youngling,Ardenweald,Stag,,,
165224,Feederfly,Ardenweald,Wasp,,,
165312,Forsworn Phalynx,Bastion,Mechanical,,"Spawns during the World Quest, ""Assault on the Vestibule"".",Mechanical
165336,Decrepit Tauralus,Maldraxxus,Oxen,,Found inside a hall in the north-east of the area.,
165342,Mawrat,The Maw,Rodent,,,
165343,Scurrying Mawrat,The Maw,Rodent,,,
165345,Giant Mawrat,The Maw,Rodent,,,
165349,Animated Corpsehound,Maldraxxus,Hound,,,
165398,Egg-Tender Tiom,Ardenweald,Carapid,True,,Exotic
165400,Egg-Tender Bloome,Ardenweald,Carapid,True,,Exotic
165401,Egg-Tender Erys,Ardenweald,Carapid,True,,Exotic
165404,Buzzkill,Ardenweald,Wasp,True,"Found north of the Glitterfall Basin flight point, close to the northern tip of the 'island'. It is the object of the quest What a Buzzkill.",
165427,Gorm Harrier,Ardenweald,Wasp,,,
165460,Unleashed Nightmare,Ardenweald,Spider,,Spawns during the zone story quest Nightmares Manifest.,
165473,Bloodtusk Alpha,Maldraxxus,Boar,,,
165566,Deadeye,Maldraxxus,Boar,True,,
165634,Flayedwing Transporter,Bastion,Chimaera,,"Found during the Necrolord-only quest, ""Death Rains"".",Exotic
165685,Glen Grazer,Ardenweald,Courser,,,
165727,Plains Doe,Exile's Reach,Stag,,,
165730,Plains Stag,Exile's Reach,Stag,,,
165905,Son of Hakkar,De Other Side (Dungeon),Wind Serpent,,Located in De Other Side (Dungeon).,
165907,Runestag,Ardenweald,Stag,,,
165908,Juvenile Runedeer,Ardenweald,Stag,,,
165912,Roving Gladechewer,Ardenweald,Carapid,,,Exotic
165914,Glitterfeather Wader,Ardenweald,Waterfowl,,,
165942,Rageback Gargon,Revendreth,Stone Hound,,"Venthyr Covenant-only. Found during the quest, ""Harvester of Wrath"".",Exotic|Gargon
165957,Flayedwing Overwatch,Bastion,Chimaera,,"Found during the Necrolord-only quest, ""Aerial Absolution"".",Exotic
165960,Blazing Forgehound,Maldraxxus,Hound,,"Only spawns during the world quest ""The Spider on the Wall"".",Undead
165973,Warren Mongrel,The Maw,Hound,True,"Possibly only present when its namesake daily quest, Warren Mongrel, is available.",
165974,Crucible Seeker,The Maw,Hound,,Found in the introductory quest phase for Shadowlands.,
165978,Scavenging Mawrat,The Maw,Rodent,,Found in both the regular and the introductory quest phase for Shadowlands.,
165989,Ebon Crawler,Revendreth,Spider,,,
166005,Ebon Crawler Hatchling,Revendreth,Spider,,,
166019,Shimmermoth,Ardenweald,Moth,,,
166022,Wary Vulpin,Ardenweald,Fox,,,
166024,Skittish Runefoal,Ardenweald,Stag,,,
166027,Resurfaced Tyrant,Nazmir,Devilsaur,,"Night Fae-only. Found during the Night Fae Chapter, ""Deal for a Loa"".",Exotic|Undead
166073,Greater Ardenmoth,Ardenweald,Moth,,,
166075,Greatwing Ardenmoth,Ardenweald,Moth,,,
166177,Darkturned Clawguard,Bastion,Mechanical,,"Found during the Kyrian-only quest, ""The Greater Good"".",Mechanical
166179,Darkwarren Ravager,Ardenweald,Wasp,,,
166182,Withered Ardenmoth,Ardenweald,Moth,,,
166187,Runestag,Ardenweald,Stag,,,
166290,Timber Vulpin,Ardenweald,Fox,,,
166301,Mistveil Stalker,Mists of Tirna Scithe,Fox,,,
166304,Mistveil Stinger,Mists of Tirna Scithe,Moth,,,
166370,Swarm Mother,Maldraxxus,Wasp,,,
166453,Darkturned Clawguard,Bastion,Mechanical,,"Found during the Kyrian-only quest, ""The Greater Good"".",Mechanical
166456,Glen Ardenmoth,Ardenweald,Moth,,,
166499,Dustwilt Reaper,Ardenweald,Wasp,,,
166559,Ol' Big Head,Maldraxxus,Boar,,"Found at the very back of a cave in the mountain range south-east of the Theater of Pain, near the Predatory Bloodtusks. The entrance is at coordinates 57,53.",
166592,Trained Hellhound,Maldraxxus,Hound,,Found in the zone starting arena. Phases out after the quest Champion the Cause.,
166676,Voracious Slopslurper,Maldraxxus,Boar,,"Kyrian and Necrolord Covenants only. Found during the quest ""Charging the Blade"".",
166679,Hopecrusher,Revendreth,Stone Hound,True,You can get Hopecrusher to appear by examining the 'Large Prey' bat corpse in a courtyard with a large tree in the south-east of the area.,Exotic|Gargon
166735,Deranged Guardian,Ardenweald,Stag,,Ridden by Bristlecone Terrors.,
166872,Umbral Phalynx,Bastion,Mechanical,,,Mechanical
166930,Skullboar Spinebreaker,Bastion,Boar,,,
166933,,,,,This NPC can be found in Torghast (Scenario) - Skoldus Hall.,
166934,,,,,This NPC can be found in Torghast (Scenario) - Skoldus Hall.,
166966,Runestag,Ardenweald,Stag,,,
166967,Juvenile Runedeer,Ardenweald,Stag,,,
167111,Spinemaw Staghorn,Mists of Tirna Scithe,Carapid,,,Exotic
167113,Spinemaw Acidgullet,Mists of Tirna Scithe,Carapid,,,Exotic
167116,Spinemaw Reaver,Mists of Tirna Scithe,Wasp,,,
167129,Reza,Revendreth,Stone Hound,,"Reza, and its companion Geza are pets of the rare NPC Huntmaster Petrus and can appear in the Witherfall Ruin area of south-east Revendreth. They can only be tamed after Petrus is defeated. They must be present and still alive when you defeat Petrus and you must tame them immediately afterwards, or they won't be tameable. Note that sometimes they're buggy and the tameable version doesn't appear after he's defeated.",Exotic|Gargon
167139,Geza,Revendreth,Stone Hound,,"Geza, and its companion Reza are pets of the rare NPC Huntmaster Petrus and can appear in the Witherfall Ruin area of south-east Revendreth. They can only be tamed after Petrus is defeated. They must be present and still alive when you defeat Petrus and you must tame them immediately afterwards, or they won't be tameable. Note that sometimes they're buggy and the tameable version doesn't appear after he's defeated.",Exotic|Gargon
167337,Mechanical Bunny,Exile's Reach,Mechanical,,"If you're a gnome this beast can be found on the ship during the intro to Exile's Reach. It's friendly at this stage, but can be tamed at a much later stage, during the quest The Art of Taming.",Mechanical
167342,Moth,Exile's Reach,Moth,,"If you're a draenei this beast can be found on the ship during the intro to Exile's Reach. It's friendly at this stage, but can be tamed at a much later stage, during the quest The Art of Taming.",
167343,Dragonhawk,Exile's Reach,Dragonhawk,,"If you're a blood elf this beast can be found on the ship during the intro to Exile's Reach. It's friendly at this stage, but can be tamed at a much later stage, during the quest The Art of Taming.",
167344,Scorpion,Exile's Reach,Scorpid,,"If you're a goblin this beast can be found on the ship during the intro to Exile's Reach. It's friendly at this stage, but can be tamed at a much later stage, during the quest The Art of Taming.",
167345,Wolf,Exile's Reach,Wolf,,"If you're a human this beast can be found on the ship during the intro to Exile's Reach. It's friendly at this stage, but can be tamed at a much later stage, during the quest The Art of Taming.",
167346,Wolf,Exile's Reach,Wolf,,"If you're an orc this beast can be found on the ship during the intro to Exile's Reach. It's friendly at this stage, but can be tamed at a much later stage, during the quest The Art of Taming.",
167347,Tiger,Exile's Reach,Cat,,"If you're a night elf or Alliance pandaren this beast can be found on the ship during the intro to Exile's Reach. It's friendly at this stage, but can be tamed at a much later stage, during the quest The Art of Taming.",
167348,Turtle,Exile's Reach,Turtle,,"If you're a Horde pandaren this beast can be found on the ship during the intro to Exile's Reach. It's friendly at this stage, but can be tamed at a much later stage, during the quest The Art of Taming.",
167349,Plainstrider,Exile's Reach,Tallstrider,,"If you're a tauren this beast can be found on the ship during the intro to Exile's Reach. It's friendly at this stage, but can be tamed at a much later stage, during the quest The Art of Taming.",
167350,Raptor,Exile's Reach,Raptor,,"If you're a troll this beast can be found on the ship during the intro to Exile's Reach. It's friendly at this stage, but can be tamed at a much later stage, during the quest The Art of Taming.",
167351,Bat,Exile's Reach,Bat,,"If you're undead this beast can be found on the ship during the intro to Exile's Reach. It's friendly at this stage, but can be tamed at a much later stage, during the quest The Art of Taming.",
167352,Dog,Exile's Reach,Hound,,"If you're a worgen this beast can be found on the ship during the intro to Exile's Reach. It's friendly at this stage, but can be tamed at a much later stage, during the quest The Art of Taming.",
167375,Bear,Exile's Reach,Bear,,"If you're a dwarf this beast can be found on the ship during the intro to Exile's Reach. It's friendly at this stage, but can be tamed at a much later stage, during the quest The Art of Taming.",
167433,Marrowmaw <Son of Bonefang>,Bastion,Chimaera,True,Spawns during the quest The Final Countdown. Taming it will reset this quest.,Exotic
167439,Agitated Mistfeather,Ardenweald,Lesser Dragonkin,,,Lesser Dragonkin
167442,Fledgeling Mistfeather,Ardenweald,Lesser Dragonkin,,,Lesser Dragonkin
167485,Starving Mawrat,"Torghast, Tower of the Damned (Dungeon)",Rodent,,This NPC can be found in Torghast (Scenario) - Skoldus Hall.,
167497,Carved Intimidator,Revendreth,Stone Hound,,,Exotic|Gargon
167501,Carved Tracker <Depraved Interrogator's Pet>,Revendreth,Stone Hound,,,Exotic|Gargon
167503,Veilwing Guardian,Ardenweald,Lesser Dragonkin,,,Lesser Dragonkin
167505,Veilwing Nestkeeper,Ardenweald,Lesser Dragonkin,,,Lesser Dragonkin
167507,Veilwing Fledgeling,Ardenweald,Lesser Dragonkin,,,Lesser Dragonkin
167508,Umbral Phalynx,Bastion,Mechanical,,Spawns and attacks during the quest The Vault of the Archon.,Mechanical
167719,Forgotten Watcher,Revendreth,Stone Hound,,"Found in a hidden crypt below the parapets on the north-east side of the Halls of Atonement, coordinates ~ 66,43. Inside the arched gallery at this location one of the sconces on the wall can be activated, revealing a secret staircase down to the crypt.",Exotic|Gargon
167721,The Slumbering Emperor,Ardenweald,Moth,True,"Found in A Strange Cloud, just north of Hibernal Hollow.. Requires proper placement of a freezing trap in order to stun it before you fall asleep.",
167848,Dambala <Loa of Treachery>,Ardenweald,Serpent,True,"Found during the Night Fae-only quest ""Cleansing the Forest"".",
167851,Egg-Tender Leh'go,Ardenweald,Carapid,True,"Spawns after you click on sufficient Quivering Gorm Eggs during the vignette event ""Unguarded Gorm Eggs"". This event may be found in a burrow in the west of the area.",Exotic
167947,Tremaculum Soulhunter,The Maw,Hound,,Found in the introductory quest phase for Shadowlands.,
167960,Gargantuan Seeker,The Maw,Hound,,Found in the introductory quest phase for Shadowlands. Patrols near the The Tremaculum.,
167964,4.RF-4.RF,De Other Side (Dungeon),Mechanical,,Located in De Other Side (Dungeon).,Mechanical
168008,Rootstinger Warrior,Ardenweald,Wasp,,"This version of the Rootstinger Warrior spawns in northern Gormhive and flies north to Gormhive Defense Wall, Claw's Edge and Kaithe Overlook. It doesn't spawn as frequently as the Rootstinger Swarmlings it accompanies.",
168036,Marrowjaw,Maldraxxus,Bird of Prey,True,,
168135,Night Mare,Ardenweald,Courser,True,This rare NPC is normally invisible and requires a Dream Catcher to see. This item can be assembled as part of a special activity to obtain the Swift Gloomhoof mount. See that page for more information.,
168153,Plagueroc,Plaguefall (Dungeon),Bird of Prey,,Located in Plaguefall (Dungeon). Found in a number of locations throughout the dungeon.,
168192,Bloodtusk Ancient,Maldraxxus,Boar,,"Found in isolated locations: in the north-east corner of the Valley of a Thousand Legs (south-east of the Theater of Pain), and just to the west of the northern entrance of the Theater of Pain.",
168196,Virulent Pest,Maldraxxus,Beetle,,,
168216,Galescreamer Elder,Maldraxxus,Chimaera,,,Exotic
168240,Gorgebeak,Bastion,Waterfowl,True,,
168258,Gristled Hatchling,Maldraxxus,Chimaera,,"Gristled Hatchlings spawn when you destroy Unusual Eggs, found east of the Theater of Pain at the foot of jagged peaks.",Exotic
168268,Spiritwing Glimmerfly,Bastion,Moth,,,
168306,Territorial Shimmermoth,Ardenweald,Moth,,"Only spawns during the world quest ""Pupa Trooper"".",
168309,Hungering Etherwyrm,Bastion,Wind Serpent,,,
168310,Plagueroc,Plaguefall (Dungeon),Bird of Prey,,"Located in Plaguefall (Dungeon). Initially appears during a scripted event just inside the dungeon entrance, then circles the nearby plague lake.",
168319,Scavenging Bonemauler,Revendreth,Hound,,,
168321,Scavenging Alpha,Revendreth,Hound,,,
168333,Gildfur Bighorn,Bastion,Gruffhorn,,,
168342,Roaming Crackedskull,Maldraxxus,Boar,,,
168359,Swift Skymane,Bastion,Courser,,,
168361,Fen Hornet,Plaguefall (Dungeon),Wasp,,Located in Plaguefall (Dungeon).,
168387,Steelfur Bighorn,Bastion,Gruffhorn,,,
168388,Tufted Bonesnout,Maldraxxus,Boar,,,
168402,Darkwing,Bastion,Carrion Bird,True,Darkwing can be summoned when you are on the quest WANTED: Darkwing. She isn't phased and can also be accessed if someone else summons her.,
168407,Stray Cloudracer,Bastion,Courser,,,
168424,Battlesewn Roc,Maldraxxus,Bird of Prey,,"Flies circuits over Hall of Chains, House of Constructs, and The Stitchyard.",
168428,Riverfall Terrapin,Bastion,Turtle,,,
168434,Riverfall Crystalback,Bastion,Turtle,,,
168436,Goldenpaw Vulpin,Bastion,Fox,,,
168438,Riverfall Scaleback,Bastion,Turtle,,,
168442,Cloudstrider Grazer,Bastion,Feathermane,,,Feathermane
168453,Animated Pointer,Maldraxxus,Hound,,Has a unique green anima effect to it.,Undead
168464,Copperfur Prowler,Bastion,Fox,,,
168497,Spiritwing Darter,Bastion,Moth,,,
168502,Riverfall Snapper,Bastion,Turtle,,,
168533,Mawsworn Seeker,The Maw,Hound,,Found in the introductory quest phase for Shadowlands.,
168579,Fen Hatchling,Plaguefall (Dungeon),Wasp,,Located in Plaguefall (Dungeon). Spawns when you attack a Hatchling Nest.,
168584,Mawsworn Seeker,The Maw,Hound,,Found in the introductory quest phase for Shadowlands.,
168591,Ravenous Dreadbat,Sanguine Depths (Dungeon),Bat,,Located in Sanguine Depths (Dungeon).,
168613,Aurumane Larion,Bastion,Feathermane,,,Feathermane
168617,Aurumane Patriarch,Bastion,Feathermane,,,Feathermane
168620,Starving Shadowstalker,Ardenweald,Cat,,,
168634,Soulwing Glimmerfly,Bastion,Moth,,,
168638,Wild Cloudracer,Bastion,Courser,,,
168644,Razorweb Weaver,Maldraxxus,Spider,,,
168673,Starving Soulhound,The Maw,Hound,,,
168676,Bonemauler Alpha,Revendreth,Hound,,,
168677,Scavenging Bonetusk,Maldraxxus,Boar,,,
168678,Horrific Bonemauler,Revendreth,Hound,,,
168679,Fiendish Terrorwing,Revendreth,Bat,,,
168690,Ossein Drone,Maldraxxus,Wasp,,,
168692,Ossein Worker,Maldraxxus,Wasp,,,
168712,Razorweb Lurker,Maldraxxus,Spider,,,
168722,Terrorwing Pup,Revendreth,Bat,,,
168724,Engorged Fearspinner,Revendreth,Spider,,,
168731,Copperfur Lurker,Bastion,Fox,,,
168737,Razorweb Matriach,Maldraxxus,Spider,,,
168837,Stealthling,Plaguefall (Dungeon),Spider,,Located in Plaguefall (Dungeon).,
168850,Fearspinner Hatchling,Revendreth,Spider,,Spawns when you destroy a Fearspinner Sac.,
168855,Rotting Deathwalker,Revendreth,Bear,,,
168857,Stitched-Wing Hauler,Maldraxxus,Bird of Prey,,,
168862,Hulking Doomfang,Revendreth,Hound,,,
168887,Gilded Cloudstrider,Bastion,Feathermane,,,Feathermane
168890,Goldenback Stag,Bastion,Feathermane,,,Feathermane
168892,Famished Etherwyrm,Bastion,Wind Serpent,,,
168919,Elysian Owl,Bastion,Bird of Prey,,,
168943,Goldenpaw Stalker,Bastion,Fox,,,
168984,Soulwing Darter,Bastion,Moth,,,
168986,Skeletal Raptor,De Other Side (Dungeon),Raptor,,Located in De Other Side (Dungeon).,Undead
169049,Anima-Starved Stalker,Ardenweald,Cat,,,
169050,Anima-Starved Shrieker,Ardenweald,Carrion Bird,,,
169051,Anima-Starved Patriarch,Ardenweald,Cat,,,
169052,Anima-Starved Matriarch,Ardenweald,Cat,,,
169061,Briarbane Stallion,Revendreth,Courser,,,
169099,Wild Skymane,Bastion,Courser,,,
169104,Chiseled Bandog,Revendreth,Stone Hound,,,Exotic|Gargon
169114,Goldenpaw Lurker,Bastion,Fox,,,
169123,Goldenback Grazer,Bastion,Feathermane,,,Feathermane
169124,Glimmerpool Terrapin,Bastion,Turtle,,,
169129,Rotdust Bat,Maldraxxus,Ray,,,
169154,Famished Fangling,Revendreth,Bat,,,
169158,Glimmerfly Darter,Bastion,Moth,,,
169160,Dreadhound,Revendreth,Hound,,Summoned by Hopebreaker Vilstav during combat.,
169163,Goldenplume Hunter,Bastion,Carrion Bird,,,
169174,Goldenplume Matriarch,Bastion,Carrion Bird,,,
169179,Goldenplume Juvenile,Bastion,Carrion Bird,,,
169184,Bonetusk Runt,Maldraxxus,Boar,,,
169190,Vengeful Bonetusk Sow,Maldraxxus,Boar,,,
169191,Frenzied Glimmerfly,Bastion,Moth,,,
169193,Behemoth Glimmerfly,Bastion,Moth,,,
169195,Roaming Cloudracer,Bastion,Courser,,,
169228,Anima-Starved Stalker,Ardenweald,Cat,,,
169234,Bonetusk Sow,Maldraxxus,Boar,,,
169249,Rotsting Drone,Maldraxxus,Wasp,,,
169250,Rotsting Worker,Maldraxxus,Wasp,,,
169252,Steelfur Charger,Bastion,Gruffhorn,,,
169263,Spiritwing Duster,Bastion,Moth,,"Found in a grassy area just north of the entrance of Temple of Humility, and just across the road on the eastern border of The Golden Pasture.",
169276,Disturbed Nightmare,Ardenweald,Spider,,Spawns during the zone story quest The Restless Dreamer when you attune the shrine in Dreamshrine Basin.,
169303,Ardenmoth,Ardenweald,Moth,,,
169308,Soulwing Duster,Bastion,Moth,,,
169313,Silverwing Hunter,Bastion,Carrion Bird,,,
169382,Silverwing Juvenile,Bastion,Carrion Bird,,,
169390,Copperfur Vulpin,Bastion,Fox,,,
169434,Scuttleclaw Skimmer,Grizzly Hills,Crab,,,
169435,Scuttleclaw Crab,Grizzly Hills,Crab,,,
169436,Scuttleclaw Sandshell,Grizzly Hills,Crab,,,
169471,Aurumane Hunter,Bastion,Feathermane,,,Feathermane
169504,Argentwing Patriarch,Bastion,Feathermane,,,Feathermane
169509,Spirited Cloudracer,Bastion,Courser,,,
169512,Rotsting Drone,Maldraxxus,Wasp,,,
169513,Etherwyrm Scavenger,Bastion,Wind Serpent,,,
169555,Glimmerfly Duster,Bastion,Moth,,,
169568,Skyripper Fledgling,Maldraxxus,Chimaera,,,Exotic
169570,Skyripper Hunter,Maldraxxus,Chimaera,,,Exotic
169618,Umbrawing Glimmerfly,Bastion,Moth,,,
169673,Deprived Etherwyrm,Bastion,Wind Serpent,,,
169675,Gluttonous Etherwyrm,Bastion,Wind Serpent,,,
169692,Glimmerfly Flutterer,Bastion,Moth,,,
169702,Sutured Fleshfeaster,Maldraxxus,Hound,,,
169704,Stitched-Wing Hauler,Maldraxxus,Bird of Prey,,,
169707,Darkwall Suppresser,Revendreth,Stone Hound,,,Exotic|Gargon
169732,Vile Wasp,Maldraxxus,Wasp,,,
169742,Vibrant Ardenmoth,Ardenweald,Moth,,,
169747,Maw Roach,The Maw,Beetle,,,
169750,Wild Gloomrunner,Ardenweald,Courser,,,
169751,Ashen Wasp,Maldraxxus,Wasp,,,
169755,Shimmering Cloudstrider,Bastion,Feathermane,,,Feathermane
169757,Silverplume Stag,Bastion,Feathermane,,,Feathermane
169762,Duskfeather Wooper,Ardenweald,Waterfowl,,,
169768,Mystic Gulper,Ardenweald,Hopper,,,
169795,Zombified Ashen Wasp,Maldraxxus,Wasp,,,
169798,Illusory Ardenmoth,Ardenweald,Moth,,,
169823,Gorm Behemoth,"Torghast, Tower of the Damned (Dungeon)",Carapid,True,"This NPC can be found in Torghast (Scenario) - The Soulforges, Skoldus Hall, The Fracture Chambers, Coldheart Interstitia, Torghast, Tower of the Damned, Mort'regar , The Adamant Vaults, and The Upper Reaches.",Exotic
169825,Warstitched Hound,Maldraxxus,Hound,,,
169826,Glimmerpool Snapjaw,Bastion,Turtle,,,
169829,Glimmerpool Razorshell,Bastion,Turtle,,,
169836,Invasive Terror,Ardenweald,Hydra,,,Florafaun
169840,Dread Spinner,Revendreth,Spider,,"Only accessible during the world quest ""Major Mirror Disruptions"".",
169841,Dread Spiderling,Revendreth,Spider,,"Only accessible during the world quest ""Major Mirror Disruptions"".",
169857,Monstrous Mawrat,The Maw,Rodent,,Found in the introductory quest phase for Shadowlands.,
169858,Restless Etherwyrm,Bastion,Wind Serpent,,,
169864,Scorchwing Drone,Maldraxxus,Wasp,,,
169871,,,,,"This NPC can be found in Torghast (Scenario) - Skoldus Hall, The Upper Reaches, Coldheart Interstitia, The Soulforges, The Fracture Chambers, Mort'regar, and Torghast, Tower of the Damned.",
169874,Veilwing Matriarch,Ardenweald,Lesser Dragonkin,,,Lesser Dragonkin
169913,Runestalker Runt,Ardenweald,Cat,,,
169914,Umbrawing Monarch,Bastion,Moth,,,
169915,Runestalker,Ardenweald,Cat,,,
169921,Ghostpelt Vulpin,Bastion,Fox,,,
169965,Darkfeather Juvenile,Bastion,Carrion Bird,,,
169972,Bloated Gorm,Ardenweald,Carapid,,Spawns when you get near the Decayed Husk treasure.,Exotic
169974,Corrosive Gorm,Ardenweald,Carapid,,Spawns when you get near the Decayed Husk treasure.,Exotic
169975,Gorm Spitter,Ardenweald,Carapid,,Spawns when you get near the Decayed Husk treasure.,Exotic
169976,Gorm Cleaver,Ardenweald,Carapid,,Spawns when you get near the Decayed Husk treasure.,Exotic
169977,Ravenous Gorm,Ardenweald,Carapid,,Spawns when you get near the Decayed Husk treasure.,Exotic
169980,Dusksteel Phalynx,Bastion,Mechanical,,,Mechanical
169983,Darkfeather Hunter,Bastion,Carrion Bird,,,
170005,Glimmerpool Crystalback,Bastion,Turtle,,,
170007,Disturbed Etherwyrm,Bastion,Wind Serpent,,"Flies over a pool to the west of Shimmering Pools, in the north-west of Bastion.",
170008,Goldenback Roamer,Bastion,Feathermane,,,Feathermane
170009,Unsettled Etherwyrm,Bastion,Wind Serpent,,,
170047,Silverplume Roamer,Bastion,Feathermane,,,Feathermane
170067,Savagewing Teroclaw,Ardenweald,Carrion Bird,,,
170068,Glimmerfur Vulpin,Ardenweald,Fox,,,
170070,Glimmerfur Denwatcher,Ardenweald,Fox,,,
170093,,,,,"This NPC can be found in Torghast (Scenario) - Skoldus Hall, and Torghast, Tower of the Damned .",
170122,Pearlshell Snapper,Ardenweald,Turtle,,,
170144,Juvenile Runedeer,Ardenweald,Stag,,,
170145,Runestag,Ardenweald,Stag,,,
170161,Burning Fiend,The Maw,Hound,,,Undead
170183,Burdened Stratosmare,Bastion,Courser,,,
170184,Evenfall Larion,Bastion,Feathermane,,"Found along the cliffs north-west of The Eternal Forge, in small numbers. It can be hard to reach, but occasionally one flies lower.",Feathermane
170192,Shade Hatchling,Maldraxxus,Spider,,"Found in several locations: (i) at Spider's Watch in the north-west, along a winding path to the east of Hall of Chains, (ii) in cave in the north-east, beside the winding path to the House of Rituals (there's a group of fighting bonetusk boars just outside the cave), and (iii) in the Stitchyard, south of the House of Constructs.",
170194,Ashenflank Tauralus,Maldraxxus,Oxen,,,
170205,Juvenile Runedeer,Ardenweald,Stag,,,
170232,Etherwyrm Shadewing,Bastion,Wind Serpent,,,
170241,Dreadfur Vulpin,Bastion,Fox,,,
170243,Umbrawing Darter,Bastion,Moth,,,
170244,Spiritwing Monarch,Bastion,Moth,,,
170247,Spirited Skymane,Bastion,Courser,,,
170248,Swift Cloudracer,Bastion,Courser,,,
170288,Darkturned Clawguard,Bastion,Mechanical,,"Found during the Kyrian-only quest, ""The Greater Good"".",Mechanical
170325,Argentwing Larion,Bastion,Feathermane,,,Feathermane
170326,Argentwing Hunter,Bastion,Feathermane,,,Feathermane
170328,Monarch Glimmerfly,Bastion,Moth,,,
170329,Enamored Darter,Bastion,Moth,,,
170330,Enamored Glimmerfly,Bastion,Moth,,,
170331,Enamored Spiritwing,Bastion,Moth,,Flitters close to the edge of the cliff on a rise north of Everdawn Terrace. There seems to be only one of this creature.,
170332,Enamored Soulwing,Bastion,Moth,,Flitters close to the edge of the cliff on a rise north of Everdawn Terrace. There seems to be only one of this creature.,
170333,Goldenpaw Prowler,Bastion,Fox,,,
170334,Glimmerpool Snapper,Bastion,Turtle,,,
170335,Silverplume Grazer,Bastion,Feathermane,,,Feathermane
170336,Soulwing Monarch,Bastion,Moth,,,
170383,Goldenback Drifter,Bastion,Feathermane,,,Feathermane
170384,Silverwing Adolescent,Bastion,Carrion Bird,,,
170386,Silverwing Matron,Bastion,Carrion Bird,,,
170387,Vigilant Etherwyrm,Bastion,Wind Serpent,,,
170388,Brooding Shadewing,Bastion,Wind Serpent,,,
170390,Umbrawing Duster,Bastion,Moth,,,
170392,Soulwing Flutterer,Bastion,Moth,,,
170393,Soulwing Emperor,Bastion,Moth,,,
170395,Spiritwing Flutterer,Bastion,Moth,,,
170397,Spiritwing Emperor,Bastion,Moth,,,
170399,Eternal Flutterer,Bastion,Moth,,,
170448,Flourishing Hydra,Ardenweald,Hydra,,,Florafaun
170451,Mature Stellarwasp,Ardenweald,Wasp,,,
170456,Diseased Galescreamer,Maldraxxus,Chimaera,,,Exotic
170460,Pearly Wader,Ardenweald,Waterfowl,,,
170526,Silky Ardenmoth,Ardenweald,Moth,,,
170659,"Basilofos, King of the Hill",Bastion,Feathermane,True,"May spawn on the hill directly south-west of Hero's Rest, among the Argentwing Larions. He will spawn if you are close to the top of the ridge and see a 'purple eyes' symbol above your character, at coordinates ~ 49,50. He takes a very long time to spawn, during which you'll receive four warning messages, starting with ""You feel as if you are being watched from above."" and ending with ""A challenging roar echoes over the hills!"".",Feathermane
170674,Runestag,Ardenweald,Stag,,,
170695,Runestag Bull,Ardenweald,Stag,,,
170698,Solstar Hunter,Ardenweald,Carrion Bird,,,
170699,Solstar Fledgling,Ardenweald,Carrion Bird,,"Found at a den set in the roots of a giant tree, in the north of Furrowed Glen.",
170723,Anima-Gorged Feaster,Shattered Grove,Ray,,"Shattered Grove is actually another realm, but can be reached through the Maldraxxus quest Working For The Living. It's possible that this realm is only accessible via that quest.",
170730,Withering Ardenmoth,Ardenweald,Moth,,,
170733,Gorged Decayfly,Ardenweald,Wasp,,,
170767,Engorged Gorm,Ardenweald,Carapid,,"Spawns during the world quest ""Gormageddon"".",Exotic
170768,Gorged Decayfly,Ardenweald,Wasp,,,
170769,Withering Ardenmoth,Ardenweald,Moth,,,
170781,Wretched Deathroc,Maldraxxus,Bird of Prey,,"Only appears during the zone quest The Door to the Unknown, when the Seat of the Primus is under attack. Stay up on the Redoubt and wait for one to circle past and tame it quickly.",
170785,Screeching Flayedwing,Maldraxxus,Chimaera,,"Only appears during the zone quest The Door to the Unknown, when the Seat of the Primus is under attack. Stay up on the Redoubt and wait for one to circle past and tame it quickly.",Exotic
170790,Tranquil Puddlewader,Ardenweald,Waterfowl,,,
170847,Dustwilt Needler,Ardenweald,Wasp,,"Only spawns during the world quest ""A Night in the Woods"".",
170852,Highland Runedeer,Ardenweald,Stag,,,
170853,Highland Bull,Ardenweald,Stag,,,
170856,Highland Runestag,Ardenweald,Stag,,,
170859,Silentwing Ardenmoth,Ardenweald,Moth,,,
170860,Wild Ragewing,Ardenweald,Carrion Bird,,,
170910,Shimmering Wader,Ardenweald,Waterfowl,,,
170923,Battleforged Tauralus,Maldraxxus,Oxen,,"Friendly to begin with, this beast becomes hostile after nearly completing the main story.",
170932,Cloudfeather Guardian,Bastion,Carrion Bird,True,"Spawns after killing several Anima-Starved Cloudfeathers, then patrols the area.",
170933,War-gorm,Ardenweald,Carapid,,"Occasionally spawns during the world quest, A Night in the Woods. During this quest, the friendly Wild Hunt cycles through six clearings and defeats different attackers. This gorm has a chance of spawning in the north-west clearing, but since encounters can vary between cycles it might take a few rounds before they appear.",Exotic
170969,Ragerider Battlehorn,Maldraxxus,Oxen,,"Friendly to begin with, this beast becomes hostile after nearly completing the main story.",
171017,Reclusive Etherwyrm,Bastion,Wind Serpent,,In a cave just west of Hero's Rest. The cave contains the Abandoned Stockpile treasure.,
171093,Ancient Necroray,Maldraxxus,Ray,,,
171181,Territorial Bladebeak,De Other Side (Dungeon),Waterfowl,,Located in De Other Side (Dungeon).,
171245,Feral Helhound,Maldraxxus,Hound,,,
171328,Gorm Egg Tender,Ardenweald,Wasp,,,
171341,Bladebeak Hatchling,De Other Side (Dungeon),Waterfowl,,Located in De Other Side (Dungeon).,
171342,Juvenile Runestag,De Other Side (Dungeon),Stag,,Located in De Other Side (Dungeon).,
171366,Gorm Egg Tender,Ardenweald,Wasp,,,
171367,Gorm Egg Tender,Ardenweald,Wasp,,,
171383,Furious Alphahoof,Maldraxxus,Oxen,,,
171455,Stonewall Gargon,Sanguine Depths (Dungeon),Stone Hound,,Located in Sanguine Depths (Dungeon).,Exotic|Gargon
171525,Maw Roach Hatchling,The Maw,Beetle,,,
171583,Resurfaced Predator,Nazmir,Raptor,,"Night Fae-only. Found during the Night Fae Chapter, ""Deal for a Loa"".",Undead
171827,Angry Egg-Tender,Ardenweald,Carapid,,"May spawn when you click on Quivering Gorm Eggs during the vignette event ""Unguarded Gorm Eggs"". This event may be found in a burrow in the west of the area.",Exotic
171997,Woodlands Watcher,Exile's Reach,Bird of Prey,,,
172017,Highloft Etherwym,Bastion,Wind Serpent,,,
172028,Mountain Roamer,Exile's Reach,Gruffhorn,,,
172029,Prickly Porcupine,Exile's Reach,Rodent,,,
172045,Highwind Larion,Bastion,Feathermane,,"Perched on ridges around the area, these larions are very difficult to reach without flying.",Feathermane
172049,Mistfeather Matriarch,Ardenweald,Lesser Dragonkin,,,Lesser Dragonkin
172053,Forsworn Clawguard,Bastion,Mechanical,,"Found just southeast of Hero's Rest attacking Heraclor. Only spawns during the World Quest, ""March of the Eternal Protector"".",Mechanical
172058,Malnourished Etherwyrm,Bastion,Wind Serpent,,,
172067,Terrified Guardian,Ardenweald,Stag,,,
172069,Frightened Gladestalker,Ardenweald,Cat,,,
172070,Unnerved Wader,Ardenweald,Waterfowl,,,
172071,Fog-Frenzied Gladestalker,Ardenweald,Cat,,,
172072,Mist-Maddened Wader,Ardenweald,Waterfowl,,,
172073,Hazebroken Guardian,Ardenweald,Stag,,,
172081,"Shan'ala, Lost to the Tangle",Ardenweald,Lesser Dragonkin,,,Lesser Dragonkin
172082,Thrashspine,Ardenweald,Carapid,,,Exotic
172083,Goregullet,Ardenweald,Carapid,,,Exotic
172124,Silverplume Drifter,Bastion,Feathermane,,,Feathermane
172196,Diminished Etherwyrm,Bastion,Wind Serpent,,,
172200,Silverplume Ridgeback,Bastion,Feathermane,,,Feathermane
172206,Sullen Cloudstrider,Bastion,Feathermane,,,Feathermane
172312,Spinemaw Gorger,Mists of Tirna Scithe,Carapid,,,Exotic
172388,Chosen Warhound,Maldraxxus,Hound,,,
172390,Flayedwing Fleshripper,Maldraxxus,Chimaera,,Available after completing the main story. Located at the back of the House of the Chosen.,Exotic
172401,Kil'mazor <The Bone Matriarch>,Maldraxxus,Chimaera,True,,Exotic
172524,Skittering Broodmother,The Maw,Rodent,True,,
172628,Recomposed Seeker,Maldraxxus,Hound,,"Spawns during the Maldraxxi-only quest ""Follow Me"".",
172635,Stygian Shardworm,The Maw,Shale Beast,,,Exotic
172703,Emaciated Etherwyrm,Bastion,Wind Serpent,,"Spawns during the world quest, ""Drought Conditions"".",
172704,Insatiable Etherwyrm,Bastion,Wind Serpent,,"Spawns during the world quest, ""Drought Conditions"".",
172722,Grove Prowler,Ardenweald,Fox,,,
172888,Lurking Alpha,Revendreth,Hound,,,
172934,Wildbough Runestag,Ardenweald,Stag,,,
172943,Wildbough Juvenile,Ardenweald,Stag,,,
172945,Sunrise Glitterwing,Ardenweald,Moth,,,
172946,Maw Roach Hatchling,The Maw,Beetle,,,
172966,Wild Mistrunner,Ardenweald,Courser,,,
172979,Honeydew Sporeflutterer,Ardenweald,Moth,,,
172983,Grand Blue Heron,Ardenweald,Waterfowl,,,
173024,Darkfang Shadowstalker,Ardenweald,Cat,,,
173045,Flayedwing Matriarch,Maldraxxus,Chimaera,,"Spawns only during the world quest, ""Drawing out the Poison"".",Exotic
173046,Ferocious Nestkeeper,Maldraxxus,Chimaera,,"Spawns only during the world quest, ""Drawing out the Poison"".",Exotic
173114,Invasive Decayfly,"Torghast, Tower of the Damned (Dungeon)",Wasp,True,"This NPC can be found in Torghast (Scenario) - The Soulforges, Skoldus Hall, The Fracture Chambers, Coldheart Interstitia, Mort'regar, Torghast, Tower of the Damned , The Adamant Vaults, and The Upper Reaches.",
173393,Stonehide Mauler,Revendreth,Stone Hound,,"Found during the world quest, ""Major Mirror Disruptions"".",Exotic|Gargon
173409,Fortified Dessicator,Ardenweald,Carapid,True,"This gorm is only available to players who join The Ascended (Kyrian) covenant, and only appears during a single covenant quest, Piercing the Shell, which is part of the ""The Path of Ascension"" storyline. It can be found at the southern end of Gormhive.",Exotic
173509,Animated Marrowhound,Maldraxxus,Hound,,,Undead
173582,Escaped Blightray,Maldraxxus,Ray,,,
173635,Shadow Croaker,Ardenweald,Hopper,,"Shadow Croaker appears randomly at one of at least eight possible locations around the edge of Ardenweald. It is initially stealthed and very hard to see, but it can be detected on your minimap if you have Track Hidden enabled. If you get too close it will run away and move to a different location. You need to approach just close enough to use a Freezing Trap on it, then tame away!",
173640,Obedient Shadehound,The Maw,Hound,,,
173687,Glowgullet Bull,Ardenweald,Hopper,,,
173688,Glowgullet Croaker,Ardenweald,Hopper,,,
173720,Mistveil Gorgegullet,Mists of Tirna Scithe,Hopper,,,
173834,Chilled Crustburster,"Chill's Reach,",Worm,,"Found during the Necrolord-only quest, A Brokered Deal.",Exotic
173855,Shadow of Dambala <Loa of Treachery>,Ardenweald,Serpent,True,"Appears during the Night Fae-only quest Cleansing the Forest, which is offered at renown level 8. These cobras appear later during the Dambala fight and you may need to use Aspect of the Turtle to avoid dying while taming. If you're in a shapeshifted form you'll also need to exit the form first. The quest appears to be phased to Night Fae only, so the Shadow of Dambala can only be tamed by a hunter in that covenant. If you miss out, it may be possible to tame one summoned during another Night Fae player's quest.",
173940,Izik the Dissolver,Ardenweald,Carapid,True,"Found on the small patch of land between the two waterfalls at 48, 21. Spawns during the weekly Necrolord Abominable Stitching quest Asset Extraction, offered by Atticus. It can be seen and tamed by other players.",Exotic
174024,Transport Fleshroc,Maldraxxus,Bird of Prey,,,
174201,Ardenmoth,Ardenweald,Moth,,,
174247,Starlight Crane,Ardenweald,Waterfowl,,,
174248,Ardenmoth,Ardenweald,Moth,,,
174356,Runestag,Ardenweald,Stag,,,
174391,Captive Bonetusk,Maldraxxus,Boar,,,
174392,Captive Scorchwing,Maldraxxus,Wasp,,,
174396,Captive Tauralus,Maldraxxus,Oxen,,,
174412,Freckles,Tiragarde Sound,Courser,True,,
174431,Captive Weaver,Maldraxxus,Spider,,,
174455,Captive Skyripper,Maldraxxus,Chimaera,,,Exotic
174552,Stitch,Maldraxxus,Hound,,"Necrolord-only initially. Can be created in the Abomination Stitchyard and summoned by the item, Construct's Best Friend. It will initially spawn as a guardian to the one whom summoned it, but can be released and made into a neutral NPC which can then be tamed.",
174592,Territorial Wader,Ardenweald,Waterfowl,,,
174712,Scavenging Mawrat,The Maw,Rodent,,,
174713,Twilight Glitterwing,Ardenweald,Moth,,,
175162,Bloodtusk Ancient,Maldraxxus,Boar,,,
175255,Giant Mawrat,The Maw,Rodent,,"Spawns in southern Cocyrus, just north of the bridge that leads to Perdition Hold.",
175265,Grimsoul,Maldraxxus,Hound,,Found immediately east of The Stitchyard. Should retain its name.,
175350,Falls Gulper,Ardenweald,Hopper,,,
175465,Tamed Gargon,Revendreth,Stone Hound,,,Exotic|Gargon
175478,Pack Tauralus,Maldraxxus,Oxen,,Spawns near the entrance to the House of Rituals and follows the path west to a point south of the House of Eyes.,
175651,Suntouched Mistwalker,Bastion,Waterfowl,,,
175653,Ephemeral Mistwalker,Bastion,Waterfowl,,,
175654,Dusky Mistwalker,Bastion,Waterfowl,,,
175720,Rune Hunter,The Maw,Hound,,,
175811,Feasting Mawrat,The Maw,Rodent,,"Desolate Hollow is a cave in the Calcis area, with entrance at coordinates ~ 21,39.",
175818,Unbound Darkhound,The Maw,Hound,,Loses spectral effect upon taming.,Undead
175819,Unbound Shademongrel,The Maw,Hound,,Loses spectral effect upon taming.,Undead
175820,Unbound Soulseeker,The Maw,Hound,,Loses spectral effect upon taming.,Undead
175860,Ravenous Shade,The Maw,Hound,,"Has a unique spectral effect that it, sadly, loses upon being tamed.",Undead
176113,Carved Tracker <Depraved Stalker's Pet>,Revendreth,Stone Hound,,,Exotic|Gargon
176117,Silent Proctor,Revendreth,Stone Hound,,,Exotic|Gargon
176338,Dustwilt Consumer,Ardenweald,Carapid,,"Occasionally spawns during the world quest, A Night in the Woods. During this quest, the friendly Wild Hunt cycles through six clearings and defeats different attackers. This gorm has a chance of spawning in the south-west clearing, but since encounters can vary between cycles it might take a few rounds before they appear.",Exotic
176665,Korthian Gromit,Korthia,Hopper,,,
177130,Starving Corpsehound,The Maw,Hound,,,
177185,Crested Gromit,Korthia,Hopper,,,
177296,Shardhide Brute,Korthia,Scalehide,,,
177299,Shardhide Growler,Korthia,Scalehide,,,
177302,Shardhide Growler,Korthia,Scalehide,,Found inside the caverns,
177334,Nyemi,Korthia,Scalehide,True,The Gromit Hollow cave system can be entered from the Windswept Aerie.,
177335,Flashy Gromit,Korthia,Hopper,,The Gromit Hollow cave system can be entered from the Windswept Aerie.,
177336,Zelnithop,Korthia,Hopper,True,"The Gromit Hollow cave system can be entered from the Windswept Aerie. Zelnithop only seems to appear some days, and will be located on a rise at the very back of the cave.",
177352,Shardhide Mauler,Korthia,Scalehide,,,
177353,Shardhide Scraper,Korthia,Scalehide,,,
177354,Shardhide Dominator,Korthia,Scalehide,,,
177385,Shardhide Pulverizer,Korthia,Scalehide,,,
177422,Girs <Child of Guarm>,The Maw,Hound,,,
177441,Frekki <Child of Guarm>,The Maw,Hound,True,,
177442,Hrodvetni <Child of Guarm>,The Maw,Hound,True,,
177443,Vargir <Child of Guarm>,The Maw,Hound,True,,
177444,Yiva <Mate of Guarm>,The Maw,Hound,True,,
177445,Vanargun <Child of Guarm>,The Maw,Hound,True,,
178050,Loyal Granitefur,Revendreth,Stone Hound,,"This version of the Loyal Granitefur only appears during the quest, Hunting Huln, which is part of the Patch 9.1 campaign story. It is found on the eastern side of Dominance Keep and is easier to tame while you're not disguised, otherwise it may dispel your disguise and teleport you back to the start before you can finish the tame. The stone variant appears to be much rarer than the other two colours.",Exotic|Gargon
178096,Lupine Animate,Zereth Mortis,Wolf,,,
178098,Cervid Grazer,Zereth Mortis,Stag,,,
178099,Cervid Protector,Zereth Mortis,Stag,,,
178148,Oddly Large Mawrat,The Maw,Rodent,,Found if a Venthyr Assault is active and the quest Fangcrack's Fan Club is offered (this doesn't happen every time). This is one of the random beasts that Fangcrack may pull out of the portal for you to kill.,
178149,Mawrat,The Maw,Rodent,,Found if a Venthyr Assault is active and the quest Fangcrack's Fan Club is offered (this doesn't happen every time). This is one of the random beasts that Fangcrack may pull out of the portal for you to kill.,
178155,Scarabid Burrower,Zereth Mortis,Beetle,,,
178158,Vespoid Worker,Zereth Mortis,Wasp,,,
178159,Vespoid Drone,Zereth Mortis,Wasp,,,
178238,Desert Raptora,Zereth Mortis,Bird of Prey,,,
178283,Scorched Dredbat,Revendreth,Bat,,"Found on an isolated piece of land that floats off the south-west edge of the zone. You can reach there by flying, but it can also be reached via the Maw when a Venthyr Assault is active, by taking one of the mirrors surrounding the final boss of the Assault.",
178507,Drylands Tarachnid,Zereth Mortis,Spider,,"Spawns during the quest Knocking On Death's Door. To remain in the phase with it, you need to use a cushion toy, and immediately click on it after clicking on Kbato. You will ride Kbato, but when you hop off you can then interact with the Tarachnid.",
178508,Mother Phestis <Tarachnid Prime>,Zereth Mortis,Spider,True,,
178525,Shardclaw Den Mother,Korthia,Scalehide,,,
178526,Shardhide Cub,Korthia,Scalehide,,,
178527,Shardhide Alpha,Korthia,Scalehide,,,
178528,Fierce Gromit,Korthia,Hopper,,,
178547,Shardhide Bear,Korthia,Scalehide,,,
178563,Hadeon the Stonebreaker <Scarabid Prime>,Zereth Mortis,Beetle,True,,
178626,Mawrat,Sanctum of Domination (Raid),Rodent,,Located in Sanctum of Domination (Raid).,
178630,Mawsworn Seeker,Sanctum of Domination (Raid),Hound,,Located in Sanctum of Domination (Raid).,
178743,Terrified Glitterfeather,Ardenweald,Waterfowl,,"Only present during the ""Battle for Ardenweald"" scenario.",
178803,Accelerated Bufonid,Zereth Mortis,Hopper,,,
178831,Accelerated Helicid,Zereth Mortis,Carapid,,,Exotic
178913,Grasslands Vombata,Zereth Mortis,Rodent,,,
178935,Vombata Matron,Zereth Mortis,Rodent,,,
178937,Prototype Aquilon,Bastion,Mechanical,,"Only found during the quest, Dead Drop, part of a Broker storyline added in Patch 9.1.",Mechanical
178963,Gorkek <Bufonid Prime>,Zereth Mortis,Hopper,True,Found north of the raid entrance.,
179004,Basal Raptora,Zereth Mortis,Bird of Prey,,,
179005,Annelid Mudborer,Zereth Mortis,Worm,,,Exotic
179043,Orixal <Gastropod Prime>,Zereth Mortis,Carapid,True,"Found in the south-east of the zone, on a rise overlooking the main circular road. It will not be up at the same time as the Overgrown Helicid.",Exotic
179308,Voracious Mawrat,Korthia,Rodent,,,
179458,,,,,"This NPC can be found in Torghast (Scenario) - Skoldus Hall, The Adamant Vaults, The Soulforges, Mort'regar, Coldheart Interstitia, and The Upper Reaches .",
179939,Maw Frenzied Lupine,Zereth Mortis,Wolf,,Found in a cave in the cliffs to the south-east of the Forge of Afterlives. It loses its Maw-corruption effect upon taming.,
180049,Cervid Grazer,Zereth Mortis,Stag,,,
180050,Cervid Protector,Zereth Mortis,Stag,,,
180051,Lupine Animate,Zereth Mortis,Wolf,,,
180052,Grasslands Raptora,Zereth Mortis,Bird of Prey,,,
180511,Shardhide Alpha,Korthia,Scalehide,,,
180524,Hollow Gromit,Korthia,Hopper,,The Gromit Hollow cave system can be entered from the Windswept Aerie.,
180678,Keensnout Gromit,Korthia,Hopper,,"Found around the northern zone entrance, Keeper's Respite, and the nothern tip of Sanctuary of Guidance.",
180705,Magmammoth Calf,The Waking Shores,Mammoth,,,
180706,Annelid Duneborer,Zereth Mortis,Worm,,,Exotic
180924,Garudeon <Raptora Prime>,Zereth Mortis,Bird of Prey,True,"Summoning Garudeon requires finding three Energizing Leporids in the general area near Garudeon's nest. After feeding the three hatchlings the Leporids, Garudeon will appear.",
181075,Annelid Mudborer,Zereth Mortis,Worm,,,Exotic
181086,Desert Viperid,Zereth Mortis,Serpent,,,
181197,Scarabid Crawler,Zereth Mortis,Beetle,,,
181211,Infected Corpsefly,Maldraxxus,Wasp,,Can be found flying around the tops of mushrooms in the north-eastern section of the House of Plagues.,
181212,Aquilon Hunter,Bastion,Mechanical,,Found at limited locations around the Citadel. Two can be found flying by the western edge of the main area and a third can be found sitting on the ground in a plaza further east.,Mechanical
181213,Depleted Aquilon,Bastion,Mechanical,,These non-aggressive mechanical gryphons can be found at at least five locations around the Eternal Forge.,Mechanical
181260,Native Cervid,Zereth Mortis,Stag,,,
181359,Mawtouched Bull,Zereth Mortis,Rodent,,It loses its Maw-corruption effect upon taming.,
181360,Vexis,Zereth Mortis,Wolf,True,,
181383,Mawtouched Grazer,Zereth Mortis,Stag,,It loses its Maw-corruption effect upon taming.,
181432,Vorquin,Thaldraszus,Stag,,,
181484,Mawtouched Animate,Zereth Mortis,Wolf,,It loses its Maw-corruption effect upon taming.,
181685,Tarachnid,Zereth Mortis,Spider,,,
181763,Lava Phoenix,The Waking Shores,Bird of Prey,,,
181861,Magmatusk,Neltharus (Dungeon),Mammoth,,Located in Neltharus (Dungeon).,
182269,Carnivorous Cervid,Zereth Mortis,Stag,,,
182272,Ravenous Cervid,Zereth Mortis,Stag,,,
182360,Annelid Mudborer,Zereth Mortis,Worm,,,Exotic
182362,Overgrown Bufonid,Zereth Mortis,Hopper,,,
182363,Annelid Loamroamer,Zereth Mortis,Worm,,The red and bronze variants of this annelid seem to be far rarer than the other two colours (perhaps only a tenth of the frequency).,Exotic
182372,Gardens Avian,Zereth Mortis,Bird of Prey,,,
182373,Scavenging Raptora,Zereth Mortis,Bird of Prey,,,
183257,Vespoid Drone,Zereth Mortis,Wasp,,,
183258,Vespoid Worker,Zereth Mortis,Wasp,,,
183265,Vespoid Hive-Leader,Zereth Mortis,Wasp,,"There appears to only be one NPC with this ID. It is found on the eastern side of Fissured Breach (at roughly 1 o'clock on the zone's circular road), on a pinnacle of rock off the south side of the road.",
183268,Vespoid Overseer,Zereth Mortis,Wasp,,,
183274,Desert Nester,Zereth Mortis,Bird of Prey,,,
183284,Desert Protector,Zereth Mortis,Bird of Prey,,,
183287,Vespoid Fighter,Zereth Mortis,Wasp,,,
183291,Proto-Ancient Raptora,Zereth Mortis,Bird of Prey,,Can be found in at least four locations: One circles around the southeastern area of the zone. Another one flies between the main landmass and the Sepulcher of the First Ones. Another flies between the northern mountains and the center of the zone. Another flies between the center of the zone and the western mountains.,
183304,Desert Raptora,Zereth Mortis,Bird of Prey,,,
183323,Invading Vermin,Zereth Mortis,Rodent,,,
183340,Scavenging Hyena,The Azure Span,Hyena,,,
183522,Timbertooth Gnasher,Ohn'ahran Plains,Rodent,,,
183541,Dragonfly,Thaldraszus,Water Strider,,,Exotic
183542,Ohuna,Thaldraszus,Bird of Prey,,,
183596,Chitali the Eldest <Cervid Prime>,Zereth Mortis,Stag,True,,
183610,Accelerated Bufonid,Zereth Mortis,Hopper,,Found outside the raid entrance.,
183612,Tundra Rhino,The Azure Span,Scalehide,,,
183651,Anima Seeker,Zereth Mortis,Hound,,,
183721,Menacing Vespoid Worker,Zereth Mortis,Wasp,,,
183722,Sorranos <Vombata Prime>,Zereth Mortis,Rodent,True,,
183764,Zatojin <Vespoid Prime>,Zereth Mortis,Wasp,True,"Initially, Zatojin cannot be attacked. To activate it, you need to accumulate 20 stacks of Paralytic Sting from the nearby Menacing Vespoid Workers.",
183925,Tahkwitz,Zereth Mortis,Bird of Prey,True,Found atop the high cliffs in northern Fissured Breach. In the absence of flying you will need to unlock teleporter points until you can reach it.,
183927,Sand Matriarch Ileus,Zereth Mortis,Beetle,,,
183984,The Weeping Vilomah,Thaldraszus,Bird of Prey,,"The cave entrance is around 47.5, 71.9. Follow the cave to the very back, where you'll find a goblin named Boomhooch the Lost. If you speak to Boomhooch and offer to rescue him it will induce the Vilomah to spawn.",
183986,Skittish Darner,Thaldraszus,Water Strider,,,Exotic
183990,Thirsty Darner,Thaldraszus,Water Strider,,,Exotic
184023,Vicious Basilisk,Uldaman: Legacy of Tyr (Dungeon),Basilisk,,Located in Uldaman: Legacy of Tyr (Dungeon).,
184403,Lupine Beta,Zereth Mortis,Wolf,,Summoned by Vexis during combat.,
184472,Soaring Raptora,Zereth Mortis,Bird of Prey,,,
184804,Helmix,Zereth Mortis,Worm,True,"The Unbroken spawns as a trio of worms, each with a different NPC ID, but only the one with this ID is tameable. They can appear in two colours, and if you're unlucky you may have to kill all of them and wait for respawns until your desired colour appears. Their respawn time is only a few minutes.",Exotic
184851,Lava Snail,The Waking Shores,Carapid,,,Exotic
184855,Salty Skitterfly,The Waking Shores,Water Strider,,,Exotic
184856,Salty Skitterbug,The Waking Shores,Water Strider,,,Exotic
184867,Fussy Swoglet,The Waking Shores,Lesser Dragonkin,,,Lesser Dragonkin
185112,,,,,"This NPC can be found in Torghast (Scenario) - The Adamant Vaults, Skoldus Hall, The Soulforges, Coldheart Interstitia, Mort'regar, and The Upper Reaches.",
185113,,,,,"This NPC can be found in Torghast (Scenario) - The Adamant Vaults, Skoldus Hall, The Soulforges, The Upper Reaches, Mort'regar, and Coldheart Interstitia.",
185114,,,,,"This NPC can be found in Torghast (Scenario) - The Adamant Vaults, Skoldus Hall, The Soulforges, Mort'regar, The Upper Reaches, and Coldheart Interstitia.",
185125,,,,,"This NPC can be found in Torghast (Scenario) - The Adamant Vaults, Skoldus Hall, The Soulforges, Mort'regar, The Upper Reaches, and Coldheart Interstitia.",
185126,,,,,"This NPC can be found in Torghast (Scenario) - The Adamant Vaults, Skoldus Hall, The Soulforges, The Upper Reaches, Coldheart Interstitia, and Mort'regar.",
185254,,,,,"This NPC can be found in Torghast (Scenario) - Skoldus Hall, The Soulforges, The Upper Reaches, Mort'regar, Coldheart Interstitia, and The Adamant Vaults.",
185266,Thieving Raptora,Zereth Mortis,Bird of Prey,,Can spawn in various locations around Zereth Mortis.,
185350,Ravenous Bloodbeak,Ohn'ahran Plains,Carrion Bird,,,
185451,Gardens Avian,Zereth Mortis,Bird of Prey,,"Upon reaching you, Gardens Avians with this ID will start to rise into the sky and despawn, so start to tame from a distance! A frost trap does not prevent them despawning.",
185465,Nokhud Wardog,Ohn'ahran Plains,Hound,,,
185487,Overgrown Helicid,Zereth Mortis,Carapid,,"Found in the south-east of the zone, on a rise overlooking the main circular road. It will not be up at the same time as Orixal.",Exotic
185488,Languid Bufonid,Zereth Mortis,Hopper,,,
185505,Vespoid Hatchling,Zereth Mortis,Wasp,,Summoned by Feasting during combat.,
185510,Pureshell Helicid,Zereth Mortis,Carapid,,,Exotic
185644,Wispy Skimmer,The Waking Shores,Water Strider,,,Exotic
185715,Instatiable Hornswog,The Azure Span,Lesser Dragonkin,,,Lesser Dragonkin
185786,Frilled Coastling,Ohn'ahran Plains,Lizard,,,
185810,Shiverweb Crawler,The Azure Span,Spider,,,
185811,Shiverweb Creeper,The Azure Span,Spider,,,
185814,Shiverweb Crusher,The Azure Span,Spider,,,
185903,Ravenous Rockfang,Ohn'ahran Plains,Cat,,,
185944,Menacing Vespoid Worker,Zereth Mortis,Wasp,,Summoned by Zatojin during combat.,
186050,Orchid Stagbeetle,Thaldraszus,Beetle,,,
186308,Mud Snapper,Ohn'ahran Plains,Turtle,,,
186399,Ice Webber,The Azure Span,Spider,,"Spawns during the quest, ""Ice Breakers"".",
186456,Flyspawn Beetle,Ohn'ahran Plains,Beetle,,,
186622,Basalt Shell,The Waking Shores,Carapid,,,Exotic
186684,Lava Phoenix,The Waking Shores,Bird of Prey,,,
186702,Den Skitterer,The Azure Span,Spider,,,
186705,Geyser Salamanther,Ohn'ahran Plains,Lizard,,,
186714,Toxic Pollenstag,Ohn'ahran Plains,Beetle,,,
186725,Trrsha <Grrlgllmesh's Pet>,Ohn'ahran Plains,Beetle,,,
186833,Spiteful Snail,The Waking Shores,Carapid,,,Exotic
186834,Stubborn Hornswog,The Waking Shores,Lesser Dragonkin,,,Lesser Dragonkin
187111,Ancient Hornswog,The Waking Shores,Lesser Dragonkin,,Found in a cave at the northern end of the Wild Coast.,Lesser Dragonkin
187140,Cantankerous Hornswog,The Waking Shores,Lesser Dragonkin,,,Lesser Dragonkin
187226,Longwing Skyhunter,Thaldraszus,Bird of Prey,,,
187246,Nullmagic Hornswog,Azure Vault (Dungeon),Lesser Dragonkin,,Located in Azure Vault (Dungeon).,Lesser Dragonkin
187256,Time-Lost Raptor,Thaldraszus,Raptor,,,
187258,Time-Lost Thunderhide,Thaldraszus,Scalehide,,,
187262,Time-Lost Devilsaur,Thaldraszus,Devilsaur,,,Exotic
187324,Time-Charged Hornswog,Thaldraszus,Lesser Dragonkin,,,Lesser Dragonkin
187336,Time-Charged Vorquin,Thaldraszus,Stag,,Loses Time Effect upon taming.,
187337,Time-Charged Ohuna,Thaldraszus,Bird of Prey,,Loses Time Effect upon taming.,
187415,Rocdrop Pudgepin,Thaldraszus,Beetle,,In the eastern cave.,
187442,Waking Duck,The Waking Shores,Waterfowl,,,
187451,Territorial Woodwing,Ohn'ahran Plains,Waterfowl,,,
187452,Rockfang Skulker,Ohn'ahran Plains,Cat,,,
187455,Amberfur Prowler,Ohn'ahran Plains,Feathermane,,,Feathermane
187472,Thaldraszian Kite,Thaldraszus,Bird of Prey,,,
187474,Spotted Rockfang,Ohn'ahran Plains,Cat,,,
187477,Sylvan Calf,Ohn'ahran Plains,Stag,,,
187478,Broadhoof Bull,Ohn'ahran Plains,Stag,,,
187480,Sylvan Broadhoof,Ohn'ahran Plains,Stag,,,
187484,Spotted Pollenstag,Ohn'ahran Plains,Beetle,,,
187487,Spotted Prowler,Ohn'ahran Plains,Cat,,,
187490,Duck,Ohn'ahran Plains,Waterfowl,,,
187496,Glade Ohuna,Ohn'ahran Plains,Bird of Prey,,,
187515,Crystalspine Snuffler,Ohn'ahran Plains,Rodent,,,
187536,Baby Crystalspine,Ohn'ahran Plains,Rodent,,,
187547,Jadethroat Mallard,Ohn'ahran Plains,Waterfowl,,,
187572,Young Prowler,Ohn'ahran Plains,Cat,,,
187652,Skitterfly Gulper,Ohn'ahran Plains,Lesser Dragonkin,,,Lesser Dragonkin
187672,Rustfang Creeper,Ohn'ahran Plains,Spider,,,
187727,Rustpine Bruffalon,The Azure Span,Stag,,,
187754,Rustpine Talonfox,The Azure Span,Feathermane,,,Feathermane
187781,Hamett <Rockfang Matriarch>,Ohn'ahran Plains,Cat,,,
187790,River Timbertooth,The Azure Span,Rodent,,,
187811,Icecling Ottuk,The Azure Span,Rodent,,,Ottuk
187825,Thaldraszian Kite,Thaldraszus,Bird of Prey,,,
187923,Lava Hatchling,The Waking Shores,Bird of Prey,,,
187932,Lava Phoenix,The Waking Shores,Bird of Prey,,,
187937,Plainswalker Bull,Ohn'ahran Plains,Mammoth,,,
187938,Plainswalker Mammoth,Ohn'ahran Plains,Mammoth,,,
187939,Plainswalker Calf,Ohn'ahran Plains,Mammoth,,,
187949,Ancient Dreadsquall,The Waking Shores,Bird of Prey,,,
187960,Sunhide Stomphoof,Ohn'ahran Plains,Clefthoof,,,Exotic
187975,Fleecepelt Argali,Ohn'ahran Plains,Gruffhorn,,,
188027,Salty Salamander,The Waking Shores,Lizard,,,
188039,Muckjaw Basilisk,The Waking Shores,Basilisk,,,
188043,Bloatbelly Croaker,The Waking Shores,Lesser Dragonkin,,,Lesser Dragonkin
188088,Windblessed Ohuna,Ohn'ahran Plains,Bird of Prey,,,
188089,Swift Hornstrider,Ohn'ahran Plains,Tallstrider,,,
188098,Auburntusk Mammoth,Ohn'ahran Plains,Mammoth,,,
188099,Plainswalker Calf,Ohn'ahran Plains,Mammoth,,,
188128,Stonejaw Basilisk,Ohn'ahran Plains,Basilisk,,Found in a cave west of Rusza'thar Reach,
188202,Slyvern Matriarch,The Waking Shores,Feathermane,,,Feathermane
188203,Slyvern Hunter,The Waking Shores,Feathermane,,,Feathermane
188204,Slyvern Pup,The Waking Shores,Feathermane,,,Feathermane
188274,Sutaan <Rockfang Patriarch>,Ohn'ahran Plains,Cat,,,
188276,Fierce Herdstallion,Thaldraszus,Stag,,,
188277,Garden Herdmare,Thaldraszus,Stag,,,
188294,Lushmeadow Grazer,The Waking Shores,Stag,,,
188328,Crab,The Emerald Dream,Crab,,,
188334,Agitated Snapper,The Waking Shores,Crab,,,
188510,Risen Bakar,Ohn'ahran Plains,Hound,,,Undead
188524,Lushmeadow Stag,The Waking Shores,Stag,,,
188698,Dreadsquall Feaster,The Waking Shores,Bird of Prey,,,
188699,Carrion Phoenix,The Waking Shores,Bird of Prey,,,
189026,Nibbling Hornswog,The Azure Span,Lesser Dragonkin,,,Lesser Dragonkin
189051,Reservoir Darter,Thaldraszus,Water Strider,,,Exotic
189087,Risen Ohuna,Ohn'ahran Plains,Bird of Prey,,,Undead
189218,Highland Mammoth,The Azure Span,Mammoth,,,
189220,Highland Mammoth Bull,The Azure Span,Mammoth,,,
189248,Nesting Mallard,Ohn'ahran Plains,Waterfowl,,,
189313,Coastal Crab,The Waking Shores,Crab,,,
189314,Encroaching Hornswog,The Azure Span,Lesser Dragonkin,,,Lesser Dragonkin
189335,Riverbend Timbertooth,Ohn'ahran Plains,Rodent,,,
189337,Riverbend Gnasher,Ohn'ahran Plains,Rodent,,,
189338,Riverbend Chomper,Ohn'ahran Plains,Rodent,,,
189362,Forkriver Mallard,Ohn'ahran Plains,Waterfowl,,,
189368,Oasis Damselfly,Thaldraszus,Water Strider,,,Exotic
189373,Divebeak Ohuna,Ohn'ahran Plains,Bird of Prey,,,
189463,Waterback Rambler,Ohn'ahran Plains,Riverbeast,,,
189465,Waterback Stomper,Ohn'ahran Plains,Riverbeast,,,
189468,Waterback Savage,Ohn'ahran Plains,Riverbeast,,,
189469,Waterback Calf,Ohn'ahran Plains,Riverbeast,,,
189490,Giant Ottuk Whomper,Ohn'ahran Plains,Rodent,,,Ottuk
189508,Ambercrowned Mallard,Thaldraszus,Waterfowl,,,
189521,Noble Winghunter,Thaldraszus,Bird of Prey,,,
189570,Garden Bullfrog,Thaldraszus,Lesser Dragonkin,,,Lesser Dragonkin
189572,Spineblossom Forager,Thaldraszus,Rodent,,,
189574,Terrace Stagbeetle,Thaldraszus,Beetle,,,
189581,Lava Fledgling,The Waking Shores,Bird of Prey,,,
189614,Grimy Skimmer,Thaldraszus,Water Strider,,,Exotic
189656,Snowhide Mongrel,The Azure Span,Hyena,,,
189722,Gulping Goliath,Halls of Infusion (Dungeon),Lesser Dragonkin,,Located in Halls of Infusion (Dungeon).,Lesser Dragonkin
189741,Lumbering Mauler,Thaldraszus,Bear,,,
189744,Shimmering Swallowtail,Thaldraszus,Moth,,"The green and white variants make sounds when clicked on, the orange does not.",
189750,Skittering Woodborer,Thaldraszus,Beetle,,,
189756,Lazy Basilisk,The Waking Shores,Basilisk,,,
189757,Snoozing Basilisk Bull,The Waking Shores,Basilisk,,,
189762,Skittering Woodborer,Thaldraszus,Beetle,,,
189780,Giant Ottuk Agitator,Ohn'ahran Plains,Rodent,,,Ottuk
189835,Woodwing Quacker,Ohn'ahran Plains,Waterfowl,,,
189841,Russet Mudwalker,Ohn'ahran Plains,Lizard,,,
189852,Shadepelt Prowler,Ohn'ahran Plains,Feathermane,,,Feathermane
189859,Cavern Lurker,Thaldraszus,Spider,,,
189935,Pack Beast,Ohn'ahran Plains,Oxen,,,
189937,Domestic Blackhoof,Ohn'ahran Plains,Gruffhorn,,,
189992,Restless Wildfowl,The Waking Shores,Waterfowl,,,
190029,Swift Hornstrider,Ohn'ahran Plains,Tallstrider,,,
190031,Watchful Vulture,Ohn'ahran Plains,Carrion Bird,,,
190144,Fretful Riverbeast Elder,The Waking Shores,Riverbeast,,,
190216,Azure Vorquin,The Azure Span,Stag,,,
190220,Headbutting Caprine,The Azure Span,Gruffhorn,,,
190242,Slippery Salamanther,Ohn'ahran Plains,Lizard,,,
190243,Shifty Salamanther,Ohn'ahran Plains,Lizard,,,
190282,Deepwood Riverbeast,Ohn'ahran Plains,Riverbeast,,,
190318,Pineshadow Slyvern,The Azure Span,Feathermane,,,Feathermane
190322,Highhorn Bull,The Azure Span,Stag,,,
190324,Tundra Vorquin,The Azure Span,Stag,,,
190339,Horned Armoredon,The Azure Span,Scalehide,,,
190431,Shore Crab,Ohn'ahran Plains,Crab,,,
190543,Bothersome Bee,The Waking Shores,Wasp,,,
190556,Primal Icechuck,The Azure Span,Rodent,,,
190611,Frenzied Pollenstag,Ohn'ahran Plains,Beetle,,,
190660,Cautious Duck,The Waking Shores,Waterfowl,,,
190663,Shadehide Mauler,Thaldraszus,Bear,,,
190708,Jadethroat Mallard,Ohn'ahran Plains,Waterfowl,,"Part of the zone story quest, ""Connection to Ohn'ahra"". Located at the river ford approximately mid-way between Maruukai and Rusza'thar Reach.",
190726,Striped Bruffalon,The Azure Span,Stag,,,
190730,Deep Wyrm,The Azure Span,Worm,,"Just west of Three-Falls Lookout. Spawns during the quest, ""Water Safety"".",Exotic
190742,Swooping Slyvern,The Azure Span,Feathermane,,,Feathermane
190743,Frosty Flowerpine,The Azure Span,Rodent,,,
190783,Rapid Leaper,The Waking Shores,Lesser Dragonkin,,,Lesser Dragonkin
190885,Riverbend Timbertooth,Ohn'ahran Plains,Rodent,,,
190886,Riverbend Chomper,Ohn'ahran Plains,Rodent,,,
190888,Riverbend Gnasher,Ohn'ahran Plains,Rodent,,,
190905,Meadowhoof Musken,Ohn'ahran Plains,Oxen,,,
190906,Plainswalker Mammoth,Ohn'ahran Plains,Mammoth,,,
190908,Plainswalker Calf,Ohn'ahran Plains,Mammoth,,,
190909,Swift Hornstrider,Ohn'ahran Plains,Tallstrider,,,
190943,Ravine Vulture,Ohn'ahran Plains,Carrion Bird,,,
190944,Vorquin Strider,The Azure Span,Stag,,,
190953,Sunhide Stomphoof,Ohn'ahran Plains,Clefthoof,,,Exotic
190960,Feasting Buzzard,Ohn'ahran Plains,Carrion Bird,,,
190961,Mudwalker Salamanther,Ohn'ahran Plains,Lizard,,,
190962,Nokhud Warhound,Ohn'ahran Plains,Hound,,,
191005,Hornswog Matriarch,The Waking Shores,Lesser Dragonkin,,,Lesser Dragonkin
191032,Mana Wyrm,The Azure Span,Serpent,,,
191033,Mana Wyrmling,The Azure Span,Serpent,,,
191051,Nimblewing Slyvern,Ohn'ahran Plains,Feathermane,,,Feathermane
191057,Thunderspine Crasher,Ohn'ahran Plains,Scalehide,,,
191060,Fussy Swoglet,The Waking Shores,Lesser Dragonkin,,,Lesser Dragonkin
191061,Pool Skimmer,The Azure Span,Water Strider,,,Exotic
191199,Hillside Forager,Thaldraszus,Bear,,,
191201,Hill Hunter,Thaldraszus,Bird of Prey,,,
191203,Pleasant Hart,Thaldraszus,Stag,,,
191204,Pleasant Yearling,Thaldraszus,Stag,,,
191240,Hillside Forager,Thaldraszus,Bear,,,
191317,Creekside Grazer,Thaldraszus,Stag,,,
191329,Sleepless Fickleshell,Thaldraszus,Turtle,,,
191365,Proto Dragonfly,Thaldraszus,Water Strider,,,Exotic
191404,Cascadia Fickleshell,Thaldraszus,Turtle,,,
191478,Meadowhoof Calf,Ohn'ahran Plains,Oxen,,,
191479,Charred Hornspike,The Waking Shores,Lesser Dragonkin,,,Lesser Dragonkin
191481,Stomphoof Calf,Ohn'ahran Plains,Clefthoof,,,Exotic
191496,Pinehoof Doe,Ohn'ahran Plains,Stag,,Loses its lightning effect after taming.,
191509,Blazing Dreadsquall,The Waking Shores,Bird of Prey,,,
191527,Sunscale Turtle,Ohn'ahran Plains,Turtle,,,
191532,Black-footed Gull,Ohn'ahran Plains,Bird of Prey,,,
191535,Blackpaw Bear,Ohn'ahran Plains,Bear,,,
191541,Craggy Stag,Ohn'ahran Plains,Stag,,Loses its lightning effect upon taming.,
191545,Insatiable Vulture,Ohn'ahran Plains,Carrion Bird,,Loses its electrical effect upon taming. The vultures with this ID are on the ground.,
191551,Insatiable Vulture,Ohn'ahran Plains,Carrion Bird,,Loses its electrical effect upon taming. The vultures with this ID are flying in the air.,
191553,Wild Argali,The Waking Shores,Gruffhorn,,,
191554,Argali Lamb,The Waking Shores,Gruffhorn,,,
191561,Cascade Swog,Thaldraszus,Lesser Dragonkin,,,Lesser Dragonkin
191563,Swoglet,Thaldraszus,Lesser Dragonkin,,,Lesser Dragonkin
191588,Untamed Stormwing,Ohn'ahran Plains,Bird of Prey,,,
191604,Brackish Hornswog,Ohn'ahran Plains,Lesser Dragonkin,,,Lesser Dragonkin
191606,Gargantuan Hornswog,Ohn'ahran Plains,Lesser Dragonkin,,,Lesser Dragonkin
191618,River Hornswog,The Waking Shores,Lesser Dragonkin,,,Lesser Dragonkin
191619,Mature Hornswog,The Waking Shores,Lesser Dragonkin,,,Lesser Dragonkin
191620,River Swoglet,The Waking Shores,Lesser Dragonkin,,,Lesser Dragonkin
191621,Elder Hornswog,The Waking Shores,Lesser Dragonkin,,In a cave roughly north of Dragonheart Outpost and south of Scalecracker Keep. Entrance is on the north side of the rocky hill.,Lesser Dragonkin
191624,Tranquil Vorquin,The Waking Shores,Stag,,,
191626,Ancient Gryphon,Thaldraszus,Feathermane,,,Feathermane
191628,Lava Snail,The Waking Shores,Carapid,,"Found in several volcanic locations: Burning Ascent, Conservatory Outpost, Scalecracker Keep, and the coast south of Dragonbane Keep.",Exotic
191637,Lava Phoenix,The Waking Shores,Bird of Prey,,To the south of Scalecracker Keep.,
191639,Vibrant Butterfly,The Waking Shores,Moth,,"The blue butterflies make sounds when clicked on, the red and purple do not.",
191645,Wind Serpent,The Waking Shores,Wind Serpent,,"On the green rise south of Scalecracker Keep, and on the ridges east and south of Hornswog Hollow.",
191647,Young Wind Serpent,The Waking Shores,Wind Serpent,,On the green rise south of Scalecracker Keep.,
191653,Coastal Salamanther,The Waking Shores,Lizard,,,
191656,Young Salamanther,The Waking Shores,Lizard,,,
191665,Rumbling Blackpaw,Ohn'ahran Plains,Bear,,Loses electrical effect upon taming.,
191672,Lava Tarantula,The Waking Shores,Spider,,,
191678,Magmammoth Crusher,The Waking Shores,Mammoth,,,
191679,Magmammoth Bull,The Waking Shores,Mammoth,,,
191684,Riverbeast Calf,The Waking Shores,Riverbeast,,,
191686,Mature Riverbeast,The Waking Shores,Riverbeast,,,
191687,Riverbeast Elder,The Waking Shores,Riverbeast,,,
191694,Young Basilisk,The Waking Shores,Basilisk,,,
191695,Stalking Basilisk,The Waking Shores,Basilisk,,,
191696,Mature Basilisk,The Waking Shores,Basilisk,,,
191697,Ancient Basilisk,The Waking Shores,Basilisk,,,
191748,Burnished Ledgehopper,Thaldraszus,Stag,,,
191790,Water Snail,The Waking Shores,Carapid,,Found in battle with Lava Snails at a couple of spots along the coastal inlet in the south-west of the zone - just south of Dragonbane Keep and north of Apex Canopy.,Exotic
191825,Thunder Lizard Alpha,The Waking Shores,Scalehide,,,
191826,Mature Thunder Lizard,The Waking Shores,Scalehide,,,
191827,Thunder Lizard,The Waking Shores,Scalehide,,,
191830,Dreadsquall Hatchling,The Waking Shores,Bird of Prey,,,
191880,Lounging Hornswog,The Waking Shores,Lesser Dragonkin,,,Lesser Dragonkin
191903,Magmammoth Bull,The Waking Shores,Mammoth,,,
191978,Snap,The Azure Span,Hyena,,,
191979,Gristle,The Azure Span,Hyena,,,
192043,Frostjaw,The Azure Span,Bear,,,
192123,Hermit Crab,The Waking Shores,Crab,,,
192168,Docile Slyvern,The Waking Shores,Feathermane,,,Feathermane
192169,Mature Slyvern,The Waking Shores,Feathermane,,,Feathermane
192176,Hornstrider Hatchling,Ohn'ahran Plains,Tallstrider,,,
192181,Wild Rockfang,The Waking Shores,Cat,,,
192182,Rockfang Hunter,The Waking Shores,Cat,,,
192351,Trained Hyena,The Azure Span,Hyena,,,
192373,Verdant Mallard,Thaldraszus,Waterfowl,,,
192374,Mountain Boghopper,Thaldraszus,Lesser Dragonkin,,,Lesser Dragonkin
192375,Garden Winghunter,Thaldraszus,Bird of Prey,,,
192376,Sprightly Darner,Thaldraszus,Water Strider,,,Exotic
192377,Mountainside Grizzly,Thaldraszus,Bear,,,
192379,Mountain Scarab,Thaldraszus,Beetle,,,
192383,Iridescent Peafowl,Thaldraszus,Carrion Bird,,,
192430,Spiked Matriarch,The Waking Shores,Lesser Dragonkin,,Located at the very back of a cave in southern Burning Ascent.,Lesser Dragonkin
192453,Vaniik the Stormtouched <Corrupted Child of Ohn'ahra>,Ohn'ahran Plains,Bird of Prey,,,
192466,Thornsided Basilisk,Thaldraszus,Basilisk,,,
192486,Lela,The Azure Span,Hyena,,,
192487,Lulu,The Azure Span,Hyena,,,
192503,Scavenging Cub,Thaldraszus,Hyena,,,
192525,Scavenger Matriarch,Thaldraszus,Hyena,,,
192591,Shiverweb Crawler,The Azure Span,Spider,,,
192594,Lounging Mudstomper,Ohn'ahran Plains,Riverbeast,,,
192597,Mudstomper Bull,Ohn'ahran Plains,Riverbeast,,,
192637,Clearwater Turtle,Ohn'ahran Plains,Turtle,,,
192639,Skittish Herdmare,The Azure Span,Stag,,,
192640,Mountain Herdstallion,Thaldraszus,Stag,,,
192641,Swiftfoot Tallstrider,Thaldraszus,Tallstrider,,,
192644,Mountain Stonefang,Thaldraszus,Cat,,,
192651,Clearwater Riverbeast,Ohn'ahran Plains,Riverbeast,,,
192652,Clearwater Bull,Ohn'ahran Plains,Riverbeast,,,
192654,Clearwater Calf,Ohn'ahran Plains,Riverbeast,,,
192678,Clearwater Snapper,Ohn'ahran Plains,Turtle,,,
192739,Feasting Wyrm,The Azure Span,Serpent,,"Found on the top platform. Its name changes to ""Soothed Wyrm"" after you stabilize the platform, but it has the same ID.",
192759,Gorger,The Azure Span,Scalehide,,,
192775,Greenbelt Turtle,Ohn'ahran Plains,Turtle,,,
192776,Sunscale Snapper,Ohn'ahran Plains,Turtle,,,
192812,Scavenger Matriarch,Thaldraszus,Hyena,,,
192833,Greenbelt Calf,Ohn'ahran Plains,Riverbeast,,,
192834,Greenbelt Riverbeast,Ohn'ahran Plains,Riverbeast,,,
192853,Greenbelt Ottuk,Ohn'ahran Plains,Rodent,,,Ottuk
192854,Clearwater Ottuk,Ohn'ahran Plains,Rodent,,,Ottuk
192882,Snowy Crystalspine,The Azure Span,Rodent,,,
192885,Snowhorn Bruffalon,The Azure Span,Stag,,,
192887,Frostwhisker Ottuk,The Azure Span,Rodent,,,Ottuk
192915,Frostytrunk Mammoth,The Azure Span,Mammoth,,,
192938,Nimblewing Striker,Ohn'ahran Plains,Feathermane,,,Feathermane
192941,Thunderspine Rumbler,Ohn'ahran Plains,Scalehide,,,
192946,Thicket Scalebiter,Ohn'ahran Plains,Lizard,,,
192947,Bluebill Waddler,Ohn'ahran Plains,Waterfowl,,,
192949,Skaara,Ohn'ahran Plains,Cat,,,
192950,Shenzai,Ohn'ahran Plains,Hound,,,
192951,Bankai,Ohn'ahran Plains,Hound,,,
192952,Edai,Ohn'ahran Plains,Hound,,,
192953,Thicket Mallard,Ohn'ahran Plains,Waterfowl,,,
192961,Ayanga,Ohn'ahran Plains,Scalehide,,,
192978,Range Ohuna,Ohn'ahran Plains,Bird of Prey,,,
193052,Barbed Bakar Runt,The Azure Span,Hound,,,
193053,Barbed Bakar,The Azure Span,Hound,,,
193062,Prowling Frigidpelt,The Azure Span,Bear,,,
193063,Frigidpelt Matriarch,The Azure Span,Bear,,Loses its purple effect upon taming.,
193125,Goremaul the Gluttonous,Thaldraszus,Bear,,,
193139,Basalt Shell,The Waking Shores,Carapid,,"Found along a lava course to the south of the keep, in the far west of the area.",Exotic
193154,Forgotten Gryphon,The Waking Shores,Feathermane,,"Found atop a plateau southeast of Obsidian Citadel (approximately 33,76).",Feathermane|Undead
193168,Biryuk,Ohn'ahran Plains,Hound,True,,
193175,"Slurpo, the Incredible Snail",The Waking Shores,Carapid,True,"To get this snail to spawn you have to first obtain a Magical Salt Crystal from the back of a cave in the Gorloc Shore in the Azure Span (approximately 11.0, 41.4), then head to Slurpo's cave in the western cliffs of the Wild Preserve, (around 35.9, 89.8) and toss the crystal in the water.",Exotic
193177,Beakers,The Waking Shores,Tallstrider,,"Beakers appears rarely and runs circuits around the area. Despite being a named NPC, Beakers can appear in one of two colours - black or white. Like other pets, its colour becomes stable when tamed.",
193201,Mucka the Raker,The Azure Span,Rodent,,"Not always present. Found on an island in the river, west of the 'N' in Camp Nowhere on the main map. Possibly spawned by attacking the Muckling NPCs.",
193208,Scavenging Bakar,Ohn'ahran Plains,Hound,,,
193217,Drakewing,The Waking Shores,Waterfowl,,Flies a long path through the area.,
193219,Muckling,The Azure Span,Rodent,,,
193229,Henlare,Thaldraszus,Bird of Prey,,,
193236,Shackled Crab,The Waking Shores,Crab,,Spawns whenever Gorjo the Crab Shackler is up.,
193254,Bloodgullet,Ohn'ahran Plains,Spirit Beast,True,"Bloodgullet is invisible to you until you click on the Essence of Awakening, which is a pile of purple dust found in a hut at approximately 85.7,20.8 in the Ohn'ahran Plains (on the zone map, it's between the S and T in ""TIMBERSTEP""). This gives you an hour-long buff that allows you to see Bloodgullet, who can be found wadering the meadows roughly south-east of the Maruukai flight point and north of the river (around 66.0,43.0).",Exotic
193266,Lepidoralia the Resplendent,The Waking Shores,Moth,,"Spawns after you collect a large number of of butterflies for Collector Zik, who is located at the cavern entrance. The entrance to Fluttering Cavern is in the upper rock face of the spur south of Wild Preserve, in the south-west of the zone. Speak to Collector Zik to begin collecting, or if you want some idea of your progress.",
193273,Liskron the Dazzling,Thaldraszus,Carrion Bird,,,
193301,Aggressive Hornstrider,Ohn'ahran Plains,Tallstrider,,,
193302,Proto Dragonfly,Thaldraszus,Water Strider,,,Exotic
193306,Stream Hunter,Thaldraszus,Bird of Prey,,,
193308,Hornstrider Chick,Ohn'ahran Plains,Tallstrider,,,
193309,Wild Argali,Ohn'ahran Plains,Gruffhorn,,,
193311,Melkhop,Thaldraszus,Lesser Dragonkin,,Spawns during the Grand Hunt event.,Lesser Dragonkin
193313,Watching Corpsewing,Ohn'ahran Plains,Carrion Bird,,,
193346,Horned Plainstomper,Ohn'ahran Plains,Clefthoof,,,Exotic
193348,Ancient Plainstomper,Ohn'ahran Plains,Clefthoof,,,Exotic
193353,Plainsbound Slyvern,Ohn'ahran Plains,Feathermane,,,Feathermane
193384,Plains Rockfang,Ohn'ahran Plains,Cat,,,
193385,Broadhoof Bull,Ohn'ahran Plains,Stag,,,
193386,Grazing Broadhoof,Ohn'ahran Plains,Stag,,,
193394,Mosshair Bull,Ohn'ahran Plains,Mammoth,,,
193395,Mosshair Mammoth,Ohn'ahran Plains,Mammoth,,,
193401,Snowscruff Bakar,The Azure Span,Hound,,,
193402,Snowscruff Runt,The Azure Span,Hound,,,
193403,Plains Musken,Ohn'ahran Plains,Oxen,,,
193405,Wildwater Timbertooth,The Azure Span,Rodent,,,
193407,Horned Plainstomper,Ohn'ahran Plains,Clefthoof,,,Exotic
193409,Wildwater Ottuk,The Azure Span,Rodent,,,Ottuk
193417,Young Horned Armoredon,The Azure Span,Scalehide,,,
193427,Tired Goat,The Azure Span,Gruffhorn,,Loses the diseased effect upon being tamed.,
193428,Feral Hyena,The Azure Span,Hyena,,Loses its diseased effect upon being tamed.,
193429,Ravaged Bruffalon,The Azure Span,Stag,,Loses the diseased effect upon being tamed.,
193430,Prowling Vulture,The Azure Span,Carrion Bird,,,
193436,Ruby Mallard,The Waking Shores,Waterfowl,,,
193438,Snowypelt Slyvern,The Azure Span,Feathermane,,,Feathermane
193491,Thickfur Ottuk,The Azure Span,Rodent,,,Ottuk
193496,Mud Beaver,The Azure Span,Rodent,,,
193497,Shortcoat Bear,The Azure Span,Bear,,,
193502,Red Furred Calf,The Azure Span,Stag,,,
193503,Red Furred Cow,The Azure Span,Stag,,,
193507,Red Furred Bull,The Azure Span,Stag,,,
193509,Woodland Filcher,The Azure Span,Bird of Prey,,,
193511,Woadspine,The Azure Span,Rodent,,,
193514,Snowy Mammoth Bull,The Azure Span,Mammoth,,,
193521,Shy Croaklet,The Waking Shores; Ohn'aran Plains,Lesser Dragonkin,,"Found in the Cliffdrip Cave to the south of Wild Preserve in the Waking Shores, and Clearwater Basin in Ohn'aran Plains.",Lesser Dragonkin
193536,Rockfang Cub,Ohn'ahran Plains,Cat,,,
193545,Feral Bakar,Ohn'ahran Plains,Hound,,,
193577,Lushmeadow Stag,The Waking Shores,Stag,,,
193579,Muckjaw Basilisk,The Waking Shores,Basilisk,,,
193590,Windswept Albatross,The Waking Shores,Bird of Prey,,,
193595,Pinehoof Bull,Ohn'ahran Plains,Stag,,,
193596,Scavenging Hullripper,The Waking Shores,Crab,True,Loses harpoons and anchor after taming.,
193598,Snowy Mammoth,The Azure Span,Mammoth,,,
193599,Wildwater Matriarch,The Azure Span,Rodent,,,
193604,Sandsifting Crawler,The Waking Shores,Crab,,,
193605,Scavenging Hardshell,The Waking Shores,Crab,,,
193609,Ruby Peafowl,The Waking Shores,Carrion Bird,,,
193612,Highpeaks Goat,The Azure Span,Gruffhorn,,,
193627,Shortcoat Bear,The Azure Span,Bear,,,
193636,Pinewing Mallard,Ohn'ahran Plains,Waterfowl,,,
193673,Shortcoat Mauler,The Azure Span,Bear,,,
193700,Squelchy Salamanther,Thaldraszus,Lizard,,,
193702,Blistered Basilisk,Thaldraszus,Basilisk,,,
193705,Bustled Beetle,Thaldraszus,Beetle,,,
193719,Pinehoof Cow,Ohn'ahran Plains,Stag,,,
193723,Mossy Armoredon,Ohn'ahran Plains,Scalehide,,Found in a cave east of Ohn'iri Springs.,
193725,Karkidan,Ohn'ahran Plains,Scalehide,,Found in a large cave east of Ohn'iri Springs. There are Mossy Armoredons at the entrance.,
193738,Forkriver Bull,Ohn'ahran Plains,Stag,,,
193739,Forkriver Pinehoof,Ohn'ahran Plains,Stag,,,
193752,Elegant Vorquin,The Waking Shores,Stag,,,
193809,Productive Pollinator,Thaldraszus,Wasp,,,
193854,Elusive Salamanther,Dragon Isles,Lizard,,"There's a chance this beast will appear when you use an Elusive Creature Bait in some watery areas of the Dragon Isles, including The Waking Shores, Ohn'ahran Plains, Thaldraszus, Emerald Dream, and much of Zaralek Cavern (including drier areas). To create Elusive Creature Bait you must have levelled Dragon Isles Skinning to the point where you can select the Bait Crafter specialization (see your skinning journal inside your professions panel) and spend at least 10 points of Knowledge in it.",
193859,Elusive Thunder Lizard,Ohn'ahran Plains; The Waking Shores,Scalehide,,There's a chance this beast will appear when you use an Elusive Creature Bait in many parts of the Ohn'ahran Plains and The Waking Shores. To create Elusive Creature Bait you must have levelled Dragon Isles Skinning to the point where you can select the Bait Crafter specialization (see your skinning journal inside your professions panel) and spend at least 10 points of Knowledge in it.,
193861,Elusive Magmammoth,Dragon Isles,Mammoth,,"There's a chance this beast will appear when you use an Elusive Creature Bait in areas of the Waking Shores that contain magma flows, or in the magma flows in the west of Zaralek Cavern (just east and below the Zaqali Caldera). To create Elusive Creature Bait you must have levelled Dragon Isles Skinning to the point where you can select the Bait Crafter specialization (see your skinning journal inside your professions panel) and spend at least 10 points of Knowledge in it.",
193864,Wild Crystalspine,The Azure Span,Rodent,,,
193873,Elusive Snapdragon,The Waking Shores; The Forbidden Reach,Lizard,,There's a chance this beast will appear when you use an Elusive Creature Bait in some watery areas of The Waking Shores and some coastal areas of The Forbidden Reach. To create Elusive Creature Bait you must have levelled Dragon Isles Skinning to the point where you can select the Bait Crafter specialization (see your skinning journal inside your professions panel) and spend at least 10 points of Knowledge in it.,
193891,Elusive Crystalspine,Ohn'ahran Plains; The Azure Span,Rodent,,"There's a chance this beast will appear when you use an Elusive Creature Bait in limited areas of the Ohn'ahran Plains and The Azure Span, including Emerald Gardens, Lilac Ramble, Primordial Vale, Cloverwood Hollow, Drake Eye's Pond, and Timbertooth Trail. To create Elusive Creature Bait you must have levelled Dragon Isles Skinning to the point where you can select the Bait Crafter specialization (see your skinning journal inside your professions panel) and spend at least 10 points of Knowledge in it.",
193892,Elusive Bull,The Azure Span; Ohn'ahran Plains,Stag,,There's a chance this beast will appear when you use an Elusive Creature Bait in The Azure Span and some forested parts of the Ohn'ahran Plains. To create Elusive Creature Bait you must have levelled Dragon Isles Skinning to the point where you can select the Bait Crafter specialization (see your skinning journal inside your professions panel) and spend at least 10 points of Knowledge in it.,
193925,Obsidian Swoglet,The Waking Shores,Lesser Dragonkin,,,Lesser Dragonkin
193952,Azure Crawler,The Azure Span,Crab,,,
193966,Seaspan Runner,The Azure Span,Stag,,,
193968,Cliffhoof Bruffalon,The Azure Span,Stag,,,
193976,Craghorn Goat,The Azure Span,Gruffhorn,,,
193980,Icehorn Goat,The Azure Span,Gruffhorn,,,
193986,Elusive Slyvern,The Azure Span; The Forbidden Reach,Feathermane,,There's a chance this beast will appear when you use an Elusive Creature Bait in The Azure Span and the slyvern areas in the west of The Forbidden Reach (just across the water from Morqut Islet). To create Elusive Creature Bait you must have levelled Dragon Isles Skinning to the point where you can select the Bait Crafter specialization (see your skinning journal inside your professions panel) and spend at least 10 points of Knowledge in it.,Feathermane
193996,Flyspawn Beetle,Ohn'ahran Plains,Beetle,,,
194020,Stormfang Bakar,Ohn'ahran Plains,Hound,,Loses its electrical effect upon taming.,
194021,Insatiable Vulture,Ohn'ahran Plains,Carrion Bird,,Loses its electrical effect upon taming. Found by cave in the eastern part of Sagecrest Pines.,
194035,Tundra Bear,The Azure Span,Bear,,,
194045,Coastal Scaleshell,The Azure Span,Turtle,,,
194054,Mistbeetle,Thaldraszus,Beetle,,,
194075,Mature Riverbeast,The Waking Shores,Riverbeast,,,
194078,Riverbeast Elder,The Waking Shores,Riverbeast,,,
194079,Mature Riverbeast,The Waking Shores,Riverbeast,,,
194085,Elusive Elder Rockfang,Ohn'ahran Plains; Thaldraszus,Cat,,There's a chance this beast will appear when you use an Elusive Creature Bait in Thaldraszus and the Ohn'ahran Plains. This bait item can only be crafted and used by players with Dragon Isles Skinning. To have a chance to summon an Elite Elusive creature you must spend 20 points in the Mastery subspecialization of Bait Crafter (Dragon Isles Skinning - see your Skinning journal in your professions panel). To create Elusive Creature Bait you must have levelled Dragon Isles Skinning to the point where you can select the Bait Crafter specialization (see your skinning journal inside your professions panel) and spend at least 10 points of Knowledge in it.,
194102,Elusive Elder Slyvern,The Azure Span,Feathermane,,There's a chance this beast will appear when you use an Elusive Creature Bait in The Azure Span. To have a chance to summon an Elite Elusive creature you must spend 20 points in the Mastery subspecialization of Bait Crafter (Dragon Isles Skinning - see your Skinning journal in your professions panel). To create Elusive Creature Bait you must have levelled Dragon Isles Skinning to the point where you can select the Bait Crafter specialization (see your skinning journal inside your professions panel) and spend at least 10 points of Knowledge in it.,Feathermane
194103,Elusive Rimeclaw Bear,The Azure Span,Bear,,"There's a chance this beast will appear when a player with Dragon Isles Skinning uses an Elusive Creature Bait right outside the bear cave at Slyvern Plunge in The Azure Span (coords ~ 64.4,30.3). Note that this bear can spawn in any of 5 different colours, and it's also possible for quite a few other Elusive creatures to be summoned to this location, so it may take many, many tries to attract the one you want to tame! Also note that if you've placed 40 points into Bait Mastery (Dragon Isles Skinning specialisation) it's likely you'll first summon a rare Elusive Elder Frigidpelt - which you'll have to kill and skin before anything else has a chance of appearing. While the base cooldown on using the bait is 12 hours, you can reduce it by at least 10 minutes for every creature you skin (this reduction improves as you advance the Mastery skill). So if you go to a good skinning area you might be able to use a new bait in 15 minutes or less. To create Elusive Creature Bait you must have levelled Dragon Isles Skinning to the point where you can select the Bait Crafter specialization and spend at least 10 points of Knowledge in it. It's also important to note that you must spend 20 points in the Mastery subspecialization in order to have a chance of summoning Elites. See Wowhead's Dragon Isles Skinning Guide for an overview of how Skinning (and Elusive Creature Bait) works.",
194144,Riverbeast Elder,The Waking Shores,Riverbeast,,,
194145,Mature Riverbeast,The Waking Shores,Riverbeast,,,
194171,Frostcoat Bear,The Azure Span,Bear,,,
194220,Pinefrost Bruffalon,The Azure Span,Stag,,,
194224,Crazed Alpha,Thaldraszus,Bear,,,
194242,Icecling Ottuk,The Azure Span,Rodent,,Found in a cave east of Iskaara.,Ottuk
194272,Highlands Bruffalon,The Azure Span,Stag,,,
194283,Azure Herdmare,The Azure Span,Stag,,,
194290,Feral Bakar,The Azure Span,Hound,,,
194300,Highlands Cow,The Azure Span,Stag,,,
194305,Highlands Calf,The Azure Span,Stag,,,
194306,Highland Mammoth Bull,The Azure Span,Mammoth,,,
194307,Highland Mammoth,The Azure Span,Mammoth,,,
194311,Freezefur Bruffalon,The Azure Span,Stag,,,
194380,Seafoam Scuttler,The Azure Span,Crab,,,
194414,Snowspine Snuffler,The Azure Span,Rodent,,,
194439,Thickmane Matriarch,The Azure Span,Bear,,,
194489,Elusive Elder Drake,The Azure Span,Waterfowl,,"There's a chance this beast will appear when you use an Elusive Creature Bait around Drake Eye's Pond (coords ~ 23,33). Elusive Rares can only be summoned if you spend 40 points in the Mastery subspecialization of Bait Crafter (Dragon Isles Skinning - see your Skinning journal in your professions panel), and they can normally be killed and skinned just once a day. To create Elusive Creature Bait you must have levelled Dragon Isles Skinning to the point where you can select the Bait Crafter specialization (see your skinning journal inside your professions panel) and spend at least 10 points of Knowledge in it.",
194568,Restless Slyvern,Ohn'ahran Plains,Feathermane,,"Spawns during the Grand Hunt event, west of Pinewood Post.",Feathermane
194663,Mirror Lurker,Ohn'ahran Plains,Riverbeast,,,
194665,Mirror Lurker Calf,Ohn'ahran Plains,Riverbeast,,,
194666,Mirror Lurker Elder,Ohn'ahran Plains,Riverbeast,,,
194673,Sprightly Hornstrider,Ohn'ahran Plains,Tallstrider,,,
194692,Horned Armoredon,The Azure Span,Scalehide,,,
194696,Blue-footed Waterfowl,Ohn'ahran Plains,Waterfowl,,,
194697,Headbutting Caprine,The Azure Span,Gruffhorn,,,
194718,Intrepid Timbertooth,Ohn'ahran Plains,Rodent,,,
194719,Resourceful Timbertooth,Ohn'ahran Plains,Rodent,,,
194722,Dubious Duck,Ohn'ahran Plains,Waterfowl,,,
194726,Shoreside Argali,Ohn'ahran Plains,Gruffhorn,,,
194750,Cliffside Kite,Ohn'ahran Plains,Bird of Prey,,"Located west of Broadhoof Outpost. Found on the ground, not flying.",
194771,Sunwing Ohuna,Ohn'ahran Plains,Bird of Prey,,,
194786,Cliffside Bakar,Ohn'ahran Plains,Hound,,,
194802,Suntuft Bakar,Ohn'ahran Plains,Hound,,,
194807,Suntuft Runt,Ohn'ahran Plains,Hound,,,
194815,Auburntusk Adolescent,Ohn'ahran Plains,Mammoth,,,
194849,Clawfisher Ohuna,Ohn'ahran Plains,Bird of Prey,,,
194868,Hungry Plainstomper,Ohn'ahran Plains,Clefthoof,,,Exotic
194909,Feather Ruffling Duck,Ohn'ahran Plains,Waterfowl,,,
194926,Swift Hornstrider,Ohn'ahran Plains,Tallstrider,,,
194962,Moose Bull,The Azure Span,Stag,,,
194964,Snowy Mammoth,The Azure Span,Mammoth,,,
194966,Snowy Mammoth Bull,The Azure Span,Mammoth,,,
195002,Bright Gustfeather,Thaldraszus,Bird of Prey,,,
195004,Protective Gustfeather,Thaldraszus,Bird of Prey,,,
195008,Emerald Mallard,Thaldraszus,Waterfowl,,,
195014,Adventurous Mallard,Thaldraszus,Waterfowl,,,
195036,Grazing Lamb,Ohn'ahran Plains,Gruffhorn,,,
195040,Vigilant Ram,Ohn'ahran Plains,Gruffhorn,,,
195045,Cliffside Kite,Ohn'ahran Plains,Bird of Prey,,,
195047,Tranquil Vorquin,Thaldraszus,Stag,,,
195048,Sparring Vorquin,Thaldraszus,Stag,,,
195117,Pond Duck,Ohn'ahran Plains,Waterfowl,,,
195150,Grinning Cur,The Azure Span,Hyena,,,
195151,Perching Hunter,The Azure Span,Bird of Prey,,,
195157,Barbed Crystalspine,The Azure Span,Rodent,,,
195163,Azure Cryer,The Azure Span,Carrion Bird,,,
195172,Grasslands Musken,Ohn'ahran Plains,Oxen,,,
195185,Grasslands Calf,Ohn'ahran Plains,Oxen,,,
195189,Wild Crystalspine,The Azure Span,Rodent,,,
195190,Highlands Bull,The Azure Span,Stag,,,
195191,Highlands Calf,The Azure Span,Stag,,,
195192,Highlands Cow,The Azure Span,Stag,,,
195194,Highland Mammoth,The Azure Span,Mammoth,,,
195195,Highland Mammoth Bull,The Azure Span,Mammoth,,,
195197,Shortcoat Bear,The Azure Span,Bear,,,
195198,Shortcoat Mauler,The Azure Span,Bear,,,
195208,Grasslands Raptor,Ohn'ahran Plains,Bird of Prey,,,
195219,Grasslands Stomper,Ohn'ahran Plains,Oxen,,,
195221,Grasslands Bakar,Ohn'ahran Plains,Hound,,,
195223,Rustlily <Nimblewing Matriarch>,Ohn'ahran Plains,Feathermane,,,Feathermane
195256,Plains Moose,Ohn'ahran Plains,Stag,,,
195261,Plains Bull,Ohn'ahran Plains,Stag,,,
195268,Proud Plumecrest,Thaldraszus,Feathermane,,,Feathermane
195272,Darktooth Renderer,The Azure Span,Hyena,,,
195273,Darktooth Howler,The Azure Span,Hyena,,,
195304,Coarse Stagbeetle,Thaldraszus,Beetle,,,
195305,Crystalspine Forager,Thaldraszus,Rodent,,,
195310,Oasis Mallard,Thaldraszus,Waterfowl,,,
195319,Ageless Rockfang,Thaldraszus,Cat,,,
195324,Shifting Falcon,Thaldraszus,Bird of Prey,,,
195359,Thornsided Basilisk,Thaldraszus,Basilisk,,,
195360,Mountain Scarab,Thaldraszus,Beetle,,,
195365,Mountain Stonefang,Thaldraszus,Cat,,,
195366,Swiftfoot Tallstrider,Thaldraszus,Tallstrider,,,
195380,Thaldraszian Hoverbug,Thaldraszus,Beetle,,,
195382,Mountain Stonefang,Thaldraszus,Cat,,,
195383,Swiftfoot Tallstrider,Thaldraszus,Tallstrider,,,
195397,Shiverweb Cloaker,The Azure Span,Spider,,,
195409,Makhra the Ashtouched <Corrupted Child of Ohn'ahra>,Ohn'ahran Plains,Bird of Prey,,Spawns on top of the forge in the far west of Nokhudon Hold. She only spawns on days when the Aylaag Camp is located at Eaglewatch Outpost (south of Maruukai and west of Cloverwood Hollow).,
195448,Blazing Firesquall,The Waking Shores,Bird of Prey,,,
195456,Clawfisher Eagle,Ohn'ahran Plains,Bird of Prey,,,
195458,Sprightly Hornstrider,Ohn'ahran Plains,Tallstrider,,,
195459,Swift Hornstrider,Ohn'ahran Plains,Tallstrider,,,
195460,Spotted Prowler,Ohn'ahran Plains,Cat,,,
195461,Shifty Salamanther,Ohn'ahran Plains,Lizard,,,
195470,Dappled Cragdiver,Thaldraszus,Bird of Prey,,,
195499,Grazing Bruffalon,Ohn'ahran Plains,Stag,,,
195513,Bluebill Waddler,Ohn'ahran Plains,Waterfowl,,,
195525,Bruffalon Calf,Ohn'ahran Plains,Stag,,,
195530,Proudhorn Wanderer,Ohn'ahran Plains,Stag,,,
195552,Bruffalon Bull,Ohn'ahran Plains,Stag,,,
195627,Rambunctious Calf,Ohn'ahran Plains,Stag,,,
195635,Time-Charged Bear,Thaldraszus,Bear,,Loses Time Effect upon taming.,
195708,Ailing Snowypelt Slyvern,The Azure Span,Feathermane,,Loses its purple effect upon taming.,Feathermane
195709,Gorging Stagbeetle,Ohn'ahran Plains,Beetle,,"Only appears during the world quest, Low Hanging Fruit.",
195712,Mossy Hornswog,Ohn'ahran Plains,Lesser Dragonkin,,,Lesser Dragonkin
195715,Cragstrike Windhoof,Ohn'ahran Plains,Scalehide,,,
195716,Cragstrike Stomper,Ohn'ahran Plains,Scalehide,,,
195717,Cragstrike Thunderer,Ohn'ahran Plains,Scalehide,,,
195722,Harried Plainsfeaster,Ohn'ahran Plains,Carrion Bird,,,
195743,Roaming Frigidpelt,The Azure Span,Bear,,,
195753,Bloodcrazed Warhound,Ohn'ahran Plains,Hound,,,
195762,Mossy Gulper,Ohn'ahran Plains,Lesser Dragonkin,,,Lesser Dragonkin
195848,Springwater Salamanther,Ohn'ahran Plains,Lizard,,,
195892,Mother Duck,Ohn'ahran Plains,Waterfowl,,,
195895,Nergazurai,Ohn'ahran Plains,Tallstrider,True,,
195905,Hornstrider Runner,Ohn'ahran Plains,Tallstrider,,,
195909,Wild Cliffhoof,Ohn'ahran Plains,Gruffhorn,,,
195984,Auburntusk Bull,Ohn'ahran Plains,Mammoth,,,
196017,Pudgy Riverbeast,The Waking Shores,Riverbeast,,,
196054,Sunbelt Musken,Ohn'ahran Plains,Oxen,,,
196057,Coastal Slyvern,Ohn'ahran Plains,Feathermane,,,Feathermane
196059,Seafeather Ohuna,Ohn'ahran Plains,Bird of Prey,,,
196063,Sandshell Snapper,Ohn'ahran Plains,Turtle,,,
196082,Coastal Bakar,Ohn'ahran Plains,Hound,,,
196083,Coastal Packleader,Ohn'ahran Plains,Hound,,,
196085,Juvenile Bakar,Ohn'ahran Plains,Hound,,,
196093,Briskwater Ottuk,Ohn'ahran Plains,Rodent,,,Ottuk
196096,Sandhoof Bull,Ohn'ahran Plains,Stag,,,
196097,Sandhoof Bruffalon,Ohn'ahran Plains,Stag,,,
196176,Mosshide Basilisk,Thaldraszus,Basilisk,,,
196182,Highland Snapper,Thaldraszus,Turtle,,,
196185,Tenacious Timbertooth,Ohn'ahran Plains,Rodent,,,
196190,Veiled Damselfly,Thaldraszus,Water Strider,,,Exotic
196240,Whitecrested Waddler,Ohn'ahran Plains,Waterfowl,,,
196272,Lost Armoredon,Ohn'ahran Plains,Scalehide,,,
196286,Highland Snapper Hatchling,Thaldraszus,Turtle,,,
196398,Blind Hornspike,The Waking Shores,Lesser Dragonkin,,Just southwest of Dragonbane Keep.,Lesser Dragonkin
196426,Grotto Creeper,Thaldraszus,Spider,,,
196468,Duskplume Ohuna,Thaldraszus,Bird of Prey,,,
196489,Algath'ar Gemshell,Thaldraszus,Beetle,,,
196498,Skittering Boneborer,Thaldraszus,Beetle,,,
196514,Tallpeak Hunter,Thaldraszus,Cat,,,
196515,Tallpeak Cub,Thaldraszus,Cat,,,
196517,Serene Vorquin,Thaldraszus,Stag,,,
196523,Mudpaw Ottuk,Ohn'ahran Plains,Rodent,,Friendly.,Ottuk
196536,Cliffside Queenfisher,Thaldraszus,Bird of Prey,,,
196555,Gladehorn Armoredon,Ohn'ahran Plains,Scalehide,,,
196571,Reservoir Spadefoot,Thaldraszus,Lesser Dragonkin,,,Lesser Dragonkin
196609,Buffleheaded Waterfowl,Thaldraszus,Waterfowl,,,
196619,Springshell Snapper,Ohn'ahran Plains,Turtle,,,
196632,Reservoir Dapple,Thaldraszus,Stag,,,
196639,Mistbeetle,Thaldraszus,Beetle,,,
196655,Sturdy Gladehorn,Ohn'ahran Plains,Scalehide,,,
196674,Buffleheaded Waterfowl,Thaldraszus,Waterfowl,,Buffleheaded Waterfowl with this ID can be found flying about the reservoir.,
196821,Wild Argali,Ohn'ahran Plains,Gruffhorn,,,
196882,Argali Lamb,Ohn'ahran Plains,Gruffhorn,,,
196913,Mara'nar the Thunderous,Ohn'ahran Plains,Scalehide,,,
197000,Island Crab,The Azure Span,Crab,,,
197007,Sunwing Ohuna,Ohn'ahran Plains,Bird of Prey,,,
197009,Liskheszaera,Ohn'ahran Plains,Stag,,,
197041,Sunshell Turtle,Ohn'ahran Plains,Turtle,,,
197097,River Ottuk,Ohn'ahran Plains,Rodent,,,Ottuk
197355,Duck,Thaldraszus,Waterfowl,,,
197436,Shadehide Forager,Thaldraszus,Bear,,,
197438,Mountainside Dapple,Thaldraszus,Stag,,,
197541,Coastal Grizzly,The Azure Span,Bear,,,
197555,Arboreal Grazer,The Azure Span,Stag,,,
197651,Grey Tailed Stag,The Azure Span,Stag,,,
197652,Grey Tailed Doe,The Azure Span,Stag,,,
197663,Grizzled Mauler,The Azure Span,Bear,,,
197667,Darktooth Scavenger,The Azure Span,Hyena,,,
197685,Cliffs Mallard,Thaldraszus,Waterfowl,,,
197821,Springs Waterfowl,Thaldraszus,Waterfowl,,,
197825,Steam Scarab,Thaldraszus,Beetle,,,
197864,Dragonshell Snapper,The Azure Span,Turtle,,,
197866,Dragonshell Tyrant,The Azure Span,Turtle,,,
197871,Canyon Glider,The Azure Span,Feathermane,,,Feathermane
197889,Lushfeather Cryer,The Azure Span,Carrion Bird,,,
197898,Shore Crab,Ohn'ahran Plains,Crab,,,
197914,Dammed Beaver,Ohn'ahran Plains,Rodent,,"Summoned by Norbett (Grand Hunt boss) during combat. When he appears, this boss spawns along the river north of Timberstep Outpost.",
197936,Nesting Seawing,The Azure Span,Bird of Prey,,,
197938,Coastal Timbertooth,Ohn'ahran Plains,Rodent,,,
197944,Crusty Seawing,The Azure Span,Bird of Prey,,,
197950,Steelcliff Ohuna,Thaldraszus,Bird of Prey,,,
197952,Valley Grizzly,The Azure Span,Bear,,,
197954,Scavenging Snipshell,The Azure Span,Crab,,,
197955,Snipshell Nibbler,The Azure Span,Crab,,,
197962,Valley Slyvern,The Azure Span,Feathermane,,,Feathermane
198029,Lightfrenzied Potatoad,Harandar,Hopper,,,Florafaun
198112,Garden Winghunter,Thaldraszus,Bird of Prey,,,
198203,Sunbathing Ottuk,Ohn'ahran Plains,Rodent,,,Ottuk
198313,Le'val Skulltler,The Azure Span,Crab,,"Can be found parading around the island with a drake skull on its back. The skull is lost upon taming. Lev'al Rock Isle is located a long distance south-west of the Azure Archives, beyond the fatigue line and close to the southern border of the map.",
198314,Le'val Spineshell,The Azure Span,Crab,,"Can be found parading around the island with a large vertebra on its back. The vertebra is lost upon taming. Lev'al Rock Isle is located a long distance south-west of the Azure Archives, beyond the fatigue line and close to the southern border of the map.",
198348,Highpeaks Goat,The Azure Span,Gruffhorn,,,
198414,Vorquin,The Forbidden Reach,Stag,,,
198415,Tyrhold Dapple,Thaldraszus,Stag,,,
198416,Tyrhold Broodmare,Thaldraszus,Stag,,,
198417,Tyrhold Gryphon,Thaldraszus,Feathermane,,,Feathermane
198418,Soaring Knifefeather,Thaldraszus,Bird of Prey,,,
198419,Cliffside Bullyswog,Thaldraszus,Lesser Dragonkin,,,Lesser Dragonkin
198423,Cliffside Pollinator,Thaldraszus,Beetle,,,
198428,Giant Swallowtail,Thaldraszus,Moth,,"Found in the east of The Temporal Conflux, on a cliff behind the northern side of the main building. The green and white variants make sounds when clicked on, the orange does not.",
198592,Hot Springs Damselfly,Thaldraszus,Water Strider,,,Exotic
198783,Hermit Crab,The Forbidden Reach,Crab,,,
198789,Vorquin,The Forbidden Reach,Stag,,,
198791,Scalecrawler Beetle,The Forbidden Reach,Beetle,,,
198792,Dragonbane Beetle,The Forbidden Reach,Beetle,,,
198812,River Ottuk,The Forbidden Reach,Rodent,,,Ottuk
198813,Primal Thunder Lizard,The Forbidden Reach,Scalehide,,,
198815,Fledgling Thunder Lizard,The Forbidden Reach,Scalehide,,,
198819,Wild Ohuna,The Forbidden Reach,Bird of Prey,,,
198824,Hunting Redbeak,Ohn'ahran Plains,Bird of Prey,,,
199190,Stonefang Cub,Thaldraszus,Cat,,,
199191,Prowling Stonefang,Thaldraszus,Cat,,,
199192,Isles Gryphon,Thaldraszus,Feathermane,,,Feathermane
199194,Cave Basilisk,Thaldraszus,Basilisk,,,
199195,Cobalt Basilisk,Thaldraszus,Basilisk,,,
199246,Academy Peafowl,Thaldraszus,Carrion Bird,,,
199248,Academy Monarch,Thaldraszus,Moth,,Found in a limited range just south-west of Algeth'ar Academy. Only the white variant makes sounds when clicked.,
199331,Lakefrost Worm,The Azure Span,Worm,,,Exotic
199354,Frostsnout Bear,The Azure Span,Bear,,,
199533,Invasive Scalecrawler,The Forbidden Reach,Beetle,,"Spawns during the quest, ""Inheritance"".",
199542,Shifting Spawnling,Thaldraszus,Spider,,,
199543,Shifting Cavestalker,Thaldraszus,Spider,,,
199544,Reservoir Skyfeather,Thaldraszus,Feathermane,,"Found on rock ledges half way up the cliff on the east and north-east sides of Tyrhold Reservoir. They respawn quickly, so if the colour you're after isn't present you can just keep taming and releasing gryphons until it appears.",Feathermane
199548,Cave Faerie,Thaldraszus,Lesser Dragonkin,,,Lesser Dragonkin
199555,Skyfeather Matriarch,Thaldraszus,Feathermane,True,,Feathermane
199773,Hardback Skitterer,The Forbidden Reach,Crab,,,
199776,Hermit Crawler,The Forbidden Reach,Crab,,,
199784,Saltwhisker Ottuk,The Forbidden Reach,Rodent,,,Ottuk
199785,Amberfur Slyvern,The Forbidden Reach,Feathermane,,,Feathermane
199786,Amberfur Alpha,The Forbidden Reach,Feathermane,,,Feathermane
199823,Smoldering Hound,Zaralek Cavern,Core Hound,,,Exotic
199829,Magma Phoenix,Zaralek Cavern,Bird of Prey,,,
200120,Underlight Moth,Zaralek Cavern,Moth,,,
200249,Weathered Crab,The Forbidden Reach,Crab,,,
200275,Invasive Hornswog,The Forbidden Reach,Lesser Dragonkin,,,Lesser Dragonkin
200276,Invasive Swoglet,The Forbidden Reach,Lesser Dragonkin,,,Lesser Dragonkin
200450,Smoldering Hound,The Azure Span,Core Hound,,Spawns during Fyrakk Assaults.,Exotic
200477,Frilled Gemtooth,Zaralek Cavern,Lizard,,,
200570,Underlight Flutterer,Zaralek Cavern,Moth,,,
200806,Igneous Mollusc,Zaralek Cavern,Carapid,,,Exotic
200898,Redolent Whelk,Zaralek Cavern,Carapid,,,Exotic
200907,Karkinus the Capsizer,The Forbidden Reach,Crab,,,
200949,Scavenging Pincher,The Forbidden Reach,Crab,,,
201066,Trudging Devourer,Zaralek Cavern,Carapid,,,Exotic
201067,Crystalline Dustmoth,Zaralek Cavern,Moth,,,
201068,Preying Dustmoth,Zaralek Cavern,Moth,,,
201096,Fireborn Salamanther,Zaralek Cavern,Lizard,,,
201306,Quartzite Sporebat,Zaralek Cavern,Ray,,,
201579,Magmorax,"Aberrus, the Shadowed Crucible (Raid)",Hydra,True,"Located in Molten Crucible, Aberrus, the Shadowed Crucible (Raid). Magmorax can be reached quickly in solo LFR mode by speaking to the NPC, Luka Ferad right next to the stairs inside the Seat of the Aspects and queuing for 'Neltharion's Shadow'. But to reach Magmorax in the regular raid you have to defeat the first six bosses: the first is Kazzara, followed by Amalgamation Chamber and Forgotten Experiments on the left side of the raid, and Assault of the Zaqali and Rashok, the Elder on the right (it doesn't matter if you go left or right first). The doors to Zskarn (centre, top) will now be unlocked. After defeating Zskarn you can drop down through a slot in the balcony floor to the magma below. Kill all the Voracious Magma Worms surrounding the central platform to activate Magmorax. Note that this boss will respawn very soon after taming, so you can tame another, or kill it! It's possible that using the raid skip will prevent you reaching this boss.",
202302,Embertail Rock Cobra,Zaralek Cavern,Serpent,,,
202303,Slaghide Shalewing,Zaralek Cavern,Ray,,,
202317,Disturbed Shalewing,Zaralek Cavern,Ray,,"Can spawn during the Researchers Under Fire event, during the ""Neutralizing the Contaminant"" and ""Hostile Investigators"" phases. You'll have to be quick and tame it before others doing the event grab threat.",
202339,Ancient Tiger,Zul'Gurub (Dungeon),Cat,,Located in Zul'Gurub (Dungeon). Found throughout the instance.,
202341,Ancient Bat,Zul'Gurub (Dungeon),Bat,,Located in Zul'Gurub (Dungeon). Found throughout the instance.,
202506,Elusive Argali,The Forbidden Reach,Gruffhorn,,There's a chance this beast will appear when you use an Elusive Creature Bait at the Caldera of the Menders in The Forbidden Reach. Note that if you have your Bait Mastery subspecialisation maxxed you'll summon an Elusive Auric Argali which you'll need to kill and skin before you can summon this beast. To create Elusive Creature Bait you must have levelled Dragon Isles Skinning to the point where you can select the Bait Crafter specialization (see your skinning journal inside your professions panel) and spend at least 10 points of Knowledge in it.,
202510,Elusive Elder Argali,The Forbidden Reach,Gruffhorn,,There's a chance this beast will appear when you use an Elusive Creature Bait at the Caldera of the Menders in The Forbidden Reach. Note that if you've placed 40 points into Bait Mastery (Dragon Isles Skinning) it's likely you'll first summon an Elusive Auric Argali - which you'll have to kill and skin before you can summon anything else. To have a chance to summon an Elite Elusive creature you must spend 20 points in the Mastery subspecialization of Bait Crafter (Dragon Isles Skinning - see your Skinning journal in your professions panel). To create Elusive Creature Bait you must have levelled Dragon Isles Skinning to the point where you can select the Bait Crafter specialization (see your skinning journal inside your professions panel) and spend at least 10 points of Knowledge in it.,
202625,Hungry Sporemoth,Zaralek Cavern,Moth,,,
202738,Deep Krolusk,Zaralek Cavern,Carapid,,,Exotic
202770,Crackling Hound,Zaralek Cavern,Core Hound,,,Exotic
202785,Nesting Shalewing,Zaralek Cavern,Ray,,,
202841,Lightbound Swarmer,Zaralek Cavern,Moth,,,
203053,Invasive Rock Viper,Zaralek Cavern,Serpent,,,
203105,Sharpspine Pincher,Zaralek Cavern,Crab,,,
203126,Mudslick Snail,Zaralek Cavern,Carapid,,,Exotic
203222,Emerald Infused Rock Snail,Zaralek Cavern,Carapid,,,Exotic
203237,Crimson Infused Rock Snail,Zaralek Cavern,Carapid,,,Exotic
203238,Temporal Infused Rock Snail,Zaralek Cavern,Carapid,,,Exotic
203239,Primordial Infused Rock Snail,Zaralek Cavern,Carapid,,,Exotic
203240,Prismastic Infused Rock Snail,Zaralek Cavern,Carapid,,,Exotic
203241,Stone Infused Rock Snail,Zaralek Cavern,Carapid,,,Exotic
203327,Sizzle Fang,Zaralek Cavern,Serpent,,,
203328,Conflagrated Rock Cobra,Zaralek Cavern,Serpent,,,
203342,Calcifying Crawler,Zaralek Cavern,Spider,,Found in a cave in western Crystal Fields.,
203343,Bone Collector,Zaralek Cavern,Spider,,Found in a cave in western Crystal Fields.,
203348,Osseous Broodmother,Zaralek Cavern,Spider,,Found in a cave in western Crystal Fields.,
203593,Underlight Queen,Zaralek Cavern,Moth,True,,
203596,Blistering Shalewing,Zaralek Cavern,Ray,,,
203625,Karokta,Zaralek Cavern,Ray,True,"Found north of Glimmerogg. Rares in Zaralek Cavern do not spawn every day, and don't even begin to spawn until the zone has been loaded for at least half an hour.",
203668,Shimmering Crystalspine,Zaralek Cavern,Rodent,,,
203734,Mana Wyrm,The Forbidden Reach,Serpent,,"Found in the first of the smaller chambers south-west of the main chamber (Earth Warder's Cauldron) in the War Creche, as well as the corridor between the two smaller chambers. The entrance to these areas is elevated and can be reached via a Spellsworn Gateway on the western side of the main chamber. The entrance to the War Creche is in the Old Weyrn Grounds and is marked on the main map.",
203783,Hunting Rock Viper,Zaralek Cavern,Serpent,,,
203784,Underlight Flickerwing,Zaralek Cavern,Moth,,,
203785,Crag Shalewing,Zaralek Cavern,Ray,,,
203898,Deep Krolusk,Zaralek Cavern,Carapid,,,Exotic
203900,Sulfurous Viper,Zaralek Cavern,Serpent,,,
203903,Silt-Horned Moth,Zaralek Cavern,Moth,,,
203912,Deepbed Dawdler,Zaralek Cavern,Carapid,,,Exotic
203917,Deepbed Longwalker,Zaralek Cavern,Carapid,,,Exotic
203970,Scavenging Tarantula,The Forbidden Reach,Spider,,,
203976,Frostcoat Bear,The Forbidden Reach,Bear,,,
203984,Peckish Cragmoth,Zaralek Cavern,Moth,,,
204022,Slick Shalewing,Zaralek Cavern,Ray,,,
204110,Lava Phoenix,Zaralek Cavern,Bird of Prey,,,
204311,Contaminated Shalewing,Zaralek Cavern,Ray,,"Can spawn during the Researchers Under Fire event, during the ""Affected Wildlife"" phase. You'll have to be quick and tame it before others doing the event grab threat.",
204316,Contaminated Rock Cobra,Zaralek Cavern,Serpent,,"Can spawn during the Researchers Under Fire event, during the ""Affected Wildlife"" phase. You'll have to be quick and tame it before others doing the event grab threat.",
204377,Blaze Hound Pup,Zaralek Cavern,Core Hound,,,Exotic
204378,Blaze Hound Matron,Zaralek Cavern,Core Hound,,,Exotic
204381,Ember Shalewing,Zaralek Cavern,Ray,,,
204398,Glitterscale Flutterer,Zaralek Cavern,Moth,,,
204435,Sneaky Darkfang,Zaralek Cavern,Spider,,"Can be found during the Sniffenseek dig, ""Thieving Critters"". Spawns when you click on the 'Wriggling Webs' in the northern branch of the tunnels. Note that taming this spider (instead of killing it for the key) will temporarily delay completion of the dig, but it's possible for new webs to spawn (leaving and re-entering the dig may help reset them).",
204611,Rock Viperling,Zaralek Cavern,Serpent,,"Spawns during the quest, ""Agrulculture"".",
204632,Hungry Sporemoth,Zaralek Cavern,Moth,,,
204649,Spiraling Lightwyrm,Zaralek Cavern,Serpent,,,
204685,Luminous Squeaker,Zaralek Cavern,Rodent,,,
204689,Flittering Lightmoth,Zaralek Cavern,Moth,,,
204825,Elusive Viper,Zaralek Cavern,Serpent,,There's a chance this beast will appear when you use an Elusive Creature Bait in the magma and sulfur areas in the central west of Zaralek Cavern (the low areas east of Zaqali Caldera). To create Elusive Creature Bait you must have levelled Dragon Isles Skinning to the point where you can select the Bait Crafter specialization (see your skinning journal inside your professions panel) and spend at least 10 points of Knowledge in it.,
204828,Elusive Lavafang,Zaralek Cavern,Serpent,,There's a chance this beast will appear when you use an Elusive Creature Bait in the magma and sulfur areas in the central west of Zaralek Cavern (the low areas east of Zaqali Caldera). To have a chance to summon an Elite Elusive creature you must spend 20 points in the Mastery subspecialization of Bait Crafter (Dragon Isles Skinning - see your Skinning journal in your professions panel). To create Elusive Creature Bait you must have levelled Dragon Isles Skinning to the point where you can select the Bait Crafter specialization (see your skinning journal inside your professions panel) and spend at least 10 points of Knowledge in it.,
204837,Elusive Viper,Zaralek Cavern,Serpent,,"There's a chance this beast will appear when you use an Elusive Creature Bait in Zaralek Cavern, except for the extreme western and northern parts. To create Elusive Creature Bait you must have levelled Dragon Isles Skinning to the point where you can select the Bait Crafter specialization (see your skinning journal inside your professions panel) and spend at least 10 points of Knowledge in it.",
204839,Elusive Shalefang,Zaralek Cavern,Serpent,,"There's a chance this beast will appear when you use an Elusive Creature Bait in Zaralek Cavern, except for the extreme western and northern parts. To have a chance to summon an Elite Elusive creature you must spend 20 points in the Mastery subspecialization of Bait Crafter (Dragon Isles Skinning - see your Skinning journal in your professions panel). To create Elusive Creature Bait you must have levelled Dragon Isles Skinning to the point where you can select the Bait Crafter specialization (see your skinning journal inside your professions panel) and spend at least 10 points of Knowledge in it.",
205001,Treasurewhiskers,Zaralek Cavern,Rodent,True,"To find this pet, you first need to reach renown 9 with Loamm Niffen so that you gain ""Myrrit Affinity"". Once you've done so, you can spawn Treasurewhiskers during a Sniffenseek dig. In the dig caverns, command Myrrit to use his Sniff ability. If he detects an unusual patch of scent, you can burrow and uncover it, possibly revealing Treasurewhiskers. As this mouse can spawn as either purple or gold - and gold is MUCH rarer - there's a chance you may not get the colour you desire first time.",
205065,Praying Stingray,Zaralek Cavern,Ray,,,
205078,Crystal Snapper Matriarch,Zaralek Cavern,Lizard,,,
205079,Crystal Snapper,Zaralek Cavern,Lizard,,,
205082,Crystalfur Murine,Zaralek Cavern,Rodent,,,
205090,Thickhide Shalewing,Zaralek Cavern,Ray,,,
205121,Deepbed Dawdler,Zaralek Cavern,Carapid,,,Exotic
205122,Underlight Flickerwing,Zaralek Cavern,Moth,,,
205160,Crystal Moth,Zaralek Cavern,Moth,,,
205161,Greyfin Skate,Zaralek Cavern,Ray,,,
205169,Dirt Shell Snail,Zaralek Cavern,Carapid,,,Exotic
205175,Ashfur Murine,Zaralek Cavern,Rodent,,,
205191,Rockhusk Flickerwing,Zaralek Cavern,Moth,,,
205202,Brightwing Moth,Zaralek Cavern,Moth,,,
205203,Azure Dawdler,Zaralek Cavern,Carapid,,,Exotic
205204,Lugear Mouse,Zaralek Cavern,Rodent,,,
205205,Glimming Moth,Zaralek Cavern,Moth,,,
205215,Thicktail Rat,Zaralek Cavern,Rodent,,,
205217,Underlight Duster,Zaralek Cavern,Moth,,,
205223,Leatherscale Salamander,Zaralek Cavern,Lizard,,,
205224,Spineback Shalewing,Zaralek Cavern,Ray,,,
205235,Slaghide Shalewing,Zaralek Cavern,Ray,,,
205238,Embertail Rock Cobra,Zaralek Cavern,Serpent,,,
205300,Empowered Wyrmling,Zaralek Cavern,Serpent,,"Can be found during the Sniffenseek dig, ""Vertical Anomaly"".",
205763,Mountain Stonefang,Thaldraszus,Cat,,"Located on a small, green rise on the north-west side of the Temporal Conflux. It seems to be linked to the daily quest Squeaky Toy of Time and Space from the Everywhen Inn at Eon's Fringe.",
205840,Blistering Shalewing,Zaralek Cavern,Ray,,,
206073,Fowl Beast,The Azure Span,Waterfowl,,"Found in the north-east of the Azure Span, along a frozen waterway just south of the 'RA' in 'THALDRASZUS' on the zone map. These ducks are the objective of the daily quest, Fowl Beasts, offered by Nathanos Marris in the Everywhen Inn, on the cliff by Eon's Fringe and the Temporal Conflux in Thaldrazsus.",
206077,Shadow-Blind Weaver,Hallowfall,Spider,,,
206078,Shadow-Blind Matriarch,Hallowfall,Spider,,,
206094,Shadow-Blind Threadling,Hallowfall,Spider,,Can spawn when you destroy a Threadling Egg.,
206096,Shadow-Blind Weaver,Hallowfall,Spider,,,
206180,Death Skitterer,Thaldraszus,Spider,,"You can spawn this spectral spider during the Off the Page daily quest at Little Scales Daycare in Valdrakken. Daily quests in this area are only available after you unlock them by completing the ""Whelp Daycare"" storyline (added in Patch 10.1.5) up to the quest: What's a Duck?. The 'Off the Page' daily only appears every now and then, so you'll most likely have to keep checking for it. During this quest, you read from a storybook and summon a random NPC. You need for Osthilde to appear, as she's the one who summons Death Skitterers in combat, otherwise you can feign death and the NPC will despawn after about 10 seconds and you can try again (if you keep a small distance from the spawning NPC it's possible to avoid aggroing it so it'll despawn after about 10 seconds anyway!) You may have to fight Osthilde for a while before the Death Skitterers spawn, so beware of killing her too quickly. Note that if you haven't unlocked the Daycare dailies yet, it's possible to get someone else to do the summon, as the quest isn't phased.",
206551,Dreamsaber,The Emerald Dream,Cat,,,
207072,Flame-Touched Gemback,The Emerald Dream,Beetle,,Its orange flame aura is lost upon taming. The entry to Sor'theril Barrow Den is on the south-eastern side of Haven Cascades.,
207090,Zaqali Shalewing,The Emerald Dream,Ray,,,
207096,Smoldering Raven,The Emerald Dream,Bird of Prey,,,
207285,Un'Gorian Protoshell,Thaldraszus,Turtle,,,
207286,Un'Gorian Protohorn,Thaldraszus,Direhorn,,,Direhorn
207300,Hecutta,Thaldraszus,Spider,,"Only appears during the once-off quest, Cavern Cleaning, which is part of the quest chain to recruit the Netherwing Dragonflight, added in Patch 10.2. Found in caverns high up in the mountains on the north side of the Shifting Sands / Temporal Conflux area.",
207567,Juicy Beetle,The Waking Shores,Beetle,,,
207617,Sprite Dreamer,The Emerald Dream,Lesser Dragonkin,,,Lesser Dragonkin
207619,Evergreen Bristlebruin,The Emerald Dream,Bear,,,
207620,Resilient Gladehart,The Emerald Dream,Stag,,,
207621,Watchful Gladehind,The Emerald Dream,Stag,,,
207623,Vigilant Somnowl,The Emerald Dream,Bird of Prey,,,
207624,Prowling Dreamsaber,The Emerald Dream,Cat,,,
207625,Incendiary Beetle,The Emerald Dream,Beetle,,"Only appears during the world quest, Dryad Fire Drill. Its orange flame aura is lost upon taming.",
207626,Iridescent Waterskimmer,The Emerald Dream,Water Strider,,Found around waters just north of Amirdrassil. The lighter yellow variant does not make sounds when clicked.,Exotic
207784,Distressed Gladehind,The Emerald Dream,Stag,,,
207785,Irate Gladehart,The Emerald Dream,Stag,,,
207789,Agitated Bristlebruin,The Emerald Dream,Bear,,Its purple aura is lost upon taming.,
208231,Bough Gladehart,The Emerald Dream,Stag,,,
208234,Ancient Somnowl,The Emerald Dream,Bird of Prey,,,
208235,Bough Darter,The Emerald Dream,Lesser Dragonkin,,,Lesser Dragonkin
208662,Dreadfire Sporebat,The Emerald Dream,Ray,,,
208691,Sawscale Viper,The Emerald Dream,Serpent,,,
209367,Territorial Skimmer,The Emerald Dream,Water Strider,,,Exotic
209444,Unstable Faerie Dragon,The Emerald Dream,Lesser Dragonkin,,,Lesser Dragonkin
209521,Beadeye Wavestrider,The Emerald Dream,Water Strider,,,Exotic
209614,Enraged Bristlebruin,The Emerald Dream,Bear,,,
209616,Rampaging Bristlebruin,The Emerald Dream,Bear,,,
209909,Crabtankerous,The Emerald Dream,Crab,True,"Found under a large, arching tree root just east of Shoreline Roots and south of Shallow Crossing.",
209929,Envoy of Winter,The Emerald Dream,Stag,True,"When the Envoy is ready to appear, a silver quest icon will appear on the zone map at its location in Shiversnap Grove. Players can summon it by collecting and handing in Shiversnap Blossoms. If you tame it, it appears a new one will spawn soon after!",
209936,Greedy Gessie,The Emerald Dream,Bear,,"When she's ready to be spawned a silver quest icon will appear on the zone map at her location in the south of Haven Cascades. To get her to appear: collect picnic ingredients from around the area and deposit them in the baskets until the fill bar is complete. Once summoned, she rampages about the area.",
209975,Sorreldown Somnowl,The Emerald Dream,Bird of Prey,,,
210045,Moragh the Slothful,The Emerald Dream,Bear,,Found in the cavern beneath the large tree in the south of the area.,
210046,Keen-eyed Cian,The Emerald Dream,Cat,,,
210047,Somnambulant Ori,The Emerald Dream,Bird of Prey,,,
210050,Bloodstripe Great Ray,The Emerald Dream,Ray,,,
210051,Matriarch Keevah,The Emerald Dream,Raptor,True,"Found in the south-west, in a cave inland from Summerjoy Shoal.",
210064,Molten Leadspike,The Emerald Dream,Ray,,,
210070,Mosa Umbramane,The Emerald Dream,Feathermane,,"Found in a cave in the side of a cliff that is reached from Haven Cascades, to the west of the Rootlands.",Feathermane
210075,Henri Snufftail,The Emerald Dream,Rodent,True,In a cave on the western side of the falls area.,
210103,Invading Flametail,The Emerald Dream,Bird of Prey,,,
210106,Root Snapper,The Emerald Dream,Crab,,"Found under a large, arching tree root just east of Shoreline Roots and south of Shallow Crossing.",
210161,"Ristar, the Rabid",The Emerald Dream,Raptor,True,Found in open caves at the north end of the thicket.,
210195,Cantankerous Turtle,The Emerald Dream,Turtle,,,
210229,Mischievous Dreamtalon,The Emerald Dream,Raptor,,,
210230,Dreamtalon Packwatcher,The Emerald Dream,Raptor,,,
210272,Lucidshell Tortoise,The Emerald Dream,Turtle,,,
210283,Shoreline Gladehart,The Emerald Dream,Stag,,,
210284,Shoreline Gladehind,The Emerald Dream,Stag,,,
210335,Hunting Dreamsaber,The Emerald Dream,Cat,,,
210382,Scavenging Pincher,The Emerald Dream,Crab,,,
210395,Corrupted Grizzly,Bloodmyst Isle,Bear,,It can be found in can be found in Bloodmyst Isle during the Draenei Heritage Armor Questline.,
210397,Infected Nightsaber,Bloodmyst Isle,Cat,,It can be found in can be found in Bloodmyst Isle during the Draenei Heritage Armor Questline.,
210410,Tortoise,The Emerald Dream,Turtle,,,
210449,Slumberpod Turtle,The Emerald Dream,Turtle,,,
210478,Infected Beast,Mycomancer Cavern (Delve); Fungal Folly (Delve),Lizard,,Located in Mycomancer Cavern (Delve); Fungal Folly (Delve).,
210508,Voracious Mikanji,The Emerald Dream,Turtle,,Found in a cave by the watercourse.,
210593,Verdant Bristlebruin,The Emerald Dream,Bear,,,
210594,Verdant Dreamsaber,The Emerald Dream,Cat,,,
210595,Verdant Dream Raven,The Emerald Dream,Bird of Prey,,,
210596,Verdant Gladehart,The Emerald Dream,Stag,,,
210763,Verdant Umbraclaw,The Emerald Dream,Feathermane,,,Feathermane
210767,Shimmerwing Monarch,The Emerald Dream,Moth,,,
210774,Fenblossom Gladehind,The Emerald Dream,Stag,,,
210775,Fenblossom Gladehart,The Emerald Dream,Stag,,,
210782,Singing Shore Snapper,The Emerald Dream,Turtle,,,
210783,Singing Shore Tortoise,The Emerald Dream,Turtle,,,
210785,Fens Lurker,The Emerald Dream,Spider,,,
210788,Salamanther Fenmother,The Emerald Dream,Lizard,,,
210789,Fens Salamanther,The Emerald Dream,Lizard,,,
210795,Fens Shimmerstrider,The Emerald Dream,Water Strider,,The lighter yellow variant does not make sounds when clicked.,Exotic
210798,Striped Skulker,The Emerald Dream,Rodent,,,
210799,Horned Skitter,The Emerald Dream,Beetle,,,
210826,Blueslate Tortoise,The Emerald Dream,Turtle,,,
210832,Vileblood Skitterer,Ruins of Gilneas,Spider,,,
210835,Wild Horse,Ruins of Gilneas,Courser,,,
210841,Swamp Crocolisk,Ruins of Gilneas,Crocolisk,,,
210843,Dreamhoof Stag,The Emerald Dream,Stag,,,
210844,Dreamhoof Doe,The Emerald Dream,Stag,,,
210848,Cave Bristlebruin,The Emerald Dream,Bear,,Found in the cavern beneath the large tree in the south of the area.,
210849,Gilnean Stag,Ruins of Gilneas,Stag,,,
210850,Gilnean Doe,Ruins of Gilneas,Stag,,,
210854,Gilnean Fox,Ruins of Gilneas,Fox,,,
210868,Sul'raka <Daughter of Kimbul>,The Emerald Dream,Spirit Beast,,"Sul'raka is a tracking tame. She is stealthed and can't be detected or tamed without using a flare in her vicinity, but she also leaves footprints that last for a little while and you can use them to track and find her location.",Exotic
210882,Opportunistic Somnowl,The Emerald Dream,Bird of Prey,,"Can spawn and attack during the World Quest, Carpe Diem.",
210891,Perching Somnowl,The Emerald Dream,Bird of Prey,,,
210892,Striped Dreamtalon,The Emerald Dream,Raptor,,,
210894,Flathoof Dreamstag,The Emerald Dream,Stag,,,
210908,Nah'qi <Ember of Regrowth>,The Emerald Dream,Spirit Beast,,"Nah'qi flies counterclockwise around Amirdrassil, but very high up, just below the tree's canopy. She isn't flagged as a rare, so you won't see a rare marker on your map. Taming this unique owl requires a special skill which is taught by the Cinder of Companionship. The Cinder is awarded when you learn the mount item Reins of Anu'relos, Flame's Guidance which is a rare drop from Mythic Fyrakk in the Amirdrassil raid. Using the Cinder creates an account-wide unlock for you to tame Nah'qi, so you don't have to specifically obtain it on your hunter.",Exotic
210942,Dusty Somnowl,The Emerald Dream,Bird of Prey,,,
210943,Hissing Skitterbug,The Emerald Dream,Beetle,,,
210944,Tanned Skulker,The Emerald Dream,Rodent,,,
210953,Serene Bristlebruin,The Emerald Dream,Bear,,Found in a cave on a high rise by the sea.,
210954,Poised Gladehind,The Emerald Dream,Stag,,,
210981,Liliuna <Thornborn Spirit>,The Emerald Dream,Cat,,"Liliuna initially appears as an untameable regular dreamsaber and turning her into a tameable thornclaw requires a small adventure. Firstly, obtain a Thorn-Laden Heart, which has a low chance of dropping from dreamsabers and flamecats in the Emerald Dream zone in the Dragon Isles (this heart will mention 'saber' in its description - there are also stag and bear versions, but they're for taming other thornbeasts). Once you have the heart, proceed to Drustvar in Kul Tiras and visit Athainne who is sometimes found in Ulfar's Den in the mountains far south-west of Fallhaven (approx. 46,45), and sometimes she wanders along the river below the den (around 52,40) with Athair. If she's not present in either location then you may have to wait - her schedule is unpredictable and it's also possible she disappears completely during daylight hours. Present the heart to her and she'll give you some Moontouched Thorns. Then speak to Ulfar, select his 'I have seen some animals...' dialog, then the dialog about Athainne, and he'll give you a Thornspeaker Ritual Knife. With the knife, proceed to Liliuna's cave at 57,49 in Sprigling Gloam in the Emerald Dream. If Liliuna isn't present (as a dreamsaber), wait a little while and she should appear. Her colour will determine which thornclaw you'll end up with: if she's initially a blue dreamsaber she'll turn into a pale thornclaw, purple becomes black, and teal green becomes green, so you may need to kill and reset her if she's not currently in the colour you need. After you kill her as a saber, use the ritual knife on her corpse and she'll resurrect as a thornclaw which you can tame!",
210982,Liliuna <Thornborn Spirit>,The Emerald Dream,Cat,,"Liliuna initially appears as an untameable regular dreamsaber and turning her into a tameable thornclaw requires a small adventure. Firstly, obtain a Thorn-Laden Heart, which has a low chance of dropping from dreamsabers and flamecats in the Emerald Dream zone in the Dragon Isles (this heart will mention 'saber' in its description - there are also stag and bear versions, but they're for taming other thornbeasts). Once you have the heart, proceed to Drustvar in Kul Tiras and visit Athainne who is sometimes found in Ulfar's Den in the mountains far south-west of Fallhaven (approx. 46,45), and sometimes she wanders along the river below the den (around 52,40) with Athair. If she's not present in either location then you may have to wait - her schedule is unpredictable and it's also possible she disappears completely during daylight hours. Present the heart to her and she'll give you some Moontouched Thorns. Then speak to Ulfar, select his 'I have seen some animals...' dialog, then the dialog about Athainne, and he'll give you a Thornspeaker Ritual Knife. With the knife, proceed to Liliuna's cave at 57,49 in Sprigling Gloam in the Emerald Dream. If Liliuna isn't present (as a dreamsaber), wait a little while and she should appear. Her colour will determine which thornclaw you'll end up with: if she's initially a blue dreamsaber she'll turn into a pale thornclaw, purple becomes black, and teal green becomes green, so you may need to kill and reset her if she's not currently in the colour you need. After you kill her as a saber, use the ritual knife on her corpse and she'll resurrect as a thornclaw which you can tame!",
210983,Liliuna <Thornborn Spirit>,The Emerald Dream,Cat,,"Liliuna initially appears as an untameable regular dreamsaber and turning her into a tameable thornclaw requires a small adventure. Firstly, obtain a Thorn-Laden Heart, which has a low chance of dropping from dreamsabers and flamecats in the Emerald Dream zone in the Dragon Isles (this heart will mention 'saber' in its description - there are also stag and bear versions, but they're for taming other thornbeasts). Once you have the heart, proceed to Drustvar in Kul Tiras and visit Athainne who is sometimes found in Ulfar's Den in the mountains far south-west of Fallhaven (approx. 46,45), and sometimes she wanders along the river below the den (around 52,40) with Athair. If she's not present in either location then you may have to wait - her schedule is unpredictable and it's also possible she disappears completely during daylight hours. Present the heart to her and she'll give you some Moontouched Thorns. Then speak to Ulfar, select his 'I have seen some animals...' dialog, then the dialog about Athainne, and he'll give you a Thornspeaker Ritual Knife. With the knife, proceed to Liliuna's cave at 57,49 in Sprigling Gloam in the Emerald Dream. If Liliuna isn't present (as a dreamsaber), wait a little while and she should appear. Her colour will determine which thornclaw you'll end up with: if she's initially a blue dreamsaber she'll turn into a pale thornclaw, purple becomes black, and teal green becomes green, so you may need to kill and reset her if she's not currently in the colour you need. After you kill her as a saber, use the ritual knife on her corpse and she'll resurrect as a thornclaw which you can tame!",
210984,Argyr <Thornborn Spirit>,The Emerald Dream,Stag,,"Argyr initially appears as an untameable regular dreamstag and turning him into a tameable thornbuck requires a small adventure. Firstly, obtain a Thorn-Laden Heart, which has a low chance of dropping from stags in the Emerald Dream zone in the Dragon Isles (this heart will mention 'stag' in its description - there are also bear and saber versions, but they're for taming other thornbeasts). Once you have the heart, proceed to Drustvar in Kul Tiras and visit Athainne who is sometimes found in Ulfar's Den in the mountains far south-west of Fallhaven (approx. 46,45), and sometimes she wanders along the river below the den (around 52,40) with Athair. If she's not present in either location then you may have to wait - her schedule is unpredictable and it's also possible she disappears completely during daylight hours. Present the heart to her and she'll give you some Moontouched Thorns. Then speak to Ulfar, select his 'I have seen some animals...' dialog, then the dialog about Athainne, and he'll give you a Thornspeaker Ritual Knife. With the knife, proceed to a glade just south-west of Amirdrassil (44,64) in the Emerald Dream and look for a dreamstag named Argyr. He wanders back and forth a bit, so check the general area, but if you can't see him, wait a little while and he should respawn. His colour will determine which thornbuck you'll end up with: if he's initially a dark brown dreamstag he'll turn into a black thornbuck, golden brown becomes brown, and green & tan becomes green, so you may need to kill and reset him if he's not currently in the colour you need. After you kill him as a stag, use the ritual knife on his corpse and he'll resurrect as a thornbuck which you can tame!",
210985,Argyr <Thornborn Spirit>,The Emerald Dream,Stag,,"Argyr initially appears as an untameable regular dreamstag and turning him into a tameable thornbuck requires a small adventure. Firstly, obtain a Thorn-Laden Heart, which has a low chance of dropping from stags in the Emerald Dream zone in the Dragon Isles (this heart will mention 'stag' in its description - there are also bear and saber versions, but they're for taming other thornbeasts). Once you have the heart, proceed to Drustvar in Kul Tiras and visit Athainne who is sometimes found in Ulfar's Den in the mountains far south-west of Fallhaven (approx. 46,45), and sometimes she wanders along the river below the den (around 52,40) with Athair. If she's not present in either location then you may have to wait - her schedule is unpredictable and it's also possible she disappears completely during daylight hours. Present the heart to her and she'll give you some Moontouched Thorns. Then speak to Ulfar, select his 'I have seen some animals...' dialog, then the dialog about Athainne, and he'll give you a Thornspeaker Ritual Knife. With the knife, proceed to a glade just south-west of Amirdrassil (44,64) in the Emerald Dream and look for a dreamstag named Argyr. He wanders back and forth a bit, so check the general area, but if you can't see him, wait a little while and he should respawn. His colour will determine which thornbuck you'll end up with: if he's initially a dark brown dreamstag he'll turn into a black thornbuck, golden brown becomes brown, and green & tan becomes green, so you may need to kill and reset him if he's not currently in the colour you need. After you kill him as a stag, use the ritual knife on his corpse and he'll resurrect as a thornbuck which you can tame!",
210986,Argyr <Thornborn Spirit>,The Emerald Dream,Stag,,"Argyr initially appears as an untameable regular dreamstag and turning him into a tameable thornbuck requires a small adventure. Firstly, obtain a Thorn-Laden Heart, which has a low chance of dropping from stags in the Emerald Dream zone in the Dragon Isles (this heart will mention 'stag' in its description - there are also bear and saber versions, but they're for taming other thornbeasts). Once you have the heart, proceed to Drustvar in Kul Tiras and visit Athainne who is sometimes found in Ulfar's Den in the mountains far south-west of Fallhaven (approx. 46,45), and sometimes she wanders along the river below the den (around 52,40) with Athair. If she's not present in either location then you may have to wait - her schedule is unpredictable and it's also possible she disappears completely during daylight hours. Present the heart to her and she'll give you some Moontouched Thorns. Then speak to Ulfar, select his 'I have seen some animals...' dialog, then the dialog about Athainne, and he'll give you a Thornspeaker Ritual Knife. With the knife, proceed to a glade just south-west of Amirdrassil (44,64) in the Emerald Dream and look for a dreamstag named Argyr. He wanders back and forth a bit, so check the general area, but if you can't see him, wait a little while and he should respawn. His colour will determine which thornbuck you'll end up with: if he's initially a dark brown dreamstag he'll turn into a black thornbuck, golden brown becomes brown, and green & tan becomes green, so you may need to kill and reset him if he's not currently in the colour you need. After you kill him as a stag, use the ritual knife on his corpse and he'll resurrect as a thornbuck which you can tame!",
210988,Astera <Thornborn Spirit>,The Emerald Dream,Bear,,"Astera initially appears as an untameable dream bear and turning her into a tameable thornbear requires a small adventure. Firstly, obtain a Thorn-Laden Heart, which has a low chance of dropping from bears in the Emerald Dream zone in the Dragon Isles (this heart will mention 'bear' in its description - there are also stag and saber versions, but they're for taming other thornbeasts). Once you have the heart, proceed to Drustvar in Kul Tiras and visit Athainne who is sometimes found in Ulfar's Den in the mountains far south-west of Fallhaven (approx. 46,45), and sometimes she wanders along the river below the den (around 52,40) with Athair. If she's not present in either location then you may have to wait - her schedule is unpredictable and it's also possible she disappears completely during daylight hours. Present the heart to her and she'll give you some Moontouched Thorns. Then speak to Ulfar, select his 'I have seen some animals...' dialog, then the dialog about Athainne, and he'll give you a Thornspeaker Ritual Knife. With the knife, proceed to the banks of the Springrain River, west of Amirdrassil in the Emerald Dream and look for a dreambear named Displaced Bristlebruin. She should be sleeping on some grass on the south bank of the river at 37,62 (near a cave with a pair of Invasive Podlings). Her colour will determine which thornbear you'll end up with: if she's initially a dark brown dream bear she'll turn into a dark thornbear, golden brown becomes brown, and green & brown becomes green, so you may need to kill and reset her if she's not currently in the colour you need. After you kill her as a bear, use the ritual knife on her corpse and she'll resurrect as a thornbear which you can tame!",
210989,Astera <Thornborn Spirit>,The Emerald Dream,Bear,,"Astera initially appears as an untameable dream bear and turning her into a tameable thornbear requires a small adventure. Firstly, obtain a Thorn-Laden Heart, which has a low chance of dropping from bears in the Emerald Dream zone in the Dragon Isles (this heart will mention 'bear' in its description - there are also stag and saber versions, but they're for taming other thornbeasts). Once you have the heart, proceed to Drustvar in Kul Tiras and visit Athainne who is sometimes found in Ulfar's Den in the mountains far south-west of Fallhaven (approx. 46,45), and sometimes she wanders along the river below the den (around 52,40) with Athair. If she's not present in either location then you may have to wait - her schedule is unpredictable and it's also possible she disappears completely during daylight hours. Present the heart to her and she'll give you some Moontouched Thorns. Then speak to Ulfar, select his 'I have seen some animals...' dialog, then the dialog about Athainne, and he'll give you a Thornspeaker Ritual Knife. With the knife, proceed to the banks of the Springrain River, west of Amirdrassil in the Emerald Dream and look for a dreambear named Displaced Bristlebruin. She should be sleeping on some grass on the south bank of the river at 37,62 (near a cave with a pair of Invasive Podlings). Her colour will determine which thornbear you'll end up with: if she's initially a dark brown dream bear she'll turn into a dark thornbear, golden brown becomes brown, and green & brown becomes green, so you may need to kill and reset her if she's not currently in the colour you need. After you kill her as a bear, use the ritual knife on her corpse and she'll resurrect as a thornbear which you can tame!",
210990,Astera <Thornborn Spirit>,The Emerald Dream,Bear,,"Astera initially appears as an untameable dream bear and turning her into a tameable thornbear requires a small adventure. Firstly, obtain a Thorn-Laden Heart, which has a low chance of dropping from bears in the Emerald Dream zone in the Dragon Isles (this heart will mention 'bear' in its description - there are also stag and saber versions, but they're for taming other thornbeasts). Once you have the heart, proceed to Drustvar in Kul Tiras and visit Athainne who is sometimes found in Ulfar's Den in the mountains far south-west of Fallhaven (approx. 46,45), and sometimes she wanders along the river below the den (around 52,40) with Athair. If she's not present in either location then you may have to wait - her schedule is unpredictable and it's also possible she disappears completely during daylight hours. Present the heart to her and she'll give you some Moontouched Thorns. Then speak to Ulfar, select his 'I have seen some animals...' dialog, then the dialog about Athainne, and he'll give you a Thornspeaker Ritual Knife. With the knife, proceed to the banks of the Springrain River, west of Amirdrassil in the Emerald Dream and look for a dreambear named Displaced Bristlebruin. She should be sleeping on some grass on the south bank of the river at 37,62 (near a cave with a pair of Invasive Podlings). Her colour will determine which thornbear you'll end up with: if she's initially a dark brown dream bear she'll turn into a dark thornbear, golden brown becomes brown, and green & brown becomes green, so you may need to kill and reset her if she's not currently in the colour you need. After you kill her as a bear, use the ritual knife on her corpse and she'll resurrect as a thornbear which you can tame!",
211002,Coldscale Matriarch,The Emerald Dream,Lizard,,,
211003,Coldscale Salamanther,The Emerald Dream,Lizard,,,
211020,Dizzying Flutterer,The Emerald Dream,Moth,,,
211032,Darkshell Snapper,The Emerald Dream,Turtle,,,
211045,Snapping Crab,The Emerald Dream,Crab,,,
211057,Zaqali Dreamcrusher,The Emerald Dream,Mammoth,,,
211072,Smolderfur Skulker,The Emerald Dream,Rodent,,,
211073,Hazelfeather Somnowl,The Emerald Dream,Bird of Prey,,,
211141,Cragcoat Bristlebruin,The Emerald Dream,Bear,,,
211145,Dewdrop Tortoise,The Emerald Dream,Turtle,,,
211154,Predatory Ferntalon,The Emerald Dream,Bird of Prey,,,
211163,Mossheart Umbraclaw,The Emerald Dream,Feathermane,,,Feathermane
211165,Webbed Kelpchomper,The Emerald Dream,Lizard,,,
211176,Mistchaser Somnowl,The Emerald Dream,Bird of Prey,,"Found in the south-west, flying above the glades north-east of Summerjoy Shoal.",
211184,Petalmuncher Tortoise,The Emerald Dream,Turtle,,,
211242,Roiling Deathstalker,The Emerald Dream,Scorpid,,,
211245,Heartdown Umbraclaw,The Emerald Dream,Feathermane,,,Feathermane
211316,Listless Dreamtalon,The Emerald Dream,Raptor,,Found in open caves at the north end of the thicket.,
211342,Angered Umbraclaw,The Emerald Dream,Feathermane,,,Feathermane
211347,Rabid Gladehart,The Emerald Dream,Stag,,,
211370,Verdant Gladehart,The Emerald Dream,Stag,,,
211372,Verdant Dream Raven,The Emerald Dream,Bird of Prey,,,
211373,Verdant Dreamsaber,The Emerald Dream,Cat,,,
211374,Verdant Bristlebruin,The Emerald Dream,Bear,,,
211630,Hunting Dreamtalon,The Emerald Dream,Raptor,,,
211651,Moltenjaw Sporebat,The Emerald Dream,Ray,,"Appears in several locations around the main hovering island of the Eye of Ysera during the Emerald Dream campaign quest, Might of the Forest.",
211742,Nerubian Abductor,Azj-Kahet,Blood Beast,,,Blood Beast
211749,Circling Somnowl,The Emerald Dream,Bird of Prey,,,
211755,Moltenjaw Shalewing,The Emerald Dream,Ray,,"Appears in several locations around the main hovering island of the Eye of Ysera during the Emerald Dream campaign quest, Might of the Forest.",
211767,Gentle Gladehart,The Emerald Dream,Stag,,,
211902,Thicket Bristlebruin,The Emerald Dream,Bear,,,
211990,Domesticated Dreamstag,The Emerald Dream,Stag,,Friendly.,
212024,Umbraclaw Silvercrest,The Emerald Dream,Feathermane,,,Feathermane
212028,Umbraclaw Forager,The Emerald Dream,Feathermane,,,Feathermane
212031,Umbraclaw Tender,The Emerald Dream,Feathermane,,,Feathermane
212040,Elusive Umbraclaw,The Emerald Dream,Feathermane,,There's a chance this beast will appear when you use an Elusive Creature Bait in the Emerald Dream zone of the Dragon Isles. To create Elusive Creature Bait you must have levelled Dragon Isles Skinning to the point where you can select the Bait Crafter specialization (see your skinning journal inside your professions panel) and spend at least 10 points of Knowledge in it.,Feathermane
212041,Elusive Bristlebruin,The Emerald Dream,Bear,,There's a chance this beast will appear when you use an Elusive Creature Bait in the Emerald Dream zone of the Dragon Isles. To create Elusive Creature Bait you must have levelled Dragon Isles Skinning to the point where you can select the Bait Crafter specialization (see your skinning journal inside your professions panel) and spend at least 10 points of Knowledge in it.,
212043,Elusive Dreamtalon,The Emerald Dream,Raptor,,"There's a chance this beast will appear when you use an Elusive Creature Bait in the Emerald Dream zone of the Dragon Isles, possibly more frequently in the south of the zone. To create Elusive Creature Bait you must have levelled Dragon Isles Skinning to the point where you can select the Bait Crafter specialization (see your skinning journal inside your professions panel) and spend at least 10 points of Knowledge in it.",
212061,Elusive Gladehart,The Emerald Dream,Stag,,There's a chance this beast will appear when you use an Elusive Creature Bait in the Emerald Dream zone of the Dragon Isles. To create Elusive Creature Bait you must have levelled Dragon Isles Skinning to the point where you can select the Bait Crafter specialization (see your skinning journal inside your professions panel) and spend at least 10 points of Knowledge in it.,
212062,Elusive Dreamsaber,The Emerald Dream,Cat,,There's a chance this beast will appear when you use an Elusive Creature Bait in the Emerald Dream zone of the Dragon Isles. To create Elusive Creature Bait you must have levelled Dragon Isles Skinning to the point where you can select the Bait Crafter specialization (see your skinning journal inside your professions panel) and spend at least 10 points of Knowledge in it.,
212065,Elusive Ironbeak Umbraclaw,The Emerald Dream,Feathermane,,There's a chance this beast will appear when you use an Elusive Creature Bait in the Emerald Dream zone of the Dragon Isles. This bait item can only be crafted and used by players with Dragon Isles Skinning. To have a chance to summon an Elite Elusive creature you must spend 20 points in the Mastery subspecialization of Bait Crafter (Dragon Isles Skinning - see your Skinning journal in your professions panel). To create Elusive Creature Bait you must have levelled Dragon Isles Skinning to the point where you can select the Bait Crafter specialization (see your skinning journal inside your professions panel) and spend at least 10 points of Knowledge in it.,Feathermane
212066,Elusive Moonfang Dreamsaber,The Emerald Dream,Cat,,There's a chance this beast will appear when you use an Elusive Creature Bait in the Emerald Dream zone of the Dragon Isles. This bait item can only be crafted and used by players with Dragon Isles Skinning. To have a chance to summon an Elite Elusive creature you must spend 20 points in the Mastery subspecialization of Bait Crafter (Dragon Isles Skinning - see your Skinning journal in your professions panel). To create Elusive Creature Bait you must have levelled Dragon Isles Skinning to the point where you can select the Bait Crafter specialization (see your skinning journal inside your professions panel) and spend at least 10 points of Knowledge in it.,
212069,Elusive Swifthoof Gladehart,The Emerald Dream,Stag,,There's a chance this beast will appear when you use an Elusive Creature Bait in the Emerald Dream zone of the Dragon Isles. This bait item can only be crafted and used by players with Dragon Isles Skinning. To have a chance to summon an Elite Elusive creature you must spend 20 points in the Mastery subspecialization of Bait Crafter (Dragon Isles Skinning - see your Skinning journal in your professions panel). To create Elusive Creature Bait you must have levelled Dragon Isles Skinning to the point where you can select the Bait Crafter specialization (see your skinning journal inside your professions panel) and spend at least 10 points of Knowledge in it.,
212070,Elusive Bramblehide Bristlebruin,The Emerald Dream,Bear,,There's a chance this beast will appear when you use an Elusive Creature Bait in the Emerald Dream zone of the Dragon Isles. To have a chance to summon an Elite Elusive creature you must spend 20 points in the Mastery subspecialization of Bait Crafter (Dragon Isles Skinning - see your Skinning journal in your professions panel). To create Elusive Creature Bait you must have levelled Dragon Isles Skinning to the point where you can select the Bait Crafter specialization (see your skinning journal inside your professions panel) and spend at least 10 points of Knowledge in it.,
212090,Elusive Blooming Brierhide,The Emerald Dream,Bear,,There's a chance this beast will appear when you use an Elusive Creature Bait in the Emerald Dream zone of the Dragon Isles. To create Elusive Creature Bait you must have levelled Dragon Isles Skinning to the point where you can select the Bait Crafter specialization (see your skinning journal inside your professions panel) and spend at least 10 points of Knowledge in it.,
212126,Silvercrest Elder,The Emerald Dream,Feathermane,,,Feathermane
212133,Elusive Verdant Gladewarden,The Emerald Dream,Stag,,"There's a chance this beast will appear when you use an Elusive Creature Bait in the Emerald Dream zone of the Dragon Isles. Elusive Rares can only be summoned if you spend 40 points in the Mastery subspecialization of Bait Crafter (Dragon Isles Skinning - see your Skinning journal in your professions panel), and they can normally be killed and skinned just once a day. To create Elusive Creature Bait you must have levelled Dragon Isles Skinning to the point where you can select the Bait Crafter specialization (see your skinning journal inside your professions panel) and spend at least 10 points of Knowledge in it.",
212143,Cerulean Greyback,The Emerald Dream,Turtle,,,
212144,Rosemale Salamanther,The Emerald Dream,Lizard,,,
212145,Huntergreen Salamanther,The Emerald Dream,Lizard,,,
212292,Nerubian Swarmite,Azj-Kahet,Blood Beast,,Summoned during combat by Vilewing (rare NPC at Ruptured Lake) and Patrolling Swarmers (City of Threads).,Blood Beast
212364,Stormtop Shalemaw,Isle of Dorn,Ray,,,
212368,Stormtop Shalemaw Young,Isle of Dorn,Ray,,,
212424,Shalehorn Calf,Isle of Dorn,Stag,,,
212425,Shadow Vanguard Scout,Isle of Dorn,Blood Beast,,Found underneath the mining bridge west of Rambleshire. It doesn't appear to respawn often.,Blood Beast
212480,Murkfur Bakar,Amirdrassil (Dragon Isles Zone),Hound,,,
212481,Murkfur Alpha,Amirdrassil (Dragon Isles Zone),Hound,,,
212490,Coastwinged Slyvern,Amirdrassil (Dragon Isles Zone),Feathermane,,,Feathermane
212493,Drowsy Crystalspine,Amirdrassil (Dragon Isles Zone),Rodent,,,
212495,Shadelapper Duck,Amirdrassil (Dragon Isles Zone),Waterfowl,,,
212502,Petaldancer Salamanther,Amirdrassil (Dragon Isles Zone),Lizard,,,
212503,Earth-Plumed Eagle,Amirdrassil (Dragon Isles Zone),Bird of Prey,,,
212504,Keen-Eye Ohuna,Amirdrassil (Dragon Isles Zone),Bird of Prey,,,
212588,Shiversnap Prowler,The Emerald Dream,Cat,,,
212701,Elder Shalehorn,Isle of Dorn,Stag,,,
212702,Mycotic Shalehorn,Isle of Dorn,Stag,,,
212704,Mycotic Shalehorn,Isle of Dorn,Stag,,"Inhabits Boskroot Basin forest, in the south of the isle. Mycotic Shalehorns with this ID often serve as mounts for Boskroot Brutes, but they can be tamed right out from under their rider.",
212710,Infected Peafowl,Isle of Dorn,Carrion Bird,,"Inhabits Boskroot Basin forest, in the south of the isle. Only the blue variant makes sounds when clicked.",
213320,Dreadstrike Flitterer,Hallowfall,Blood Beast,,,Blood Beast
213428,Aradan <Mourning Stormrook>,The Rookery (Dungeon),Spirit Beast,True,"Located in The Rookery Landing, The Rookery (Dungeon). Aradan spawns after Kyrioss (the first boss of the dungeon) is defeated and can be tamed on any difficulty, including follower mode (fortunately, followers won't interfere with your tame!). But before you enter the dungeon you must collect the Void-Scarred Stormhammer from the bottom of the sea off the west coast of the Isle of Dorn. Without the hammer, Aradan cannot be tamed or attacked. The hammer lies near a stand of brown and green kelp at around 29.1,36.2 (a bit west of the 'W' in ""Storm's Watch"" on the zone map); it doesn't glow and can be difficult to see between the rocks. Once you've collected the hammer, enter the dungeon and defeat Kyrioss, jump down to the bottom of the shaft, then head a little south and east (past Stormrider Vokmar) and head up the stairs to the east. This takes you to an exterior landing where Aradan can be seen in the sky to the north. Target Aradan and click on the hammer, which causes the stormrook to land and become tameable. Aradan will spawn with one of 5 possible appearances (all are blue, but with subtly different features) so you may need to run the dungeon a number of times before you find the one you want. Credit goes to waiting4paul of the Secret Finders Discord for discovering how to tame this creature",Exotic
213539,Dreambellow Bristlebruin,The Emerald Dream,Bear,,"Found in caverns that have their entrance on the east side of the swamp that lies above the southern end of Haven Cascades (around 55,40).",
213542,Dreambellow Matriarch,The Emerald Dream,Bear,,"Found in caverns that have their entrance on the east side of the swamp that lies above the southern end of Haven Cascades (around 55,40).",
213545,Watchful Somnowl,The Emerald Dream,Bird of Prey,,"The black variant with crescent antlers, large ears, horned brows, and a long tail is 25 times more likely to appear than any other look!",
213608,Tula'rhun the Wanderer <Song from the North>,The Emerald Dream,Bear,True,"Tula'rhun can be found at the very back of a set of caverns that have their entrance on the east side of the swamp that lies above the southern end of Haven Cascades (around 55,40).",
213647,Mischievous Faerie Dragon,The Emerald Dream,Lesser Dragonkin,,"This fey darter can spawn during Superbloom events when someone chooses the ability Fae Lens from a dreamfruit. This ability isn't offered every Superbloom. You may have trouble taming one of these darters before someone kills it, but it's also not a unique colour.",Lesser Dragonkin
213668,Invasive Tarantula,The Emerald Dream,Spider,,"These tarantulas spawn during Superbloom events if someone chooses the ability Arachnid Annihilation from a dreamfruit and then clicks on an Invasive Spider Sac. This ability isn't offered every Superbloom. You may have trouble taming one of these spiders before someone kills it, but it's also not a unique colour.",
213700,Stream Skipper,Isle of Dorn,Hopper,,,
213781,Ashen Gladehart Buck,The Emerald Dream,Stag,,,
213808,Silvercrest Ancient,The Emerald Dream,Feathermane,,,Feathermane
213834,Candleclaw Mole,"Darkflame Cleft (New Candle, New Hope Quest Instance)",Rodent,,"Located in Darkflame Cleft (New Candle, New Hope Quest Instance).",
213922,Wild Razormouth,Azj-Kahet,Worm,,Initially appears as a rumbling patch of earth.,Exotic
213960,Domesticated Candlefly,The Ringing Deeps,Moth,,,
213973,Snuffle Pup,The Ringing Deeps,Rodent,,,
214081,Razormouth Devourer,Azj-Kahet,Worm,,,Exotic
214162,The Ringing Death,The Ringing Deeps,Bat,True,,
214214,Vigilant Turtle,Amirdrassil (Dragon Isles Zone),Turtle,,,
214215,Vigilant Snapper,Amirdrassil (Dragon Isles Zone),Turtle,,,
214222,Golddown Argali,Amirdrassil (Dragon Isles Zone),Gruffhorn,,,
214225,Opportunistic Timbertooth,Amirdrassil (Dragon Isles Zone),Rodent,,,
214226,Shadechaser Snapper,Amirdrassil (Dragon Isles Zone),Turtle,,,
214227,Shadechaser Turtle,Amirdrassil (Dragon Isles Zone),Turtle,,,
214231,Rockhorn Argali,Amirdrassil (Dragon Isles Zone),Gruffhorn,,,
214284,Saurlosik Ambusher,The Ringing Deeps,Lizard,,,
214285,Razormouth Wormling,Azj-Kahet,Worm,,Found in side-caves in the area.,Exotic
214397,Frenzied Swarmer,Hallowfall,Beetle,,Can be found during the A Light in the Dark questline of The War Within campaign.,
214406,Shadowstarved Bullfrog,Hallowfall,Hopper,,,
214436,Pearlfin Clawclacker,Isle of Dorn,Crab,,,
214581,Stormtop Terralisk,Isle of Dorn,Lizard,,,
214594,Cascade Guardian,Isle of Dorn,Worm,,,Exotic
214724,Molten Slagshell,The Ringing Deeps,Carapid,,,Exotic
214757,Croakit,Hallowfall,Hopper,True,"Found in a cave on the east side of the pond. Initially inactive, but can be rendered attackable but tossing 10 Shadowblind Grouper at it. These can be fished from the eponymous pools in the waters nearby.",
214764,Rustmane Shalehorn,Isle of Dorn,Stag,,,
214772,Limestone Falcon,Isle of Dorn,Bird of Prey,,,
214801,Skipper,Nerub-ar Palace,Hopper,,,
214821,Stillpond Sparkbug,Hallowfall,Moth,,,
214831,Stillpond Lightqueen,Hallowfall,Moth,,,
214835,Stillpond Tidewader,Hallowfall,Lizard,,,
214926,Stonehoofed Piglet,Hallowfall,Boar,,,
214928,Stonehoofed Hog,Hallowfall,Boar,,,
214930,Shadow-Mad Sow,Hallowfall,Boar,,,
214935,Stalwart Hauler,Azj-Kahet,Beetle,,,
214945,Moss-Draped Ramolith,Isle of Dorn,Gruffhorn,,,
214946,Vinechewer Ramolith,Isle of Dorn,Gruffhorn,,,
214949,Resplendent Peafowl,Isle of Dorn,Carrion Bird,,,
214960,Bubbling Mudskip,The Ringing Deeps,Hopper,,,
214962,Undercrawler,The Ringing Deeps,Spider,,,
214963,Wandering Glimmerfly,The Ringing Deeps,Moth,,,
214970,Ironwold Stormpaw,Isle of Dorn,Wolf,,,
214973,Shalehorn Bull,Isle of Dorn,Stag,,,
215021,Cinderbee Buzzer,Isle of Dorn,Wasp,,,
215023,Cinderbee Worker,Isle of Dorn,Wasp,,,
215024,Cinderbee Drone,Isle of Dorn,Wasp,,,
215036,Redwing Falcon,Isle of Dorn,Bird of Prey,,,
215070,Ashwhite Kestrel,Isle of Dorn,Bird of Prey,,,
215206,Night-Twisted Hog,Hallowfall,Boar,,,
215358,Salty Gull,Isle of Dorn,Bird of Prey,,,
215384,Rock Sporebat,The Ringing Deeps,Ray,,,
215386,Spored Gnasher,Azj-Kahet,Blood Beast,,,Blood Beast
215411,Sureki Screamer,Azj-Kahet,Blood Beast,,"Spawns on the bridge as part of an ambush during the zone campaign quest, 'A Guiding Thread'. If you've completed this quest you can still see the spawns that other players trigger.",Blood Beast
215526,Hallowlight Flitter,Hallowfall,Moth,,,
215548,Crabby Relicseeker,Isle of Dorn,Crab,,,
215595,Siege Webwing,Azj-Kahet,Blood Beast,,,Blood Beast
215608,Siegehold Drone,Azj-Kahet,Beetle,,Siegehold Drones with this ID are not hostile.,
215680,Deepwater Eel,Hallowfall,Serpent,,,
215733,Deeps Larva,The Ringing Deeps,Worm,,"Initially submerged, but surfaces when you approach its rumbling dust patch.",Exotic
215735,Deeps Spitter,The Ringing Deeps,Worm,,,Exotic
215739,Invasive Undercrawler,The Ringing Deeps,Spider,,,
215743,Waxtail Snuffler,The Ringing Deeps,Rodent,,,
215752,Deepclaw Crab,Hallowfall,Crab,,,
215771,Encroaching Undercrawler,The Ringing Deeps,Spider,,,
215772,Queen Rickiticka,The Ringing Deeps,Spider,True,Found inside a cave in the central part of the area. Look for the corpses of 'devoured' creatures outside.,
215790,Grotto Skipper,The Ringing Deeps,Hopper,,,
215794,Dusty Shalewing,The Ringing Deeps,Ray,,,
215830,Agitated Scorpid,The Ringing Deeps,Scorpid,,,
215831,Agitated Borer Spawn,The Ringing Deeps,Worm,,,Exotic
215846,Displaced Mole,The Ringing Deeps,Rodent,,,
215990,Frenzied Siege-Swarmer,Azj-Kahet,Blood Beast,,Flies about the high Eastern Span walkways in the east of the zone and also in The Transformatory in the south-east of the City of Threads.,Blood Beast
215991,Siege Sniffer,Azj-Kahet,Beetle,,"Patrols north of the large covered platform situated roughly midway along the high Eastern Span walkway, in the east of the zone. There's possibly only one up at a time.",
216031,Abyssal Devourer,Azj-Kahet,Serpent,True,,
216037,Vilewing,Azj-Kahet,Blood Beast,True,Flies about in the eastern part of the area.,Blood Beast
216039,Xishorr <Shadow of Xishirra>,Azj-Kahet,Spider,True,"Located on the west side of the pit, by the city wall. Has a black aura that is retained upon taming.",
216044,Maddened Siegebomber,Azj-Kahet,Beetle,True,"Flies rapidly about wilds in the east of the zone, west of Mmarl.",
216055,Cavern Glowmite,The Ringing Deeps,Moth,,,
216065,Bloatrot Stinger,Hallowfall,Wasp,,,
216078,Fallowbarb,Hallowfall,Wasp,True,Dwells in a small cave in the east of the area.,
216144,Siege Hauler,Azj-Kahet,Beetle,,,
216197,Nerubian Swarmer,Isle of Dorn,Blood Beast,,"Only present during the campaign quest chain when the area is under attack, i.e. during 'The Cavalry is Here', etc.",Blood Beast
216249,Understalker Tunneler,Isle of Dorn; The Ringing Deeps; Hallowfall; Azj-Kahet,Spider,,Has a chance to spawn when you dig up a patch of Disturbed Earth around any of the main Khaz Algar ('The War Within') zones. To unlock this you need to complete the quest Everyday I'm Snufflin in The Ringing Deeps.,
216288,Pupating Stinger,Isle of Dorn; The Ringing Deeps; Hallowfall; Azj-Kahet,Wasp,,Has a chance to spawn when you dig up a patch of Disturbed Earth around any of the main Khaz Algar ('The War Within') zones. To unlock this you need to complete the quest Everyday I'm Snufflin in The Ringing Deeps.,
216300,Spored Stinger,Azj-Kahet,Blood Beast,,,Blood Beast
216340,Sentry Stagshell,"Ara-Kara, City of Echoes (Dungeon)",Beetle,,"Located in Echoing Overlook, Ara-Kara, City of Echoes (Dungeon).",
216387,Razorling,Azj-Kahet,Worm,,Summoned by Wormcaller Iz'tikrine during combat.,Exotic
216555,Heelripper,Azj-Kahet,Spider,,"Spawns as part of the ""Escape the Burrows!"" phase of the ""Kaheti Hospitality"" zone campaign quest. These NPCs appear in the first wave and will be mowed down very quickly by Alleria and Anduin, so your best strategy is to stand well away from your companions and draw one of these spiders off as soon as it appears. You can abandon and restart the quest as many times as you like until you successfully tame the colours you want. This is a once-only campaign instance, though it's uncertain if party sync will allow you to repeat it.",
216691,Efflorescent Dreamsaber,Amirdrassil (Dragon Isles Zone),Cat,,,
216694,Efflorescent Matriarch,Amirdrassil (Dragon Isles Zone),Feathermane,,,Feathermane
216695,Efflorescent Umbraclaw,Amirdrassil (Dragon Isles Zone),Feathermane,,,Feathermane
216697,Efflorescent Bristlebruin,Amirdrassil (Dragon Isles Zone),Bear,,,
216698,Efflorescent Gladehind,Amirdrassil (Dragon Isles Zone),Stag,,,
216699,Efflorescent Gladehart,Amirdrassil (Dragon Isles Zone),Stag,,,
216701,Migrating Plains Stag,Amirdrassil (Dragon Isles Zone),Stag,,,
216702,Migrating Plains Doe,Amirdrassil (Dragon Isles Zone),Stag,,,
216704,Migrating Bruffalon,Amirdrassil (Dragon Isles Zone),Stag,,,
216705,Migrating Bull,Amirdrassil (Dragon Isles Zone),Stag,,,
216706,Hyjal Stagbeak,Amirdrassil (Dragon Isles Zone),Feathermane,True,,Feathermane
216707,Watchful Somnowl,Amirdrassil (Dragon Isles Zone),Bird of Prey,,,
216710,Bel'ameth Watcher,Amirdrassil (Dragon Isles Zone),Bird of Prey,,,
216711,Awakened Dreamshell,Amirdrassil (Dragon Isles Zone),Carapid,,,Exotic
216712,Awakened Umbraclaw,Amirdrassil (Dragon Isles Zone),Feathermane,,,Feathermane
216713,Awakened Matriarch,Amirdrassil (Dragon Isles Zone),Feathermane,,,Feathermane
216771,Luminescent Gloamstrider,Amirdrassil (Dragon Isles Zone),Water Strider,,,Exotic
216772,Glittering Gloamglider,Amirdrassil (Dragon Isles Zone),Water Strider,,,Exotic
216843,Awakened Dreamsaber,Amirdrassil (Dragon Isles Zone),Cat,,,
216844,Spored Skitterer,Azj-Kahet,Spider,,,
216963,Shadowcrested Snapper,Hallowfall,Crab,,,
216970,Shalehorn Impaler,Isle of Dorn,Stag,,,
217038,Intrusive Nothwing,Azj-Kahet,Blood Beast,,,Blood Beast
217040,Noth Venomsprayer,Azj-Kahet,Blood Beast,,,Blood Beast
217121,Brightland Hornface,Isle of Dorn,Stag,,"Located in The Three Shields (Quest Phase), Isle of Dorn. Found in a special phase for the Ringing Deeps quest, 'The Wickless Candle'.",
217122,Brightland Rockback,Isle of Dorn,Crab,,,
217123,Oblivious Shaleshell,Azj-Kahet,Carapid,,,Exotic
217127,Invasive Nestbuilder,Azj-Kahet,Blood Beast,,,Blood Beast
217137,Invasive Nestling,Azj-Kahet,Spider,,,
217329,Twinkling Candlefly,The Ringing Deeps,Moth,,,
217371,Siege Webwing,Azj-Kahet,Blood Beast,,,Blood Beast
217379,Infested Jawgrub,The Ringing Deeps,Worm,,Covered in spider eggs that are lost upon taming.,Exotic
217404,Persistent Forager,Isle of Dorn,Gruffhorn,,,
217417,Infested Jawgrub,Azj-Kahet,Worm,,Covered in spider eggs that are lost upon taming.,Exotic
217428,Agitated Rockpercher,Isle of Dorn,Bird of Prey,,,
217477,Shadowtide Hardshell,Hallowfall,Crab,,,
217523,Riplisk Hatchling,Isle of Dorn,Basilisk,,,
217524,Armored Riplisk,Isle of Dorn,Basilisk,,,
217527,Salty Gull,Isle of Dorn,Bird of Prey,,,
217556,Lambent Siltworm,The Ringing Deeps,Worm,,,Exotic
217561,Brushmane Wolf,Isle of Dorn,Wolf,,,
217637,Phosphorescent Lampyrid,Azj-Kahet,Moth,,,
217694,Deep Murkmoth,Hallowfall,Moth,,,
217698,Dark Hound,Hallowfall,Hound,,,
217720,Drooling Salamuncher,Azj-Kahet,Lizard,,,
217727,Ravenous Hungrander,Azj-Kahet,Lizard,,,
217741,Deeps Krolusk,The Ringing Deeps,Carapid,,,Exotic
217742,Deeps Scorpion,The Ringing Deeps,Scorpid,,,
217795,Slimy Fungivore,Azj-Kahet,Carapid,,,Exotic
217796,Noth Swarmer,Azj-Kahet,Blood Beast,,,Blood Beast
217897,Distressed Hiveworker,Isle of Dorn,Wasp,,,
217916,Dreadstrike Defender,Hallowfall,Blood Beast,,,Blood Beast
217939,Swarming Drone,Isle of Dorn,Blood Beast,,"Found during the intro quest phase for the beach, but gone after completing ""To Dornogal"".",Blood Beast
217949,Skittering Swarmite,Isle of Dorn,Blood Beast,,"Found during the intro quest phase for the beach, but gone after completing ""To Dornogal"".",Blood Beast
218009,Snapjaw Ploughworm,Azj-Kahet,Worm,,,Exotic
218010,Broodmother Jawcrawler,Azj-Kahet,Worm,,,Exotic
218012,Silkweaver Hollowguard,Azj-Kahet,Spider,,,
218014,Xesh Cavewalker <Brood of Xishirra>,Azj-Kahet,Spider,,,
218015,Xesh Amputator <Brood of Xishirra>,Azj-Kahet,Spider,,,
218066,Xesh Hatchling,Azj-Kahet,Spider,,Spawns when egg sacs are destroyed in this area.,
218082,Xesh Skystinger,Azj-Kahet,Blood Beast,,,Blood Beast
218083,Off-duty Silkhauler,Azj-Kahet,Worm,,,Exotic
218091,Rak-Ush Bloodwing,Azj-Kahet,Blood Beast,,,Blood Beast
218094,Rak-Ush Bombardier,Azj-Kahet,Blood Beast,,,Blood Beast
218187,Grazing Stomper,Isle of Dorn,Stag,,,
218188,Meandering Gorger,Isle of Dorn,Stag,,,
218191,Moss-Draped Ramolith,Isle of Dorn,Gruffhorn,,,
218194,Vinechewer Ramolith,Isle of Dorn,Gruffhorn,,,
218201,Circling Sharpbeak,Isle of Dorn,Bird of Prey,,,
218203,Brushmane Wolf,Isle of Dorn,Wolf,,,
218213,Candlelit Blind-Hound,Isle of Dorn,Rodent,,,
218330,Roaming Mongrel,Hallowfall,Hound,,,
218331,Underlight Moth,Hallowfall,Moth,,,
218380,Vigilant Nestguard,Azj-Kahet,Blood Beast,,,Blood Beast
218401,Scavenging Stormfang,Isle of Dorn,Wolf,,,
218524,Hallowfall Seahawk,Hallowfall,Bird of Prey,,,
218725,Arachnoid Scrounger,Azj-Kahet,Spider,,,
218735,Spiteful Ophidian,Azj-Kahet,Serpent,,,
218771,Bluebell Peacock,Isle of Dorn,Carrion Bird,,,
218772,Moss Viper,Isle of Dorn,Serpent,,,
218885,Undersea Scuttler,Hallowfall,Crab,,,
218893,Undersea Scuttler,Hallowfall,Crab,,,
219011,Gulping Mudskip,The Ringing Deeps,Hopper,,,
219163,Invasive Hardhead,The Ringing Deeps,Rodent,,,
219246,Deep Spitter,The Ringing Deeps,Worm,,"Found inside the mines, in the east of the area.",Exotic
219257,Invasive Thickhead,The Ringing Deeps,Rodent,,,
219263,Warphorn,Isle of Dorn,Stag,True,,
219265,Emperor Pitfang,Isle of Dorn,Serpent,True,Found deep in the mine tunnels.,
219267,Plaguehart,Isle of Dorn,Stag,True,,
219271,Twice-Stinger the Wretched,Isle of Dorn,Blood Beast,True,,Blood Beast
219278,Shallowshell the Clacker,Isle of Dorn,Crab,,,
219291,Chasm Shalewing,The Ringing Deeps,Ray,,,
219303,Rock Snail,Azj-Kahet,Carapid,,,Exotic
219304,Chasm Snail,Azj-Kahet,Carapid,,,Exotic
219329,Cavern Glowmite,The Ringing Deeps,Moth,,,
219350,Phosphorescent Lampyrid,Azj-Kahet,Moth,,,
219353,Skipper,The Ringing Deeps,Hopper,,,
219365,Strange Shore Crawler,Hallowfall,Crab,,Found by the shores north of the Veneration Grounds. Its glow effect is lost upon taming.,
219397,Shalescale Striker,Isle of Dorn,Serpent,,The serpents with this ID are found inside the mine tunnels.,
219425,Deep Worm,The Ringing Deeps,Worm,,"Found inside the mines, in the east of the area.",Exotic
219432,Shore Crawler,Hallowfall,Crab,,,
219606,Sunless Slitherer,Hallowfall,Serpent,,,
219623,Flickerflame Dirtclaw,The Ringing Deeps,Rodent,,,
219653,Pestilent Drone,Dalaran (Khaz Algar intro quest phase),Blood Beast,,"Located in Dalaran (Khaz Algar intro quest phase). Only appears during the Breach intro quest for The War Within, when Dalaran first arrives at the Isle of Dorn and is under siege.",Blood Beast
219654,Drone Bomber,Dalaran (Khaz Algar intro quest phase),Blood Beast,,"Located in Dalaran (Khaz Algar intro quest phase). Only appears during the Breach intro quest for The War Within, when Dalaran first arrives at the Isle of Dorn and is under siege. Flies high, so you'll need to find a suitable location and possibly shoot it to bring it into taming range. Only the black and the green variants make sounds when clicked.",Blood Beast
219662,Small Threadling,Dalaran (Khaz Algar intro quest phase),Spider,,"Located in Dalaran (Khaz Algar intro quest phase). Only appears during the Breach intro quest for The War Within, when Dalaran first arrives at the Isle of Dorn and is under siege.",
219664,Rampaging Threadling,Dalaran (Khaz Algar intro quest phase),Spider,,"Located in Dalaran (Khaz Algar intro quest phase). Only appears during the Breach intro quest for The War Within, when Dalaran first arrives at the Isle of Dorn and is under siege.",
219670,Venomous Scavenger,Azj-Kahet,Blood Beast,,,Blood Beast
219764,Phosphorescent Lampyrid,Azj-Kahet,Moth,,,
219780,Chasm Snail,Azj-Kahet,Carapid,,,Exotic
219790,Tamed Lava Snail,The Ringing Deeps,Carapid,,"Initially, this magma snail cannot be interacted with or tamed due to it being ridden by a kobold: either a Kobold Trapper (Candleslag Quarry) or a Brightrock Shellvalier (inside the Hallowfall Gate mines). Once the kobold is dead the snail becomes a standalone NPC and can be tamed.",Exotic
219799,Sweetsnuffler,The Ringing Deeps,Rodent,,,
219843,Terrace Skipper,The Ringing Deeps,Hopper,,,
219850,Terrace Moth,The Ringing Deeps,Moth,,,
219854,Xesh Slasher <Brood of Xishirra>,Azj-Kahet,Spider,,,
219857,Xesh Creeper <Brood of Xishirra>,Azj-Kahet,Spider,,,
219930,Deep Krolusk,The Ringing Deeps,Carapid,,,Exotic
219949,Cavern Basilisk,The Ringing Deeps,Basilisk,,"Found in regions south and east of The Earthenworks and north of Brunwin's Terrace, up to the entrance to the Lost Mines area.",
219962,Glowshade Skipper,Azj-Kahet,Hopper,,,
219970,Sparking Electroscythes,Azj-Kahet,Worm,,,Exotic
220022,Skipper,The Ringing Deeps,Hopper,,,
220059,Shadegrumble Bear,Hallowfall,Bear,,Found by the pond outside Tenir's Ascent.,
220087,Swarming Screamer,Azj-Kahet,Blood Beast,,,Blood Beast
220155,Shaleshell Clicker,The Ringing Deeps,Carapid,,,Exotic
220257,Captured Undercrawler,The Ringing Deeps,Spider,,,
220261,Captured Jawgrub,The Ringing Deeps,Worm,,,Exotic
220270,Zilthara,The Ringing Deeps,Basilisk,,,
220275,King Splash,The Ringing Deeps,Hopper,True,,
220295,Fallside Falcon,Isle of Dorn,Bird of Prey,,,
220299,Grazing Shalehorn,Isle of Dorn,Stag,,,
220300,Bandtail Kestrel,Isle of Dorn,Bird of Prey,,"Occasionally found around the hills in the west of the city. It appears to be buggy as even though you can attack it or cast tame, it ignores you and the tame fails, and then it despawns.",
220376,Captured Candlefly,The Ringing Deeps,Moth,,,
220399,Cache Courier,Azj-Kahet,Blood Beast,,Often found carrying a package on its back that is lost upon taming.,Blood Beast
220483,Attentive Silkhauler,Azj-Kahet,Worm,,Often found carrying a container on its back that is lost upon taming.,Exotic
220500,Sweet-sting Worker,Hallowfall,Wasp,,,
220502,Invasive Sweet-sting,Hallowfall,Wasp,,,
220691,Flickering Glowmoth,Hallowfall,Moth,,,
220698,Shadowsting Scorpid,The Ringing Deeps,Scorpid,,,
220707,Staglette,Azj-Kahet,Beetle,,"Summoned by Battelfront Haulers during combat in Arathi's End in the north-east of the zone. Also summoned by the rare Kaheti Silkhauler during combat. This rare follows the north-south road in the north-east of the zone. Its range extends from Azj-Kahet in the far north-east (east of Faerin's Advance), south past Rak-Zakaz, and probably as far south as the road to the south-west of Rak-Ahat.",
220708,Summoned Swarmite,Azj-Kahet,Blood Beast,,,Blood Beast
220736,Ravenous Flopper,Hallowfall,Hopper,,,
220764,Unsettled Snail,Azj-Kahet,Carapid,,,Exotic
220765,Juvenile Snail,Azj-Kahet,Carapid,,,Exotic
220772,Sightless Wavecutter,Hallowfall,Serpent,,,
220775,Bleached Sandskitter,Hallowfall,Lizard,,,
220786,Wavecutter Eel,Hallowfall,Serpent,,,
221023,Wild Ramolith,Isle of Dorn,Gruffhorn,,,
221024,Enraged Shalehorn,Isle of Dorn,Stag,,,
221065,Fluffy Sharpface,Isle of Dorn,Bird of Prey,,"Located in The Three Shields (Quest Phase), Isle of Dorn. Found in a special phase for the Ringing Deeps quest, 'The Wickless Candle'.",
221076,Reekscale,Hallowfall,Lizard,True,,
221126,Tephratennae,Isle of Dorn,Wasp,,"BUG: this pet is erroneously classed as Exotic, so currently only usable by Beast Masters. It has been reported and hopefully will be fixed at some stage.",
221131,Threadling Scavenger,Hallowfall,Spider,,"There's a chance this creature will appear when you destroy an Arathi Crate during the world quest, Recovery Job.",
221134,Night Creeper,Hallowfall,Lizard,,,
221217,Spore-infused Shalewing,The Ringing Deeps,Ray,,,
221297,Foraging Mole,The Ringing Deeps,Rodent,,,
221298,Cavern Basilisk,The Ringing Deeps,Basilisk,,,
221301,Direweb Drone,Hallowfall,Blood Beast,,,Blood Beast
221358,Waste Krolusk,The Ringing Deeps,Carapid,,,Exotic
221470,Feral Sharpclaw,Hallowfall,Cat,,,
221474,Wary Shalehorn,Hallowfall,Stag,,In the wilds west of Veneration Grounds. It appears sporadically to the west of Morgaen's Tears.,
221519,Fluttering Sapphire,Isle of Dorn,Moth,,,
221523,Dazzling Peafowl,Isle of Dorn,Carrion Bird,,,
221526,Mosspelt Ramolith,Isle of Dorn,Gruffhorn,,,
221527,Regal Plainshawk,Isle of Dorn,Bird of Prey,,,
221528,Soaring Plainshawk,Isle of Dorn,Bird of Prey,,Found in several locations on the isle. Soaring Plainshawks with this ID are usually perched on rocky pinnacles rather than flying.,
221534,Lytfang the Lost,Hallowfall,Cat,True,,
221641,Ramolith Stonecrusher,Isle of Dorn,Gruffhorn,,,
221642,Mosspelt Ramolith,Isle of Dorn,Gruffhorn,,,
221644,Soaring Plainshawk,Isle of Dorn,Bird of Prey,,,
221646,Hungry Plainshawk,Isle of Dorn,Bird of Prey,,,
221648,The Perchfather,Hallowfall,Bird of Prey,True,Velhan's Claim consists of the two islands just north-east of the Priory of the Sacred Flame. The Perchfather can be found on the highest rock peak of the western island.,
221672,Ramolith Curlhorn,Isle of Dorn,Gruffhorn,,,
221678,Wild Stormhowl,Isle of Dorn,Wolf,,,
221684,Crested Shalehorn,Isle of Dorn,Stag,,,
221690,Strength of Beledar,Hallowfall,Bear,True,,
221704,Siegehold Drone,Azj-Kahet,Beetle,,Siegehold Drones with this ID are hostile.,
221786,Pride of Beledar,Hallowfall,Stag,True,,
221897,Bounty Swiftlet,Hallowfall,Bird of Prey,,,
221939,Spinneret Silkbearer,Azj-Kahet,Beetle,,,
221954,Sunken River Eel,Azj-Kahet,Serpent,,,
222019,Shalescale Striker,Isle of Dorn,Serpent,,The serpents with this ID are found outside (above) the mines.,
222040,Opalooze Mollusc,Isle of Dorn,Carapid,,"Found by a beach north of Freywold VIllage and the Earthcrawl Mines, near the rocky islets. The NPC with this ID is found a bit further south than the other Opalooze Mollusc. Prior to taming this one appears smaller than the other, but they're the same size as pets.",Exotic
222057,Isle Gull,Isle of Dorn,Bird of Prey,,,
222155,Opalooze Mollusc,Isle of Dorn,Carapid,,"The NPC with this ID is found a bit further north than the other Opalooze Mollusc. Prior to taming this one appears larger than the other, but they're the same size as pets.",Exotic
222156,Scavenging Sandsnapper,Isle of Dorn,Crab,,,
222157,Opalshell Hermit,Isle of Dorn,Crab,,,
222173,Invasive Undercrawler,The Ringing Deeps,Spider,,,
222183,Freed Undercrawler,The Ringing Deeps,Spider,,,
222223,Watchful Falcon,Isle of Dorn,Bird of Prey,,,
222248,Canyon Devilfish,Hallowfall,Ray,,"Packs of this ray periodically circle over parts of the zone, including Tenir's Ascent, Sanguine Grasps, Priory of the Sacred Flame, and The Aegis Wall.",
222262,Canyon Skimmer,Hallowfall,Ray,,,
222280,Voltscale Borer,Isle of Dorn,Worm,,,Exotic
222302,Sandscale Riplisk,Isle of Dorn,Basilisk,,,
222310,Isle Gull,Isle of Dorn,Bird of Prey,,,
222312,Scavenging Sandsnapper,Isle of Dorn,Crab,,,
222329,Regal Plainshawk,Isle of Dorn,Bird of Prey,,,
222332,Wild Stormhowl,Isle of Dorn,Wolf,,,
222347,Gnashing Rockwing,Isle of Dorn,Ray,,,
222496,Wandering Stinger,Hallowfall,Wasp,,,
222618,Alert Shalehorn,Isle of Dorn,Stag,,,
222619,Meandering Shalehorn,Isle of Dorn,Stag,,,
222645,Shadowsting Lurker,The Ringing Deeps,Scorpid,,,
222690,Tor'go,The Ringing Deeps,Devilsaur,True,"This spectral devilsaur can only be found when the event, ""Worldsoul Memory: Primal Predators"" is up, located roughly north-west of Opportunity Point in The Ringing Deeps. The zone in which the Worldsoul Memory is active rotates daily, starting with Isle of Dorn, then The Ringing Depths, then Hallowfall, finally Azj-Kahet. You require one Radiant Echo in order to enter the event phase and cannot use another player to access it.",Exotic
222719,Battlefront Hauler,Azj-Kahet,Beetle,,,
222721,Toxic Swarmite,Azj-Kahet,Blood Beast,,,Blood Beast
222722,Venomous Flyer,Azj-Kahet,Blood Beast,,,Blood Beast
222729,Stagshell Mite,Azj-Kahet,Beetle,,,
222773,Undersea Scuttler,Hallowfall,Crab,,,
222810,Undersea Depthstalker,Hallowfall,Serpent,,,
222820,Cinderbee Knight,Isle of Dorn,Wasp,,,
222832,Underlight Moth,Hallowfall,Moth,,,
222869,Rock Sporebat,The Ringing Deeps,Ray,,,
222872,Shadowsting Scavenger,The Ringing Deeps,Scorpid,,,
222873,Scavenging Swarmer,The Ringing Deeps,Scorpid,,,
222874,Lurking Hatchling,The Ringing Deeps,Scorpid,,,
222936,Sweet-sting Worker,Priory of the Sacred Flame (Dungeon),Wasp,,"Located in Sanctified Grounds, Priory of the Sacred Flame (Dungeon). Around the northern exterior of the Priory grounds.",
222976,Cinderbee Forager,Isle of Dorn,Wasp,,,
223042,Elusive Shalehorn,Hallowfall; Isle of Dorn,Stag,,There's a chance this beast will appear when you use an Elusive Creature Lure in this zone. To learn how to create a lure you must earn at least 25 points in Khaz Algar Skinning and select the Luring specialization (see your skinning journal inside your professions panel). See Wowhead's The War Within Skinning Guide for more information on how luring works.,
223056,Elusive Krolusk,The Ringing Deeps,Carapid,,There's a chance this beast will appear when you use an Elusive Creature Lure in this zone. To learn how to create a lure you must earn at least 25 points in Khaz Algar Skinning and select the Luring specialization (see your skinning journal inside your professions panel). See Wowhead's The War Within Skinning Guide for more information on how luring works.,Exotic
223058,Elusive Lurker,The Ringing Deeps,Worm,,There's a chance this beast will appear when you use an Elusive Creature Lure in this zone. To learn how to create a lure you must earn at least 25 points in Khaz Algar Skinning and select the Luring specialization (see your skinning journal inside your professions panel). See Wowhead's The War Within Skinning Guide for more information on how luring works.,Exotic
223060,Elusive Cavern Borer,Azj-Kahet,Worm,,There's a chance this beast will appear when you use an Elusive Creature Lure in this zone. To learn how to create a lure you must earn at least 25 points in Khaz Algar Skinning and select the Luring specialization (see your skinning journal inside your professions panel). See Wowhead's The War Within Skinning Guide for more information on how luring works.,Exotic
223067,Elusive Kaheti Ambusher,Azj-Kahet,Spider,,There's a chance this beast will appear when you use an Elusive Creature Lure in this zone. To learn how to create a lure you must earn at least 25 points in Khaz Algar Skinning and select the Luring specialization (see your skinning journal inside your professions panel). See Wowhead's The War Within Skinning Guide for more information on how luring works.,
223091,Grimlurk,The Ringing Deeps,Carapid,True,Found outside a mine entrance in the west of the Extraction Site.,Exotic
223117,Discordant Swarmite,Azj-Kahet,Blood Beast,,"You must have the Unseeming Shift debuff in order to see this creature. This debuff is bestowed during the Melody of Madness quest chain, but you can also gain stacks of it in the Maddening Deeps by clicking on the Black Blood Extractors or standing in the ashen-red pools.",Blood Beast
223167,Shacklefang Leafnose,Hallowfall,Bat,,,
223178,Shacklefang Hornet,Hallowfall,Wasp,,,
223187,Moss-Draped Ramolith,Isle of Dorn,Gruffhorn,,,
223191,Light-Bathed Eagle,Hallowfall,Bird of Prey,,,
223388,Vein Excavator,Azj-Kahet,Worm,,,Exotic
223433,Isolated Crawler,Azj-Kahet,Beetle,,,
223458,Pet Stagshell,Azj-Kahet,Beetle,,,
223492,Flatcram Grandame,Azj-Kahet,Ray,,,
223613,Weave Drone,The Spiral Weave (Delve),Beetle,,"Located in The Spiral Weave (Delve). Summoned by Overseer Kasel, during combat. It can be challening to tame one during the fight.",
223704,Swale Hopper,The Ringing Deeps,Hopper,,,
223749,Ploughworm Broodling,Azj-Kahet,Worm,,,Exotic
223782,Snapjaw Ploughworm,Azj-Kahet,Worm,,Found in a cave inside the large pit in the west of the area.,Exotic
223783,Ploughworm Broodling,Azj-Kahet,Worm,,Found in a cave inside the large pit in the west of the area.,Exotic
223836,Baby Larva,The Ringing Deeps,Worm,,,Exotic
223905,Discordant Swarmite,Azj-Kahet,Blood Beast,,"You must have the Unseeming Shift debuff in order to see this creature. This debuff is bestowed during the Melody of Madness quest chain, but you can also gain stacks of it in the Maddening Deeps by clicking on the Black Blood Extractors or standing in the ashen-red pools.",Blood Beast
223931,Gluttonous Jawcrawler,Hallowfall,Worm,,,Exotic
223935,Highland Bear,Hallowfall,Bear,,,
224018,Bloated Seagull,Isle of Dorn,Bird of Prey,,,
224080,Drained Cinderbee,Isle of Dorn,Wasp,,,
224081,Wavering Drone,Isle of Dorn,Wasp,,,
224096,Agitated Hiveworker,Isle of Dorn,Wasp,,,
224099,Shalehorn Bull,Hallowfall,Stag,,Found in grassy areas in the far east of Hallowfall (west of Lothar's Landing / entrance to The Ringing Deeps).,
224101,Shalehorn Cow,Hallowfall,Stag,,Found in grassy areas in the far east of Hallowfall (west of Lothar's Landing / entrance to The Ringing Deeps). Also found in the fields that stretch from west of Tenir's Ascent to south of Mereldar.,
224106,Hallowfall Bear,Hallowfall,Bear,,Found in grassy areas in the far east of Hallowfall (west of Lothar's Landing / entrance to The Ringing Deeps).,
224109,Hallowfall Matriarch,Hallowfall,Bear,,Found in grassy areas in the far east of Hallowfall (west of Lothar's Landing / entrance to The Ringing Deeps).,
224133,Sunrise Honeysucker,Isle of Dorn,Moth,,Found in a grove just north of the Cinderbrew Meadery entrance.,
224350,Voltscale Siltworm,Isle of Dorn,Worm,,,Exotic
224409,Shalehorn Cow,Hallowfall,Stag,,Found in the fields just to the west of the entrance to Hallowfall from The Ringing Deeps.,
224410,Shalehorn Bull,Hallowfall,Stag,,Found in grassy areas in the far east of Hallowfall (west of Lothar's Landing / entrance to The Ringing Deeps).,
224454,Scuttling Sandshell,Isle of Dorn,Crab,,,
224456,Brooding Shorewing,Isle of Dorn,Bird of Prey,,,
224464,Venomous Salamanther,Hallowfall,Lizard,,Found by a pool in the far east of Hallowfall (below Lothar's Landing / entrance to The Ringing Deeps).,
224468,Salamanther Highmother,Hallowfall,Lizard,,,
224496,Hallowfall Bear,Hallowfall,Bear,,Found in grassy areas in the far east of Hallowfall (west of Lothar's Landing / entrance to The Ringing Deeps). The Hallowfall Bears with this ID are usually asleep.,
224501,Berrybuzz Stinger,Hallowfall,Wasp,,,
224508,Tidal Sandsnapper,Isle of Dorn,Crab,,,
224521,Frenzied Siege Artillery,Azj-Kahet,Blood Beast,,Flies about the western sections of the Eastern Span walkway.,Blood Beast
224536,Seeping Jawcrawler,Hallowfall,Worm,,,Exotic
224551,Immature Shalehorn,Hallowfall,Stag,,Found in grassy areas in the far east of Hallowfall (below Lothar's Landing / entrance to The Ringing Deeps).,
224578,Croaking Sandskipper,Isle of Dorn,Hopper,,,
224581,Luminescent Mollusc,Isle of Dorn,Carapid,,,Exotic
224586,Daunted Bull,Hallowfall,Stag,,,
224588,Spooked Cow,Hallowfall,Stag,,,
224611,Unnerved Calf,Hallowfall,Stag,,,
224623,Snarling Mongrel,Hallowfall,Hound,,,
224663,Mesmerised Flyer <Swarm-Maven Donmiss's Minion>,Azj-Kahet,Blood Beast,,"Periodically spawns during combat with Swarm-Maven Donmiss as part of Stage 2 of the ""Escape the Burrows!"" phase of the ""Kaheti Hospitality"" zone campaign quest.",Blood Beast
224725,Saurolisk Ambusher,The Ringing Deeps,Lizard,,"Can spawn during the quest, ""Antifogmatic"".",
224735,Tidehunter Gull,Isle of Dorn,Bird of Prey,,,
224751,Garlic-Breathed Hydra,Hallowfall,Hydra,,Found not far from the Mycomancer Cavern delve.,
224753,Juvenile Lurker,The Ringing Deeps,Worm,,,Exotic
224779,Galvanized Lurker,The Ringing Deeps,Worm,,,Exotic
224789,Juvenile Sandskipper,Isle of Dorn,Hopper,,,
224799,Shimmering Hermit,Isle of Dorn,Crab,,,
224800,Salty Gull,Isle of Dorn,Bird of Prey,,,
224844,Shadowsilk Wallclimber,Isle of Dorn,Blood Beast,,,Blood Beast
224876,Scavenging Sandsnapper,Isle of Dorn,Crab,,,
224958,Elusive Gloomstinger,Hallowfall,Wasp,,There's a chance this beast will appear when you use an Elusive Creature Lure in this zone. To learn how to create a lure you must earn at least 25 points in Khaz Algar Skinning and select the Luring specialization (see your skinning journal inside your professions panel). See Wowhead's The War Within Skinning Guide for more information on how luring works.,
225026,Sandscale Riplisk,Isle of Dorn,Basilisk,,,
225040,Mosspelt Ramolith,Isle of Dorn,Gruffhorn,,,
225180,Ironhoof Shalehorn,Isle of Dorn,Stag,,,
225244,Ravenous Glowmite,Azj-Kahet,Moth,,"Spawns during the quest, ""Bug Test"".",
225268,Plainswalker Shalehorn,Isle of Dorn,Stag,,,
225270,Crested Shalehorn,Isle of Dorn,Stag,,,
225271,Dazzling Peafowl,Isle of Dorn,Carrion Bird,,Found in small numbers outside the northern & eastern borders of the Boskroot Basin forest. Dazzling Peafowl with this ID are often found leading around a brood of peafowl chicks.,
225311,Plainswalker Shalehorn,Isle of Dorn,Stag,,,
225388,Krolusk Whelpling,The Ringing Deeps,Carapid,,,Exotic
225391,Slagshell Slider,The Ringing Deeps,Carapid,,Found inside the mines north of the gateway to Hallowfall.,Exotic
225393,Massive Slagshell,The Ringing Deeps,Carapid,,Found in the deepest cavern in the mines north of the gateway to Hallowfall.,Exotic
225445,Learned Mongrel,Hallowfall,Hound,,,
225482,Rummaging Mudnose,The Ringing Deeps,Rodent,,,
225488,Mycotic Jawcrawler,Azj-Kahet,Worm,,"Found south of The Wormlands. It is ridden by a Fungari Myconite, but it can be tamed out from under them!",Exotic
225515,Diminutive Glowmite,Azj-Kahet,Moth,,,
225520,Spined Slitherer,Azj-Kahet,Serpent,,,
225525,Spined Bilespitter,Azj-Kahet,Serpent,,,
225552,Scavenger Stagshell,Azj-Kahet,Beetle,,,
225594,Rak-Ahat Silkhauler,Azj-Kahet,Beetle,,,
225642,Leeching Swarmite,Azj-Kahet,Blood Beast,,,Blood Beast
225697,Darkfuse Bleakfang,The Ringing Deeps,Hyena,,,
225698,Emerald Stagshell,Azj-Kahet,Beetle,,,
225726,Heckler,Undermine,Hyena,,"Can be found in the Revolution phase of Undermine after getting the quest, Get Out There. You can no longer access this phase after completing the campaign.",
225789,Guarding Junktooth,Undermine,Hyena,,,
225815,Junkyard Hyena,Undermine,Hyena,,"Can be found in the Revolution phase of Undermine after getting the quest, Get Out There. You can no longer access this phase after completing the campaign.",
225852,Darkfuse Growler,Undermine,Hyena,,,
225865,Emerald Stagshell,Azj-Kahet,Beetle,,Found in the wilds east and south of The Wormlands and south of Siegehold. Emerald Stagshells with this ID are often found flying.,
225889,Angry Sandsnapper,Isle of Dorn,Crab,,,
225912,Shalehorn Calf,Hallowfall,Stag,,Found in grassy areas in the far east of Hallowfall (west of Lothar's Landing / entrance to The Ringing Deeps).,
225913,Shalehorn Calf,Hallowfall,Stag,,Found in grassy areas in the far east of Hallowfall (below Lothar's Landing / entrance to The Ringing Deeps). The Shalehorn Calves with this ID are running about.,
225919,Thieving Salamanther,Hallowfall,Lizard,,,
225921,Dominant Salamanther,Hallowfall,Lizard,,,
225933,Glowshade Ambusher,Azj-Kahet,Hopper,,,
225936,Grottolight Osprey,Hallowfall,Bird of Prey,,,
225938,Feral Hardhead,The Ringing Deeps,Rodent,,,
225981,Underhang Jawcrawler,Hallowfall,Worm,,,Exotic
225987,Underhang Bat,Hallowfall,Bat,,,
226005,Scavenger Stagshell,Azj-Kahet,Beetle,,Found across the central north and north-east of the zone. Scavenger Stagshells with this ID seem to be mostly found flying.,
226007,Leechwing Swarmite,Azj-Kahet,Blood Beast,,,Blood Beast
226013,Feral Threadling,Azj-Kahet,Spider,,,
226028,Fathom Ray,Azj-Kahet,Ray,,"Found occasionally in waterways in the zone, including those outside Siegehold in the north and Twitching Gorge to the west.",
226029,Deep-dwelling Glowmite,The Ringing Deeps,Moth,,,
226101,Confused Swarmite,Azj-Kahet,Blood Beast,,Summoned by Agaricus Festerbloom ( Its name changes to 'Confused Swarmite' if Agaricus dies.,Blood Beast
226111,Highland Salamanther,Hallowfall,Lizard,,,
226112,Highland Salamanther,Hallowfall,Lizard,,,
226115,Upland Shalehorn,Hallowfall,Stag,,,
226116,Upland Shalehorn,Hallowfall,Stag,,,
226117,Upland Calf,Hallowfall,Stag,,,
226118,Upland Bull,Hallowfall,Stag,,,
226120,Upland Bull,Hallowfall,Stag,,,
226128,Berrybuzz Harvester,Hallowfall,Wasp,,Found in grassy areas in the far east of Hallowfall (west of Lothar's Landing / entrance to The Ringing Deeps).,
226171,Horned Stagshell,Azj-Kahet,Beetle,,,
226173,Dirtcrusted Stagshell,Azj-Kahet,Beetle,,,
226176,Horned Stagshell,Azj-Kahet,Beetle,,Horned Stagshells with this ID are usually found flying. Found in wilds south-east of The Weaver's Lair and west of Rak-Ahat.,
226179,Highland Bear,Hallowfall,Bear,,,
226193,Invasive Jawgrub,Azj-Kahet,Worm,,,Exotic
226198,Tunneling Jawcrawler,Azj-Kahet,Worm,,,Exotic
226216,Hungry Jawcrawler,Azj-Kahet,Worm,,,Exotic
226218,Bounty Swiftlet,Hallowfall,Bird of Prey,,,
226252,Upland Calf,Hallowfall,Stag,,,
226291,Territorial Wasp,Hallowfall,Wasp,,,
226296,Adolescent Darkwolf <Stormscar's Pack>,Isle of Dorn,Wolf,,,
226369,Warmslink Gator,Isle of Dorn,Basilisk,,,
226381,Agitated Shalewing,The Ringing Deeps,Ray,,"Can spawn during the quest, ""Stone Tracing"".",
226386,Shimmering Peafowl,Isle of Dorn,Carrion Bird,,,
226397,Rockslab Basilisk,The Ringing Deeps,Basilisk,,,
226413,Underlit Shalewing,The Ringing Deeps,Ray,,,
226417,Furious Skipper,The Ringing Deeps,Hopper,,"Can spawn during the quest, ""Stone Tracing"".",
226421,Stonepool Skipper,The Ringing Deeps,Hopper,,,
226562,Blazefeather Peacock,Undermine,Carrion Bird,True,"This peafowl requires a large amount of money to tame! It can be spawned after completing The Perfect Wedding storyline in Undermine, beginning with Or Else and ending with Ad-Hoc Wedding Planner. After the wedding is over and the storyline is complete, gather 500,000 gold and return to Grelik Greaseguard at the Exotics Market in Bilgewater Flats (north-west of Demolition Dome). He'll now have a new dialogue option: 'Can you get me a blazefeather peacock?'. Once you agree and pay him, you can get him to summon as many tameable Blazefeather Peacocks as you want, with no extra fee. And don't worry: there should be no risk of them being attacked or tamed by other players, as only you can see them.",
226573,Cliffwalk Scavenger,The Ringing Deeps,Scorpid,,,
226625,Cave Skipper,Khaz Algar Delves,Hopper,,"Found in five delve instances: Nightfall Sanctum, Mycomancer Cavern, Fungal Folly, The Sinkhole, and Tak-Rethan Abyss.",
226636,Scaletooth Coiler,Isle of Dorn,Serpent,,,
226648,Rockwing Glider,Isle of Dorn,Ray,,,
226700,Mudstone Basilisk,The Ringing Deeps,Basilisk,,,
226881,Cragstone Ramolith,Isle of Dorn,Gruffhorn,,,
226929,Stonepool Skipper,The Ringing Deeps,Hopper,,,
227002,Siltboring Jawcrawler,Hallowfall,Worm,,,Exotic
227026,Trained Skyflayer,Azj-Kahet,Blood Beast,,Flies along the high Eastern Span walkways in the east of the zone.,Blood Beast
227027,Mereldar Swiftlet,Hallowfall,Bird of Prey,,,
227150,Immature Shalehorn,Hallowfall,Stag,,,
227198,Island Proudfeather,Isle of Dorn,Carrion Bird,,"Inhabits the largest of the three small, rocky islands off the north-east coast of Dorn. Only the blue variant makes sounds when clicked.",
227201,Tidal Sandsnapper,Isle of Dorn,Crab,,,
227202,Jeweled Flutterwing,Isle of Dorn,Moth,,,
227205,Young Jeweled Flutterwing,Isle of Dorn,Moth,,,
227247,Alpine Hawk,Isle of Dorn,Bird of Prey,,,
227255,Caverndeep Kodiak,Hallowfall,Bear,,,
227265,Kodiak Cub,Hallowfall,Bear,,,
227280,Feasting Mite,Azj-Kahet,Blood Beast,,,Blood Beast
227282,Sweetstinger Soldier,Hallowfall,Wasp,,,
227285,Sweetstinger Scout,Hallowfall,Wasp,,,
227325,Bubbling Mudskip,The Ringing Deeps,Hopper,,,
227346,Dirtsnoot Tunneler,The Ringing Deeps,Rodent,,,
227364,Disrupted Glowmite,Azj-Kahet,Moth,,,
227367,Contaminated Rockslime,Azj-Kahet,Worm,,"It seems likely this sea slug started out as an unintended tameable creature, but it was left that way!",Exotic
227369,Agitated Eel,Azj-Kahet,Serpent,,,
227373,Vicious Spiderling,Khaz Algar Delves,Spider,,"Can spawn if NPCs in delves are killed when they have the buff, 'Zekvir's Infestation' from Zekvir. Zekvir is an additional surprise encounter that can appear in any delve.",
227439,Iridescent Beetle,Hallowfall,Beetle,,,
227470,Siltbrood Jawcrawler,Hallowfall,Worm,,,Exotic
227483,Caverndeep Kodiak,Hallowfall,Bear,,,
227484,Kodiak Cub,Hallowfall,Bear,,,
227538,Ironhide Gazer,The Ringing Deeps,Basilisk,,,
227552,Immature Kodiak,Hallowfall,Bear,,,
227569,Storm-Touched Clawfiend,Siren Isle,Crab,,"Found in a special 'storm' phase of Siren Isle that you can access after completing the zone's weekly quest (by participating in activities and killing various NPCs around Siren Isle) and unlocking Special Assignment: Storm's a Brewin. Once unlocked, speak to Suzie Boltwrench at Flotsam Shoal to enter or leave the storm phase at any time, even after you complete the assignment.",
227572,Parched Scuttler,Hallowfall,Crab,,"Found in the far south of the zone, just before the Ruptured Lake entrance to Azj-Kahet, on the cliffs to the east of the river.",
227605,Immature Kodiak,Hallowfall,Bear,,,
227608,Undersea Salamanther,Hallowfall,Lizard,,,
227618,Weave Drone,Hallowfall,Beetle,,,
227627,Grandtalon Kestral,Isle of Dorn,Bird of Prey,,Possibly found in a single location: flying high over a beach to the south-east of Earthcrawl Mines and Freywold Village.,
227631,Sweetstinger Wasp,Hallowfall,Wasp,,,
227638,Sharptalon Kestral,Isle of Dorn,Bird of Prey,,,
227652,Curious Kodiak,Hallowfall,Bear,,,
227660,Sandsifting Hardshell,Siren Isle,Crab,,,
227664,Tidal Sandskitterer,Siren Isle,Crab,,,
227668,Seafeather Albatross,Siren Isle,Bird of Prey,,,
227686,Trained Parrot,Siren Isle,Bird of Prey,,,
227756,Wild Ramolith,Isle of Dorn,Gruffhorn,,,
227757,Sea Hawk,Hallowfall,Bird of Prey,,,
227771,Watchful Hyena,Undermine,Hyena,,,
227777,Sandboring Jawcrawler,Hallowfall,Worm,,,Exotic
227778,Sandgorged Jawcrawler,Hallowfall,Worm,,,Exotic
227780,Sandboring Hatchling,Hallowfall,Worm,,,Exotic
227794,Slimy Mollusc,Isle of Dorn,Carapid,,,Exotic
227799,Gull,Isle of Dorn,Bird of Prey,,Flies about the cliffs east of Cinderbrew Meadery.,
227808,Ravageling,Hallowfall,Beetle,,Spawns during combat with Ravageant.,
227933,Penumbral Shalehorn,Hallowfall,Stag,,,
227934,Penumbral Bull,Hallowfall,Stag,,,
227935,Penumbral Calf,Hallowfall,Stag,,,
227954,Gloomcliff Grizzly,Hallowfall,Bear,,,
227980,Hilltop Jawcrawler,Hallowfall,Worm,,,Exotic
227999,Penumbral Shalehorn,Hallowfall,Stag,,,
228000,Penumbral Bull,Hallowfall,Stag,,,
228012,Immature Shalehorn,Hallowfall,Stag,,,
228045,Hilltop Broodmother,Hallowfall,Worm,,,Exotic
228055,Hilltop Hatchling,Hallowfall,Worm,,,Exotic
228115,Carefree Calf,Hallowfall,Stag,,,
228120,Wary Bull,Hallowfall,Stag,,,
228153,Immature Shalehorn,Hallowfall,Stag,,,
228212,Tidewake Eel,Hallowfall,Serpent,,,
228213,Tidewake Moray,Hallowfall,Serpent,,,
228217,Wary Shalehorn,Hallowfall,Stag,,,
228427,Stagshell Swarmer,Dalaran,Beetle,,Spawned by Queensguard An'Jak Shabtir during the War Within Intro questline in Dalaran.,
228447,Highrock Cow,Hallowfall,Stag,,,
228450,Highrock Bull,Hallowfall,Stag,,,
228451,Highrock Calf,Hallowfall,Stag,,,
228465,The Captain,Undermine,Hopper,,"Spawns from the quest, ""G.E.T.A. The Captain"". It is surrounded by smaller mudskippers that act like they are part of the model, but they're lost upon taming.",
228506,Sunken River Eel,Azj-Kahet,Serpent,,,
228555,Jittery Shardling,Zuldazar,Shale Beast,,,Exotic
228556,Agitated Kaja'crawler,Zuldazar,Shale Beast,,,Exotic
228823,Undersea Salamanther,Hallowfall,Lizard,,,
228874,Penumbral Calf,Hallowfall,Stag,,,
228875,Gloomcliff Grizzly,Hallowfall,Bear,,,
228876,Gloomcliff Matriarch,Hallowfall,Bear,,,
228999,Soaring Fishhawk,Hallowfall,Bird of Prey,,,
229060,Enraged Kodiak,Hallowfall,Bear,,"Found where the rivers converge south-west of Mereldar during the quest, ""Fishing is Good for the Soul"".",
229067,Coastal Foulbiter,Hallowfall,Lizard,,,
229068,Coastal Foulbiter,Hallowfall,Lizard,,,
229072,Acidbreath Jawcrawler,Hallowfall,Worm,,,Exotic
229073,Acidbreath Hatchling,Hallowfall,Worm,,,Exotic
229074,Acidbreath Broodmother,Hallowfall,Worm,,,Exotic
229087,Mana-Flecked Crawler,Isle of Dorn,Crab,,,
229088,Scavenging Falcon,Isle of Dorn,Bird of Prey,,,
229096,Nervous Mongrel,Hallowfall,Hound,,,
229097,Nervous Mongrel,Hallowfall,Hound,,,
229098,Cowed Mongrel,Hallowfall,Hound,,,
229099,Cowed Mongrel,Hallowfall,Hound,,,
229111,Unsettled Glowmite,Azj-Kahet,Moth,,,
229117,Highrock Cow,Hallowfall,Stag,,,
229119,Highrock Calf,Hallowfall,Stag,,,
229135,Fallfisher Swiftwing,Hallowfall,Bird of Prey,,,
229167,Duskborn Mongrel,Hallowfall,Hound,,,
229170,Duskborn Darkhound,Hallowfall,Hound,,,
229172,Duskborn Mongrel,Hallowfall,Hound,,,
229179,Duskborn Pup,Hallowfall,Hound,,,
229191,Ascent Osprey,Hallowfall,Bird of Prey,,,
229205,Thickhide Jawcrawler,Hallowfall,Worm,,,Exotic
229206,Thickhide Behemoth,Hallowfall,Worm,,,Exotic
229207,Thickhide Hatchling,Hallowfall,Worm,,,Exotic
229423,Dirtcrusted Stagshell,Azj-Kahet,Beetle,,,
229522,Cliffreach Pridetalon,Siren Isle,Feathermane,,,Feathermane
229523,Sieve Spinedrifter,Azj-Kahet,Serpent,,,
229526,Agitated Pyremite,Azj-Kahet,Moth,,,
229527,Sirentusk,Siren Isle,Boar,,,
229532,Infused Stormfeather,Siren Isle,Bird of Prey,,"Found in a special 'storm' phase of Siren Isle that you can access after completing the zone's weekly quest (by participating in activities and killing various NPCs around Siren Isle) and unlocking Special Assignment: Storm's a Brewin. Once unlocked, speak to Suzie Boltwrench at Flotsam Shoal to enter or leave the storm phase at any time, even after you complete the assignment.",
229534,Stormfeather Falcon,Siren Isle,Bird of Prey,,,
229547,Shimmer Shaleshell,Azj-Kahet,Carapid,,,Exotic
229605,Deepwalking Ambusher,Azj-Kahet,Spider,,,
229617,Escaped Lynx,Hallowfall,Cat,,"Found in the wilds east of Dunelle's Kindness, down from the zone entrance from The Ringing Deeps.",
229620,Escaped Lynx,Hallowfall,Cat,,"Found in the wilds east of Dunelle's Kindness, down from the zone entrance from The Ringing Deeps.",
229622,Cliffreach Matriarch,Siren Isle,Feathermane,,,Feathermane
229638,Docile Cloudrook,Isle of Dorn,Feathermane,,"Found on Sunken Shield - a rocky island off the south-east coast of Dorn, and also on an island in the far west - in the strait between Storm's Watch and Dhar Oztan. The cloudrooks on Sunken Shield appear in all three colours, but the ones on the western island only seem to appear in the mid-grey, despite having the same NPC ID.",Feathermane
229647,Cranky Bombling,Zuldazar,Crab,,,
229650,Resourceful Bombshell,Zuldazar,Crab,,,
229666,Saltwind Pterrordax,Zuldazar,Pterrordax,,,Exotic
229668,Seawing Axebeak,Zuldazar,Bird of Prey,,,
229679,Scavenger Threadling,Azj-Kahet,Spider,,,
229688,Starved Swarmite,Azj-Kahet,Blood Beast,,"Flies high over the pit, situated in the far west of the city.",Blood Beast
229704,Docile Cloudrook,Isle of Dorn,Feathermane,,,Feathermane
229705,Docile Cloudrook,Isle of Dorn,Feathermane,,,Feathermane
229738,Coastal Skitterclaw,Zuldazar,Crab,,,
229812,Warbling Mudskip,Isle of Dorn; The Ringing Deeps; Hallowfall; Azj-Kahet,Hopper,,Has a chance to spawn when you dig up a patch of Disturbed Earth around any of the main Khaz Algar ('The War Within') zones. To unlock this you need to complete the quest Everyday I'm Snufflin in The Ringing Deeps.,
229813,Disturbed Krolusk,Isle of Dorn; The Ringing Deeps; Hallowfall; Azj-Kahet,Carapid,,Has a chance to spawn when you dig up a patch of Disturbed Earth around any of the main Khaz Algar ('The War Within') zones. To unlock this you need to complete the quest Everyday I'm Snufflin in The Ringing Deeps.,Exotic
229814,Enraged Snuffler,Isle of Dorn; The Ringing Deeps; Hallowfall; Azj-Kahet,Rodent,,Has a chance to spawn when you dig up a patch of Disturbed Earth around any of the main Khaz Algar ('The War Within') zones. To unlock this you need to complete the quest Everyday I'm Snufflin in The Ringing Deeps.,
229816,Ambushing Swarmer,Isle of Dorn; The Ringing Deeps; Hallowfall; Azj-Kahet,Blood Beast,,Has a chance to spawn when you dig up a patch of Disturbed Earth around any of the main Khaz Algar ('The War Within') zones. To unlock this you need to complete the quest Everyday I'm Snufflin in The Ringing Deeps.,Blood Beast
229817,Ambushing Swarmer,Isle of Dorn; The Ringing Deeps; Hallowfall; Azj-Kahet,Blood Beast,,Has a chance to spawn when you dig up a patch of Disturbed Earth around any of the main Khaz Algar ('The War Within') zones. To unlock this you need to complete the quest Everyday I'm Snufflin in The Ringing Deeps.,Blood Beast
229820,Wandering Scuttleshell,Isle of Dorn; The Ringing Deeps; Hallowfall; Azj-Kahet,Crab,,Has a chance to spawn when you dig up a patch of Disturbed Earth around any of the main Khaz Algar ('The War Within') zones. To unlock this you need to complete the quest Everyday I'm Snufflin in The Ringing Deeps.,
229821,Burrowing Jawcrawler,Isle of Dorn; The Ringing Deeps; Hallowfall; Azj-Kahet,Worm,,Has a chance to spawn when you dig up a patch of Disturbed Earth around any of the main Khaz Algar ('The War Within') zones. To unlock this you need to complete the quest Everyday I'm Snufflin in The Ringing Deeps.,Exotic
229836,Saltwind Hatchling,Zuldazar,Pterrordax,,,Exotic
229856,Coralclaw Ravager,Siren Isle,Lizard,,"Spawns with the rare NPC, Coralweaver Calliso. Its chain collar disappears when attacked.",
230141,Tracking Stonesniffer,Siren Isle,Boar,True,Spawns on days when Vrykul are invading the isle. Found around the central part of the isle.,
230293,Dustback Burrower,K'aresh,Carapid,,,Exotic
230359,Gritshell Krolusk,K'aresh,Carapid,,,Exotic
230365,Sand Swooper,K'aresh,Ray,,,
230377,Void-touched Hopper,K'aresh,Hopper,,,
230384,Void-touched Hoppling,K'aresh,Hopper,,,
230429,Voidglass Swooper,K'aresh,Ray,,,
230598,Sandbank Hopper,K'aresh,Hopper,,,
230830,Storm-Infused Skittersong,Siren Isle,Carapid,,"Found in a special 'storm' phase of Siren Isle that you can access after completing the zone's weekly quest (by participating in activities and killing various NPCs around Siren Isle) and unlocking Special Assignment: Storm's a Brewin. Once unlocked, speak to Suzie Boltwrench at Flotsam Shoal to enter or leave the storm phase at any time, even after you complete the assignment.",Exotic
230906,Siltwing Hunter,K'aresh,Ray,,,
230917,Briny Skipfin,The Ringing Deeps,Hopper,,,
230918,Briny Skippling,The Ringing Deeps,Hopper,,,
230919,Sporenose Burrower,The Ringing Deeps,Rodent,,,
230920,Fluttering Glowmite,The Ringing Deeps,Moth,,,
230921,Guttercrag Glowbug,The Ringing Deeps,Moth,,,
230922,Darkchasm Krolusk,The Ringing Deeps,Carapid,,,Exotic
230925,Underlight Crag Moth,The Ringing Deeps,Moth,,,
230931,Scrapbeak <Scourge of the Course>,Undermine,Waterfowl,True,,
230971,Pei-Wu Tiger,The Wandering Isle (Open Zone),Cat,,"Located in Pei-Wu Forest, The Wandering Isle (Open Zone). The Wandering Isle is open to any character on your account after you complete the Pandaren Heritage quest chain. You reach it via the same balloon you used at the start of the chain.",
230982,Dazed Crag Moth,The Ringing Deeps,Moth,,,
230983,Dazed Mothling,The Ringing Deeps,Moth,,,
230995,Nitro <Black Blood Hound>,Undermine,Hyena,True,,
231017,Grimewick,Undermine,Crab,True,,
231053,Blushleaf Wader,The Wandering Isle (Open Zone),Turtle,,"Located in Pei-Wu Forest & Wreck of the Skyseeker, The Wandering Isle (Open Zone). The Wandering Isle is open to any character on your account after you complete the Pandaren Heritage quest chain. You reach it via the same balloon you used at the start of the chain.",
231115,Explosive Cargo,Undermine,Crab,,"Has a chance of spawning when you click on Questionable Crates during the world quest, Contraband Banned. This quest is only available if you've signed a weekly contract with the Blackwater Cartel but you can choose a new contract after each weekly reset. It's also possible to get someone with access to the quest to spawn the crab for you but you'd have to tame it before it was killed.",
231146,Saltwing Petrel,The Wandering Isle (Open Zone),Bird of Prey,,Located in The Wandering Isle (Open Zone). Found in the southern portion of the Isle. The Wandering Isle is open to any character on your account after you complete the Pandaren Heritage quest chain. You reach it via the same balloon you used at the start of the chain.,
231153,Corsac Fox,The Wandering Isle (Open Zone),Fox,,"Located in The Dawning Valley, The Wandering Isle (Open Zone). The Wandering Isle is open to any character on your account after you complete the Pandaren Heritage quest chain. You reach it via the same balloon you used at the start of the chain.",
231194,Jade-Scaled Windsteed,The Wandering Isle (Open Zone),Stag,,"Located in The Dawning Valley, The Wandering Isle (Open Zone). Widespread in the northern section of the Isle. The Wandering Isle is open to any character on your account after you complete the Pandaren Heritage quest chain. You reach it via the same balloon you used at the start of the chain.",
231195,Crimson Windsteed,The Wandering Isle (Open Zone),Stag,,"Located in The Dawning Valley, The Wandering Isle (Open Zone). Widespread in the northern section of the Isle. The Wandering Isle is open to any character on your account after you complete the Pandaren Heritage quest chain. You reach it via the same balloon you used at the start of the chain.",
231217,Territorial Nibbler,Undermine,Rodent,,Can be found when digging through S.C.R.A.P. piles.,
231257,Shimmering Windsteed,The Wandering Isle (Open Zone),Stag,,"Located in Ridge of Laughing Winds, The Wandering Isle (Open Zone). Roams the ridge to the west of Pool of the Paw, south of Morning Breeze Village. The Wandering Isle is open to any character on your account after you complete the Pandaren Heritage quest chain. You reach it via the same balloon you used at the start of the chain.",
231258,Serene Windsteed,The Wandering Isle (Open Zone),Stag,,"Located in Ridge of Laughing Winds, The Wandering Isle (Open Zone). Roams the ridge to the west of Pool of the Paw, south of Morning Breeze Village. The Wandering Isle is open to any character on your account after you complete the Pandaren Heritage quest chain. You reach it via the same balloon you used at the start of the chain.",
231259,Amused Cloud Serpent,The Wandering Isle (Open Zone),Lesser Dragonkin,,Located in The Wandering Isle (Open Zone). Flies around the northern portion of the Isle. The Wandering Isle is open to any character on your account after you complete the Pandaren Heritage quest chain. You reach it via the same balloon you used at the start of the chain.,Cloud Serpent
231315,Visiting Cloud Serpent,The Wandering Isle (Open Zone),Lesser Dragonkin,,Located in The Wandering Isle (Open Zone). Flies around the center of the Isle. The Wandering Isle is open to any character on your account after you complete the Pandaren Heritage quest chain. You reach it via the same balloon you used at the start of the chain.,Cloud Serpent
231316,Whitefeather Crane,The Wandering Isle (Open Zone),Waterfowl,,"Located in The Singing Pools, The Wandering Isle (Open Zone). The Wandering Isle is open to any character on your account after you complete the Pandaren Heritage quest chain. You reach it via the same balloon you used at the start of the chain.",
231322,Lambent Waterstrider,The Wandering Isle (Open Zone),Water Strider,,"Located in The Singing Pools, The Wandering Isle (Open Zone). The Wandering Isle is open to any character on your account after you complete the Pandaren Heritage quest chain. You reach it via the same balloon you used at the start of the chain.",Exotic
231324,Watchful Cloud Serpent,The Wandering Isle (Open Zone),Lesser Dragonkin,,Located in The Wandering Isle (Open Zone). Flies around the central east and central west portions of the Isle. The Wandering Isle is open to any character on your account after you complete the Pandaren Heritage quest chain. You reach it via the same balloon you used at the start of the chain.,Cloud Serpent
231340,Inquisitive Cloud Serpent,The Wandering Isle (Open Zone),Lesser Dragonkin,,Located in The Wandering Isle (Open Zone). Flies around the western part of the Isle. The Wandering Isle is open to any character on your account after you complete the Pandaren Heritage quest chain. You reach it via the same balloon you used at the start of the chain.,Cloud Serpent
231380,Undercrawler,Operation: Floodgate (Dungeon),Spider,,"Located in The Waterworks, Operation: Floodgate (Dungeon).",
231808,Pilfering Mawrat,The Maw,Rodent,,Found only during the Midnight Prologue quest chain added in Patch 11.2.7. The involved storyline begins with a summons from Arator: Meet Arator.,
231809,Emboldened Mawrat,The Maw,Rodent,,Found only during the Midnight Prologue quest chain added in Patch 11.2.7. The involved storyline begins with a summons from Arator: Meet Arator.,
231986,Deepwater Matriarch,Siren Isle,Crab,,"Found in a special 'storm' phase of Siren Isle that you can access after completing the zone's weekly quest (by participating in activities and killing various NPCs around Siren Isle) and unlocking Special Assignment: Storm's a Brewin. Once unlocked, speak to Suzie Boltwrench at Flotsam Shoal to enter or leave the storm phase at any time, even after you complete the assignment.",
232098,"""Chowdar"" <Escaped Auction Parcel #8675308>",K'aresh,Blood Beast,True,Runs around in southeastern Scrapdrift Sands. Loses their pink heart ribbon upon taming.,Blood Beast
232106,Brightscale Wyrm,Magisters' Terrace (Midnight) (Dungeon),Serpent,,Located in Magisters' Terrace (Midnight) (Dungeon).,
232111,The Nightreaver,K'aresh,Ray,True,Can only be found while Phase Diving.,
232193,Stalker of the Wastes,K'aresh,Warp Stalker,,Can only be found while Phase Diving.,
232195,Urmag  <The Terror Below>,K'aresh,Carapid,True,Just north of Eco-Dome: Rhovan. Can only be found while Phase Diving.,Exotic
232257,Escaped Stalker,K'aresh,Warp Stalker,,,
232699,Juvenile Dustback,K'aresh,Carapid,,,Exotic
233213,Trained Thief-Hunter,K'aresh,Warp Stalker,,"Spawns during the quest, We Are Our Words.",
233254,Cliffreach Pridetalon,Siren Isle,Feathermane,,,Feathermane
233612,Dazzled Lightmoth,Undermine,Moth,,"Spawns when changing batteries during the world quest, What Plants Crave in Undermine.",
233938,George  <The Big Pinch>,Zuldazar,Crab,,"To tame this crab you need to locate and click on five large, yellow Kaja'mite Chunks in the vicinity and then quickly tame him before the effect goes away. If you try to tame him without clicking on the kaja'mite you'll be told you're unworthy.",
233939,Pterrordax Matriarch,Zuldazar,Pterrordax,,,Exotic
234197,Flametouched Ray,K'aresh,Ray,,"Spawns during the quest, Give me Fuel"".",
234292,Nesting Rat,Undermine,Rodent,,,
234779,K'aresh Cragstalker,K'aresh,Warp Stalker,,,
234780,K'aresh Stalkling,K'aresh,Warp Stalker,,,
234858,Sand Strider,K'aresh,Carapid,,,Exotic
234959,Sirentusk Piglet,Siren Isle,Boar,,,
235095,Dreaming Festive Reindeer,Old Hillsbrad Foothills (Dungeon),Stag,,"Located in Old Hillsbrad Foothills (Dungeon). This reindeer can only be found during the Feast of Winter Veil. To tame it you need to have your gear transmogged to a full, four-piece 'Festive Holiday' transmog set, including the coat, pants, boots, belt (either Red or Green - but not a mix; and the vest versions don't seem to work currently, but the shorts do). These items can be purchased from Wulmort Jinglepocket or Penney Copperpinch near Greatfather Winter in Ironforge and Orgrimmar, respectively. Alternatively, you can also use the 'Disposable Winter Veil Suits' toy, though currently the green appearance doesn't seem to work, just the red one (but you can keep swapping). If you're not using the full appearance, the reindeer cannot be seen. Inside the dungeon, the solitary reindeer can be found atop the large spur to the east of the entrance, sleeping in a tree hollow at the southern end (around 36.0,39.0). The red-nosed version is much rarer, so you may need to reset the dungeon a number of times to find one but you can '/tar dreaming festive reindeer' from a short way into the entrance tunnel (a bit past the first bend) and its portrait will reveal which appearance it has (but if you enter the instance before donning the transmog set it won't appear until you reach its location!).",
235230,Saltwind Pterrodax,Zuldazar,Pterrordax,,Spawned by the Saltwind Matriarch during combat.,Exotic
235303,Pit Prowler,Undermine,Hyena,,,
235413,Territorial Netherwasp,Voidstorm,Wasp,,,
235414,Ravenous Shredclaw,Voidstorm,Whiptail,,,Exotic
235415,Hungry Kilivore,Voidstorm,Ravager,,,
236165,Dragonhawk Mossbeak,Zul'Aman,Dragonhawk,,,
236166,Dragonhawk Plumesparker,Zul'Aman,Dragonhawk,,,
236168,Cinderdig Amazard,Zul'Aman,Lizard,,,
236169,Cinderscale Amazard,Zul'Aman,Lizard,,,
236295,Forest Lynx,Eversong Woods,Cat,,,
236346,Lightdazzled Crawler,Harandar,Serpent,,,Florafaun
236539,Giant Goldeneye,Eversong Woods,Bird of Prey,,"Found during the quest, Light Guide Us.",
236552,Lightbloat Trampler,Eversong Woods,Hydra,,,Florafaun
236560,Lucent Hookbeak,Eversong Woods,Carrion Bird,,,Florafaun
236640,Dustseeker Spiderling,Eversong Woods,Spider,,,
236645,Shadetooth Bat,Eversong Woods,Bat,,,
237201,Agitated Thorntalon,Harandar,Raptor,,,Florafaun
237204,Surly Potatoad,Harandar,Hopper,,,Florafaun
237237,Cragshell Snail,Harandar,Carapid,,,Exotic
237249,Underroot Beetle,Harandar,Beetle,,,
237258,Rock Sporebat,Harandar,Ray,,,
237282,Lil' Skipper,Undermine,Hopper,,Spawned by The Captain.,
237396,Lightbloom Hydra,Eversong Woods,Hydra,,,Florafaun
237399,Invasive Light Wyrm,Eversong Woods,Serpent,,,
237400,Displaced Lynx,Eversong Woods,Cat,,,
237402,Lightbloom Petalwing,Eversong Woods,Carrion Bird,,,Florafaun
237408,Light Wyrm,Eversong Woods,Serpent,,,
237414,Lightbloom Hydra,Eversong Woods,Hydra,,,Florafaun
237496,Lightmad Saptor,Eversong Woods,Raptor,,,Florafaun
237500,Invasive Shinesipper,Eversong Woods,Carrion Bird,,,Florafaun
237505,Overzealous Lightcrawler,Eversong Woods,Serpent,,,Florafaun
237583,Gurgling Skipper,Harandar,Hopper,,,
237590,Lightbloom Petalwing,Harandar,Carrion Bird,,,Florafaun
237633,Lightfrenzy Devourer,Eversong Woods,Serpent,,,Florafaun
237635,Lightfrenzy Tyrannosaptor,Eversong Woods,Devilsaur,,,Exotic|Florafaun
237694,Water Strider,Harandar,Water Strider,,,Exotic
237704,Cleftling Sporeglider,Harandar,Sporebat,,,
237709,Pilfering Petalwing,Harandar,Carrion Bird,,,Florafaun
237711,Petalchomper,Harandar,Direhorn,,,Direhorn|Florafaun
237750,Ramon'ta the Insatiable,K'aresh,Worm,True,"Spawns during the quest, The Void Hunter. Note that an untameable version appears early in the quest and this tameable version appears towards the end.",Exotic
237753,Void Stalker,K'aresh,Warp Stalker,,"Spawns during the quest, ""Distilled Darkness"".",
237958,Shrine Pango,Zul'Aman,Scalehide,,,
237959,Pangopup,Zul'Aman,Scalehide,,,
237960,Pango Matriarch,Zul'Aman,Scalehide,,,
238087,Agitated Wyrm,Eversong Woods,Serpent,,,
238089,Territorial Dragonhawk,Eversong Woods,Dragonhawk,,,
238162,Trench Shredclaw,Voidstorm,Whiptail,,,Exotic
238369,Whipwind Shredclaw,Voidstorm,Whiptail,,,Exotic
238478,Untethered Jawhead,K'aresh,Blood Beast,,Can only be found while Phase Diving.,Blood Beast
238488,Seething Shredclaw,Voidstorm,Whiptail,,,Exotic
238492,Gale Stormray,Voidstorm,Ray,,,
238547,Enraged K'arroc Shade,K'aresh,Bird of Prey,,Can only be found while Phase Diving. Loses Ethereal effect upon taming.,
238607,Junkyard Hyena,Undermine,Hyena,,,
238608,Trained Scrounger,Undermine,Hyena,,,
238609,Salty Snarler,Undermine,Hyena,,,
238610,Armored Growler,Undermine,Hyena,,,
238611,Off-Duty Sniffer,Undermine,Hyena,,,
238625,Escaped Bombshell,Undermine,Crab,,"Found in a sewer in Tailgate Park. The entrance is an openable sewer lid at coordinates 50.5, 41.2.",
238739,Squatter,Eversong Woods,Spider,,,
239207,Crusty Litterpicker,Undermine,Crab,,"Found in a sewer in Bilgewater Flats. The entrance is an openable sewer lid at coordinates 40.5, 28.6.",
239210,Fluorescent Trashpicker,Undermine,Crab,,"Found in a sewer near the center of Hovel Hill. The entrance is an openable sewer lid at coordinates 36.0, 37.4.",
239229,Rusty Trashnester,Undermine,Crab,,"Found in a sewer in the north-eastern edge of The Vatworks. The entrance is an openable sewer lid at coordinates 33.8, 57.5.",
239324,Escaped Subject,Undermine,Rodent,,,
239325,Radioactive Subject,Undermine,Rodent,,"This rat can be found on the roof of one of the round, green tank-like buildings in the west of The Vatworks right above the entrance to Steamwheedle Laboratories, around 28, 71. Reaching it isn't trivial but one of the most reliable methods found so far is to obtain a Back-Strapped Missile and use it to reach the roof. These reusable rockets can be found occasionally in Undermine delves, in either the end chests or mislaid curiosities. Once you have one, you can stand at an optimal distance from the building, such as the ground around 32.2, 76.7 (there's often a Noggenfogger Recall Technician on a metal platform nearby), face directly at the building and launch. It may take a few tries to get it right.",
239427,Vengeful Shredclaw,Voidstorm,Warp Stalker,,,
239461,Heinous Klaxid,Voidstorm,Scorpid,,,
239832,Enraged Thorntail Shade,K'aresh,Fox,,Can only be found while Phase Diving. Loses its ethereal effect upon taming.,
239878,Weary Matriarch,Zul'Aman,Cat,,,
239879,Riled-Up Ruffian,Zul'Aman,Cat,,,
240070,Docile Flamingo,Undermine,Waterfowl,,,
240089,Trench Shredclaw,Voidstorm,Whiptail,,,Exotic
240416,Hot-Head Lynx,Eversong Woods,Cat,,,
240495,Swarming Shinemaw,Eversong Woods,Scalehide,,,Florafaun
240511,Twilight Ray,Zul'Aman,Ray,,"Found during the Zul'Aman intro quest chain, ""Dis Was Our Land"" but disappears afterwards",
240544,Vicious Ray,Zul'Aman,Ray,,"Found during the Zul'Aman intro quest chain, ""Dis Was Our Land"" but disappears afterwards",
240577,Lightfrenzy Shinesipper,Eversong Woods,Carrion Bird,,,Florafaun
240676,Cautious Turtle,Zul'Aman,Turtle,,,
240737,Trench Stalker,Voidstorm,Whiptail,,,Exotic
241354,Void-Infused Brightscale,Magisters' Terrace (Midnight) (Dungeon),Serpent,,Located in Magisters' Terrace (Midnight) (Dungeon).,
241360,Dustback Burrower,K'aresh,Carapid,,"Found west of Eco-Dome: Primus during the world quest, Endangered Specimens.",Exotic
241363,Siltwing Hunter,K'aresh,Ray,,"Found west of Eco-Dome: Primus during the world quest, Endangered Specimens.",
241465,Swarming Shinesipper,Eversong Woods,Carrion Bird,,,Florafaun
241466,Swarming Lightsaptor,Eversong Woods,Raptor,,,Florafaun
241570,Vicious Consumptor,Voidstorm,Worm,,,Exotic
242024,The Snapping Scourge,Zul'Aman,Lizard,True,,
242028,Lightwood Borer,Zul'Aman,Wasp,True,,
242032,Oophaga <The Egg Eater>,Zul'Aman,Hopper,True,,
242034,Voidtouched Crustacean,Zul'Aman,Crab,,To the north-west of the main area. Loses its Void-corruption effect when tamed.,
242035,The Devouring Invader,Zul'Aman,Ray,True,,
242055,Blinding Thornmaw,Harandar,Scalehide,,,Florafaun
242057,Glimmering Thornmaw,Harandar,Scalehide,,,Florafaun
242165,Tearful Boar,Zul'Aman,Boar,,,
242166,Weeping Swine,Zul'Aman,Boar,,,
242167,Moody Mammoth,Zul'Aman,Mammoth,,,
242168,Jubilant Calf,Zul'Aman,Mammoth,,,
242189,Melancholy Eagle,Zul'Aman,Bird of Prey,,,
242226,Underbrush Prowler,Eversong Woods,Cat,,,
242227,Nightshade Flutterer,Eversong Woods,Bat,,,
242247,Scrapdrift Burrower,K'aresh,Carapid,,,Exotic
242260,Toxic Ridgeworm,K'aresh,Worm,,,Exotic
242351,Void-Altered Ray,K'aresh,Ray,,,
242352,Void-Altered Stinger,K'aresh,Ray,,,
242374,Void Crawler,K'aresh,Carapid,,,Exotic
242397,Hidegorger the Everburning,Zul'Aman,Dragonhawk,,,
242401,Saltleaf Snouter,Zul'Aman,Boar,,,
242402,Saltleaf Boar,Zul'Aman,Boar,,,
242403,Cascades Fenhunter,Harandar,Raptor,,,Florafaun
242440,Dragonhawk Mistswooper,Zul'Aman,Dragonhawk,,,
242520,Encroaching Mana Wyrm,Eversong Woods,Serpent,,,
242521,Encroaching Mana Wyrm,Eversong Woods,Serpent,,,
242603,Encroaching Forest Lynx,Eversong Woods,Cat,,,
242604,Encroaching Forest Lynx,Eversong Woods,Cat,,,
242750,Marrowmouth Consumptor,Voidstorm,Worm,,,Exotic
242755,Enspored Potatoad,Harandar,Hopper,,,Florafaun
242773,Agitated Rootbat,Harandar,Ray,,"Spawns during the quest, Skyglass Scavenging.",
242944,Crazed Petalwing,Harandar,Carrion Bird,,,Florafaun
242945,Coasting Petalwing,Harandar,Carrion Bird,,,Florafaun
242998,Mourning Warlynx,Hallowfall,Cat,,"Found at the base of a cliff on the north bank of the river north-east of Dunelle's Kindness, around 71.0, 39.7 (look for a path down to the river, a bit east of the bridge). This lynx is initially friendly, but when you interact to try and comfort it, it'll push you away and become tameable. It has a respawn time of around 30 minutes",
243171,Gloombelly Toad,Eversong Woods,Hopper,,,
243264,Seething Shredclaw,Voidstorm,Whiptail,,,Exotic
243532,Grazing Boar,Zul'Aman,Boar,,,
243631,Agitated Boar,Zul'Aman,Boar,,,
243658,Void-Yoked Shredclaw,Voidstorm,Whiptail,,Surrounding Obscurion Citadel. It loses its Void effect and metal collar when tamed.,Exotic
243679,Giant Eagle,Zul'Aman,Bird of Prey,,,
243770,Blossom-bound Fledgling,Harandar,Carrion Bird,,,Florafaun
243775,Blossom-bound Thiever,Harandar,Carrion Bird,,,Florafaun
243778,Torbrul,Harandar,Water Strider,,"Located in The Grudge Pit (Non-Instanced), Harandar. If it isn't present try killing the existing NPCs until it spawns.",Exotic
243780,Opportunistic Sporeglider,Harandar,Sporebat,,"Located in The Grudge Pit (Non-Instanced), Harandar.",
243864,Voidfang,Voidstorm,Whiptail,,,Exotic
244029,Bloodtrained Lynx,Eversong Woods,Cat,,Spawns during the Runestone Defense event at Tranquil Repose.,
244048,Trained Snapdragon,Eversong Woods,Lizard,,Spawns when defending the Runestone at Lightbloom Ath'Ran during the Runestone Defense event.,
244060,Displaced Hawkstrider,Eversong Woods,Tallstrider,,"Spawns during the quest, Displaced Denizens.",
244325,Toxic Potatotoad,Harandar,Hopper,,,Florafaun
244326,Toxic Potatotoadling,Harandar,Hopper,,,Florafaun
244338,Wetland Terror,Harandar,Hydra,,,Florafaun
244349,Potatotoad Brute,Harandar,Hopper,,,Florafaun
244363,Poisonous Firefly,Harandar,Moth,,,
244371,Ahl'ua Chloroceros,Harandar,Direhorn,,,Direhorn|Florafaun
244376,Ahl'ua Bull,Harandar,Direhorn,,,Direhorn|Florafaun
244533,Lucent Hookbeak,Eversong Woods,Carrion Bird,,,Florafaun
244617,Shredclaw Packhunter,Voidstorm,Whiptail,,,Exotic
244618,Hunting Netherwasp,Voidstorm,Wasp,,,
244650,Rotting Vilefeaster,Zul'Aman,Bird of Prey,,,Undead
244763,Blush Pinebeak,Zul'Aman,Bird of Prey,,,
244874,Amani Crocolisk,Zul'Aman,Crocolisk,,,
244945,Rampant Shredclaw,Voidstorm,Whiptail,,,Exotic
244946,Marauding Trigore,Voidstorm,Hydra,,,
244967,Crawling Blistercreep,Voidstorm,Blood Beast,,,Blood Beast
245041,Netherflit,Voidstorm,Wasp,,,
245044,Nightbrood,Voidstorm,Wasp,True,,
245619,Watchful Nestguard,Zul'Aman,Bird of Prey,,,
245659,Lattice Crawler,Harandar,Serpent,,,Florafaun
245897,Nether Ray,Eversong Woods,Ray,,,
245900,Giant Bat,Eversong Woods,Bat,,,
245957,Underrift Beetle,Harandar,Beetle,,,
245997,Malek'ta <The Jaws of Oblivion>,K'aresh,Worm,True,Found southeast of The Atrium. You have to jump on the ground where it's submerged to get it to spawn.,Exotic
246051,Alloyed Voidcrawler,Voidstorm,Warp Stalker,,,
246060,Stormray Ramora,Voidstorm,Ray,,,
246074,Voidtouched Hatchling,Zul'Aman,Crab,,To the north-west of the main area. Loses its Void-corruption effect when tamed.,
246103,Cascades Shimmerbug,Harandar,Moth,,,
246106,Majestic Sporeglider,Harandar,Sporebat,,"Found sporadically, perhaps only a single individual that paths the area.",
246162,Foraging Sporeglider,Harandar,Sporebat,,"Located in The Grudge Pit (Non-Instanced), Harandar.",
246365,Encroaching Lynx,Eversong Woods,Cat,,,
246459,Fortamus,Voidstorm,Hydra,,,
246574,Sungrub,Eversong Woods,Worm,,,Exotic
246580,Invasive Lynx,Eversong Woods,Cat,,,
246622,Trigore Denguard <Brood of Predaxus>,Voidstorm,Hydra,,,
246633,Harried Hawkstrider,Eversong Woods,Tallstrider,,Found running around to the south-west of Tranquillien. Loses Void effect upon taming.,
246640,Netherhunter Infestor,Voidstorm,Ray,,,
246713,Harmonious Petalwing,Harandar,Carrion Bird,,,Florafaun
246715,Aggressive Potatoad,Harandar,Hopper,,,Florafaun
246808,Decanimated Sporeglider,Harandar,Sporebat,,,
247011,Horned Frog,Zul'Aman,Hopper,,,
247090,Grumpy Chloroceros,Harandar,Direhorn,,"Spawns during the quest, Carry On, Wayward Kuri.",Direhorn|Florafaun
247111,Scavenging Biledrinker,Voidstorm,Blood Beast,,,Blood Beast
247392,Agitated Wyrm,Eversong Woods,Serpent,,,
247393,Molted Mana Wyrm,Eversong Woods,Serpent,,,
247444,Infused Klaxid,Voidstorm,Scorpid,,,
247490,Mature Comsumptor,Voidstorm,Worm,,,Exotic
247504,Wandering Mauler,Eversong Woods,Bear,,,
247505,Wandering Stalker,Eversong Woods,Cat,,,
247553,Daggerspine Snapdragon,Eversong Woods,Lizard,,,
247558,Mana Wyrm,Eversong Woods,Serpent,,,
247559,Den-Gorger Zitoc,Voidstorm,Whiptail,,Found in a cave on the northern edge of the area.,Exotic
247603,Enclave Lurker,Eversong Woods,Spider,,,
247630,Watchful Striker,Eversong Woods,Bird of Prey,,,
247649,Engorged Silk Wyrm,Eversong Woods,Serpent,,,
247772,Territorial Petalwing,Harandar,Carrion Bird,,,Florafaun
247783,Charging Chloroceros,Harandar,Direhorn,,,Direhorn|Florafaun
247807,Prowling Griefshredder,Voidstorm,Whiptail,,,Exotic
248013,Spiteful Consumptor,Voidstorm,Worm,,,Exotic
248016,Grafted Shredder,Voidstorm,Whiptail,,It loses its collar and void effect when tamed.,Exotic
248025,Kilivore Hunter,Voidstorm,Ravager,,,
248038,Ambush Consumptor,Voidstorm,Worm,,,Exotic
248070,Perturbed Petalwing,Harandar,Carrion Bird,,"Spawns during the quest, Memories in Stone.",Florafaun
248127,Peckish Beetle,Harandar,Beetle,,,
248374,Village Strongpaw,Zul'Aman,Bear,,,
248375,Agitated Guardian,Zul'Aman,Bear,,,
248424,Glimmering Stonesnail,Harandar,Carapid,,,Exotic
248428,Luminescent Cavefly,Harandar,Moth,,,
248447,Kilivore Drone,Voidstorm,Ravager,,,
248448,Territorial Consumptor,Voidstorm,Worm,,,Exotic
248460,Juvenile Crawler,Zul'Aman,Crab,,,
248470,Stalking Thorntalon,Harandar,Raptor,,,Florafaun
248471,Petalscaled Potatoad,Harandar,Hopper,,,Florafaun
248475,Preening Petalwing,Harandar,Carrion Bird,,,Florafaun
248500,Backwoods Boar,Zul'Aman,Boar,,,
248577,Rootbound Horror,Harandar,Hydra,,Summoned by various Rutaani in Harandar.,Florafaun
248598,Sporeglider Bloomterror,Harandar,Sporebat,,,
248646,Skittish Springrunner,Eversong Woods,Courser,,,
248741,Rhazul,Harandar,Whiptail,True,,Exotic
248890,Wandering Stalker,Harandar,Water Strider,,,Exotic
248906,Trigore Shard-Breaker,Voidstorm,Hydra,,,
248938,Albino Trigore,Voidstorm,Hydra,,,
248939,Blistercreep Bottomfeeder,Voidstorm,Blood Beast,,,Blood Beast
248940,Bloodthirsty Kilivore,Voidstorm,Ravager,,,
249006,Pernicious Petalwing,Harandar,Carrion Bird,,,Florafaun
249039,Lurking Stormray,Voidstorm,Ray,,,
249059,Firefly,Harandar,Moth,,,
249107,Territorial Petalwing,Harandar,Carrion Bird,,,Florafaun
249250,Thrashing Consumptor,Voidstorm,Worm,,,Exotic
249285,Salivating Saptor,Harandar,Raptor,,,Florafaun
249328,Hellebora,Harandar,Devilsaur,,,Exotic|Florafaun
249329,Toadshade,Harandar,Hydra,,,Florafaun
249332,Slewstalk,Harandar,Water Strider,,,Exotic
249343,Dionaea,Harandar,Scalehide,,,Florafaun
249358,Poisonous Passhopper,Eversong Woods,Hopper,,Found near the southern entrance to Zul'Aman.,
249359,Barkfur Bear,Eversong Woods,Bear,,Found near the southern entrance to Zul'Aman.,
249392,Nesting Silk Wyrm,Eversong Woods,Serpent,,"Spawns during the Saltheril's Haven Magisters' quest, Fit for a Magister.",
249397,Enclave Skitterer,Eversong Woods,Spider,,,
249409,Vigilant Sporeglider,Harandar,Sporebat,,,
249412,Surly Thornmaw,Harandar,Scalehide,,,Florafaun
249413,Mire Stalker,Harandar,Water Strider,,,Exotic
249417,Bloated Blistercreep,Voidstorm,Blood Beast,,,Blood Beast
249421,Venomous Mournbat,Eversong Woods,Bat,,,
249427,Chittering Kilivore,Voidstorm,Ravager,,,
249433,Predaxian Trigore,Voidstorm,Hydra,,,
249508,Teething Saptor,Harandar,Raptor,,,Florafaun
249797,Eager Thorntail,K'aresh,Fox,,Can only be found while Phase Diving.,
249798,Unusual Thorntail,K'aresh,Fox,,Found patroling the inside of Eco-Dome: Primus. Has a long respawn timer. Can only be found while Phase Diving.,
249799,Slateback Roamer,K'aresh,Stag,,Can only be found while Phase Diving.,
249806,Soaring K'aaroc,K'aresh,Bird of Prey,,"Flies around the Eco-Domes, but can only be found while Phase Diving. Requires standing on high cliffs in order to be able to get closer enough to tame them. One such cliff is northwest of The Oasis.",
249849,Ha'kalawe,Harandar,Sporebat,True,Circles the higher ground to the west of The Grudge Pit (non-instanced).,
249959,Arcane Wyrm,Eversong Woods,Serpent,,,
249962,Queen Lashtongue,Harandar,Hopper,True,,Florafaun
250024,Lightscale Nibbler,Eversong Woods,Serpent,,,
250025,Gorged Lightscale,Eversong Woods,Serpent,,,
250026,Arcane Manathirster,Eversong Woods,Serpent,,,
250028,Mana Thirster,Eversong Woods,Serpent,,,
250030,Ghostfeather Dragonhawk,Eversong Woods,Dragonhawk,,Spawns during the Runestone Defense event at Dawnstar Spire.,
250033,Springpaw Lynx,Eversong Woods,Cat,,,
250035,Ghostclaw Lynx,Eversong Woods,Cat,,,
250037,Springclaw Elder,Eversong Woods,Cat,,,
250038,Ghostclaw Elder,Eversong Woods,Cat,,,
250039,Juvenile Springpaw,Eversong Woods,Cat,,,
250040,Juvenile Ghostclaw,Eversong Woods,Cat,,,
250043,Eversong Mauler,Eversong Woods,Bear,,,
250044,Rageclaw Matriarch,Eversong Woods,Bear,,,
250045,Duskleg Lurker,Eversong Woods,Spider,,,
250046,Duskling Skitterer,Eversong Woods,Spider,,,
250047,Ghostwing Bat,Eversong Woods,Bat,,,
250048,Ghostwing Screecher,Eversong Woods,Bat,,,
250051,River Hopper,Eversong Woods,Hopper,,,
250053,Toxic Dartling,Eversong Woods,Hopper,,,
250057,Leafmuncher,Eversong Woods,Worm,,,Exotic
250061,Tideshell Crab,Eversong Woods,Crab,,,
250086,Stumpy <Terror of Harandar>,Harandar,Devilsaur,True,,Exotic|Florafaun
250091,Juvenile Swiftclaw,Zul'Aman,Cat,,,
250093,Swiftclaw Elder,Zul'Aman,Cat,,,
250094,Amani Swiftclaw,Zul'Aman,Cat,,,
250098,Veinripper Matriarch,Zul'Aman,Bear,,,
250099,Amani Mauler,Zul'Aman,Bear,,,
250100,Kapara Pup,Zul'Aman,Rodent,,,
250101,Kapara,Zul'Aman,Rodent,,,
250103,Seaside Crab,Zul'Aman,Crab,,,
250104,Crab,Zul'Aman,Crab,,,
250105,Nibbler Crab,Zul'Aman,Crab,,,
250107,Ulcerated Rotclaw,Zul'Aman,Bear,,,
250108,Rotclaw Mauler,Zul'Aman,Bear,,,
250111,Mistveil Dragonhawk,Zul'Aman,Dragonhawk,,,
250112,Mistveil Alpha,Zul'Aman,Dragonhawk,,,
250116,Mudwallow Boar,Zul'Aman,Boar,,,
250117,Tusksplitter Boar,Zul'Aman,Boar,,,
250118,Riptalon Eviscerator,Zul'Aman,Bird of Prey,,,
250120,Keen-eye Riptalon,Zul'Aman,Bird of Prey,,,
250123,Chitterfang Scurrier,Zul'Aman,Rodent,,,
250124,Chitterfang Scurrier,Zul'Aman,Rodent,,,
250125,Scavenging Chitterfang,Zul'Aman,Rodent,,,
250126,Furious Mudcoat,Zul'Aman,Wasp,,,
250127,Mudcoat Borer,Zul'Aman,Wasp,,,
250128,Buzzing Mudcoat,Zul'Aman,Wasp,,,
250141,Swamp Leaper,Zul'Aman,Hopper,,,
250142,Poisonous Hoplet,Zul'Aman,Hopper,,,
250143,Bog Hopper,Zul'Aman,Hopper,,,
250150,Terrorspine Amazard,Zul'Aman,Lizard,,,
250151,Amazard Chomper,Zul'Aman,Lizard,,,
250152,Dreadmaw Amazard,Zul'Aman,Lizard,,,
250153,Ravenous Mukleech,Zul'Aman,Worm,,,Exotic
250154,Mukleech Bloodletter,Zul'Aman,Worm,,,Exotic
250156,Wriggling Boggorm,Zul'Aman,Worm,,,Exotic
250157,Boggorm Corroder,Zul'Aman,Worm,,,Exotic
250158,Acrid Boggorm,Zul'Aman,Worm,,,Exotic
250163,Spikeshell Snapper,Zul'Aman,Turtle,,,
250164,Meandering Spikeshell,Zul'Aman,Turtle,,,
250165,Tempered Spikeshell,Zul'Aman,Turtle,,,
250167,Skimmer Nymet,Harandar,Water Strider,,,Exotic
250168,Latticewing Sporeglider,Harandar,Sporebat,,,
250169,Thornhook Saptor,Harandar,Raptor,,,Florafaun
250170,Splintclaw Saptor,Harandar,Raptor,,,Florafaun
250175,Thornhook Hunter,Harandar,Raptor,,,Florafaun
250176,Splintclaw Ravager,Harandar,Raptor,,,Florafaun
250185,Bulb-eye Potatoad,Harandar,Hopper,,,Florafaun
250193,Iridescent Petalwing,Harandar,Carrion Bird,,,Florafaun
250226,Mindrot,Harandar,Water Strider,True,,Exotic
250231,Dracaena,Harandar,Serpent,True,,Florafaun
250273,Cascade Potatoad,Harandar,Hopper,,,Florafaun
250317,Oro'ohna,Harandar,Carrion Bird,True,,Florafaun
250321,Pterrock,Harandar,Ray,True,Found in a cave in the northern edge of the area.,
250324,Rootcoil Hydra,Harandar,Hydra,,,Florafaun
250327,Underbrush Grovecrawler,Harandar,Serpent,,,Florafaun
250330,Glimmering Darter,Harandar,Moth,,,
250333,Stream Skipper,Harandar,Hopper,,,
250335,Underroot Beetle,Harandar,Beetle,,,
250339,Mosscoil Snail,Harandar,Carapid,,,Exotic
250340,Lightcursed Saptor,Harandar,Raptor,,,Florafaun
250341,Lightcursed Crawler,Harandar,Serpent,,"In the Blinding Bloom, it can be found in a cave in the south-east of the area.",Florafaun
250344,Juvenile Grovecrawler,Harandar,Serpent,,,Florafaun
250366,Burrowing Consumptor,Voidstorm,Worm,,The cave entrance is located near the Sunkiller Sanctum delve.,Exotic
250509,Smoldering Beetle,Harandar,Beetle,,,
250540,Seeking Stormray,Voidstorm,Ray,,,
250545,Stalking Shredclaw,Voidstorm,Whiptail,,,Exotic
250546,Venomous Netherwaspling,Voidstorm,Wasp,,,
250562,Consumptor,Voidstorm,Worm,,,Exotic
250582,Bloated Snapdragon,Eversong Woods,Lizard,,,
250633,Shredclaw,Voidstorm,Whiptail,,,Exotic
250635,Consumptor,Voidstorm,Worm,,,Exotic
250637,Shredclaw,Voidstorm,Whiptail,,,Exotic
250638,Trigore,Voidstorm,Hydra,,,
250822,Intruding Shinesipper,Eversong Woods,Carrion Bird,,"Spawns during the quest, And Then They Came.",Florafaun
250824,Lightfrenzied Devourer,Eversong Woods,Serpent,,"Spawns during the quest, And Then They Came.",Florafaun
250826,Banuran,Eversong Woods,Hopper,True,,
250876,Terrinor,Eversong Woods,Bat,True,,
251251,Skittering Underroot Beetle,Harandar,Beetle,,,
251339,Ornery Winebat,Eversong Woods,Bat,,,
251394,Hungry Scalebiter,Zul'Aman,Lizard,,,
251455,Ambershade Matriarch,Eversong Woods,Cat,,,
251457,Ambershade Lynx,Eversong Woods,Cat,,,
251459,Ambershade Kitten,Eversong Woods,Cat,,,
251460,Lightscale Dragonhawk,Eversong Woods,Dragonhawk,,,
251462,Sunset Clacker,Eversong Woods,Crab,,,
251464,Meadowstep Hawkstrider,Eversong Woods,Tallstrider,,,
251468,Listless Mana Wyrm,Eversong Woods,Serpent,,,
251548,Deeprock Snail,Harandar,Carapid,,,Exotic
251550,Cavern Sporebat,Harandar,Ray,,,
251552,Cascade Chloroceros,Harandar,Direhorn,,,Direhorn|Florafaun
251561,Cascade Bull,Harandar,Direhorn,,,Direhorn|Florafaun
251562,Groveherd Chloroceros,Harandar,Direhorn,,,Direhorn|Florafaun
251563,Groveherd Bull,Harandar,Direhorn,,,Direhorn|Florafaun
251593,Infected Beast,The Grudge Pit (Delve),Lizard,,Located in The Grudge Pit (Delve).,
251705,Hungry Hatchling,Zul'Aman,Crab,,,
251724,Sporegorger Choloroceros,Harandar,Direhorn,,,Direhorn|Florafaun
251756,Kipkip <Spore Storm>,Harandar,Sporebat,,"Located in The Grudge Pit (Non-Instanced), Harandar. Spawns during the quest, To the Ring.",
251758,Vonto <Spore Storm>,Harandar,Sporebat,,"Located in The Grudge Pit (Non-Instanced), Harandar. Spawns during the quest, To the Ring.",
251825,Shimmerspore Hatchling,Harandar,Moth,,,
251914,Voracious Thornmaw,Harandar,Scalehide,,,Florafaun
251915,Foraging Potatoad,Harandar,Hopper,,,Florafaun
251916,Insatiable Saptor,Harandar,Raptor,,,Florafaun
252107,Encroaching Shredclaw,Voidstorm,Whiptail,,,Exotic
252108,Encroaching Packleader,Voidstorm,Whiptail,,,Exotic
252151,Basincrawler Grub,Eversong Woods,Worm,,,Exotic
252221,King Crab,Zul'Aman,Crab,,,
252222,Carnivorous Crab,Zul'Aman,Crab,,,
252466,Razorshell Ravager,Torment's Rise (Delve),Ravager,,Located in Torment's Rise (Delve). Spawns during combat with Nullaeus.,
252526,Yoked Pangolin,Eversong Woods,Scalehide,,,
252682,Hoarding Klaxid,Voidstorm,Scorpid,,,
252683,Scavenging Netherwasp,Voidstorm,Wasp,,,
252684,Marrowmaw Kilivore,Voidstorm,Ravager,,,
252693,Agitated Springpaw,Eversong Woods,Cat,,"Appears during the ""Void Rift: Tranquil Repose"" Void Strike event.",
252773,Binli  <Glow Guard >,Harandar,Sporebat,,"Located in The Grudge Pit (Non-Instanced), Harandar. Found during the quest, Not-yet Defeated Champions.",
252836,Sunset Stag,Eversong Woods,Stag,,,
252837,Sunset Doe,Eversong Woods,Stag,,,
252847,Drooling Thornbloom,Harandar,Hydra,,,Florafaun
252851,Ancient Devilsaptor,Harandar,Devilsaur,,,Exotic|Florafaun
252994,Paint-Crazed Firefly,Harandar,Moth,,"Found during the quest, The Stroke of Storms.",
252997,Paint-Crazed Potatoad,Harandar,Hopper,,"Found during the quest, The Stroke of Storms.",Florafaun
252998,Paint-Crazed Skipper,Harandar,Hopper,,"Found during the quest, The Stroke of Storms.",
253128,Sanguineous Blistercreep,Voidstorm,Blood Beast,,,Blood Beast
253165,Steeljaw Trigore,Voidstorm,Hydra,,,
253173,Keen-eye Riptalon,Zul'Aman,Bird of Prey,,,
253179,Razorshell Ravager,Midnight Delves,Ravager,,Can spawn as a part of a Nemesis group only during the first season of Midnight Delves.,
253238,Lightcursed Petalwing,Harandar,Carrion Bird,,,Florafaun
253305,Poison Dart Frog,Atal'Aman (Delve),Hopper,,Located in Atal'Aman (Delve).,
253315,Juvenile Chloroceros,Harandar,Direhorn,,,Direhorn|Florafaun
253316,Violet Chloroceros,Harandar,Direhorn,,Loses flower on back when tamed.,Direhorn|Florafaun
253397,Slithering Grovecrawler,Harandar,Serpent,,,Florafaun
253499,Bluffs Hornet,Zul'Aman,Wasp,,Found just west outside of Maisara Deeps.,
253558,Adzikel <The Hidden Light>,Harandar,Serpent,,,Florafaun
253620,Netherwasp Drone,Voidstorm,Wasp,,,
253850,Juvenile Ghostclaw,Eversong Woods,Cat,,,
253881,Glimmering Petalwing,Harandar,Carrion Bird,,,Florafaun
253923,Sunset Doe,Eversong Woods,Stag,,,
253939,Springpaw Lynx,Eversong Woods,Cat,,,
253950,Crimson Bloodfeather,Eversong Woods,Dragonhawk,,,
253959,Arcane Manathirster,Eversong Woods,Serpent,,,
253970,Crimson Bloodfeather,Eversong Woods,Dragonhawk,,,
253985,Bloodfeather Dragonhawk,Eversong Woods,Dragonhawk,,,
253993,Scaley Scratcher,Zul'Aman,Scalehide,,,
254053,Sunset Stag,Eversong Woods,Stag,,,
254198,Kelp Crab,Zul'Aman,Crab,,,
254203,Scavenging Stalker,Harandar,Water Strider,,"Located in The Grudge Pit (Non-Instanced), Harandar.",Exotic
254241,Juvenile Springpaw,Eversong Woods,Cat,,,
254313,Ghostfeather Dragonhawk,Eversong Woods,Dragonhawk,,,
254361,Ghostclaw Elder,Eversong Woods,Cat,,,
254363,Ghostclaw Lynx,Eversong Woods,Cat,,,
254576,Stalking Shredclaw,Voidstorm,Whiptail,,,Exotic
254577,Spiteful Shredclaw,Voidstorm,Whiptail,,,Exotic
254581,Mature Dunedweller,Voidstorm,Worm,,,Exotic
254582,Dunedweller Consumptor,Voidstorm,Worm,,,Exotic
254608,Seeking Stormray,Voidstorm,Ray,,,
254610,Ghostfeather Alpha,Eversong Woods,Dragonhawk,,,
254628,Mountain Rocktalon,Eversong Woods,Bird of Prey,,,
254629,Mountain Rocktalon,Eversong Woods,Bird of Prey,,,
254646,Rocktalon Scavenger,Eversong Woods,Bird of Prey,,,
254681,Venomous Netherwasp,Voidstorm,Wasp,,,
254682,Venomous Netherwaspling,Voidstorm,Wasp,,,
254690,Elder Mournbat,Eversong Woods,Bat,,,
254709,Prowling Voidstalker,Eversong Woods,Warp Stalker,,Appears during various Void Strike events in Eversong.,
254720,Frenzied Klaxid,Eversong Woods,Scorpid,,Appears during various Void Strike events in Eversong.,
254732,Giant Duskwing,Eversong Woods,Bat,,,
254795,Toxic Dartling,Eversong Woods,Hopper,,Found south of the Horde entrance to Silvermoon City.,
254815,Rageclaw Matriarch,Eversong Woods,Bear,,Found near the southern entrance to Zul'Aman.,
254818,Duskling Skitterer,Eversong Woods,Spider,,,
254969,Prowl Crawler,Zul'Aman,Crab,,,
254970,Bloodletter Kilivore,Voidstorm,Ravager,,,
254972,Void-Bloated Wyrm,Eversong Woods,Serpent,,Appears during various Void Strike events on Sunstrider Isle.,
254974,Ravenous Kilivore,Voidstorm,Ravager,,,
255022,Pango Behemoth,Zul'Aman,Scalehide,,,
255042,Riptalon Eviscerator,Zul'Aman,Bird of Prey,,,
255055,Wrathshell Consumptor,Midnight Delves,Worm,,Can spawn as a part of a Nemesis group only during the first season of Midnight Delves.,Exotic
255079,Opportunistic Grovecrawler,Harandar,Serpent,,"Found during the quest, Re-Hydra-ted.",Florafaun
255122,Plump Chitterfang,Zul'Aman,Rodent,,,
255136,Kapara,Zul'Aman,Rodent,,,
255137,Juvenile Swiftclaw,Zul'Aman,Cat,,,
255139,Wallows Mukleech,Zul'Aman,Worm,,,Exotic
255140,Veinripper Matriarch,Zul'Aman,Bear,,,
255141,Spiny Leechling,Zul'Aman,Worm,,,Exotic
255142,Mudcoat Stingling,Zul'Aman,Wasp,,,
255148,Arcane Wyrmling,Eversong Woods,Serpent,,,
255154,Boggorm Recluse,Zul'Aman,Worm,,,Exotic
255194,Void-Singed Wyrmling,Eversong Woods,Serpent,,"Appears during the ""Voidstrider Isle"" Void Strike event.",
255217,Swiftclaw Elder,Zul'Aman,Cat,,,
255220,Amani Swiftclaw,Zul'Aman,Cat,,,
255264,Mistveil Alpha,Zul'Aman,Dragonhawk,,,
255302,Duskburn <The Void-Gorged>,Eversong Woods,Serpent,True,,
255348,Dame Bloodshed,Eversong Woods,Cat,True,,
255354,Starving Shredclaw,Voidstorm,Whiptail,,,Exotic
255355,Trigore Primarch,Voidstorm,Hydra,,,
255511,Voidcraven Consumptor,Voidstorm,Worm,,,Exotic
255514,Shardstinger Klaxid,Voidstorm,Scorpid,,,
255709,Reinfused Felwyrm,Murder Row (Dungeon),Serpent,,"Located in Murder Row (Dungeon). Spawned from an Empty Felwyrm Core (purchased from an vendor in the instance). Once you use it, you place it down on the ground (only in the instance), and requires a Warlock or Demon Hunter to infuse it with Fel, spawning the Felwyrm.",
255749,Tusksplitter Boar,Zul'Aman,Boar,,,
255752,Amani Mauler,Zul'Aman,Bear,,,
255764,Mammoth Calf,Zul'Aman,Mammoth,,,
255765,Mammoth,Zul'Aman,Mammoth,,,
255847,Paint-Crazed Thornmaw,Harandar,Scalehide,,"Found during the quest, The Stroke of Storms.",Florafaun
255871,Lightbloom Crawler,Harandar,Serpent,,,Florafaun
255876,Lightsick Sporeglider,Harandar,Sporebat,,,
255886,Sand Swooper,K'aresh,Ray,,Found only during the Midnight Prologue quest chain added in Patch 11.2.7. The involved storyline begins with a summons from Arator: Meet Arator.,
255917,Tide Skimmer,Razorwing Shores,Ray,,,
255918,Fathom Ray,Founder's Point,Ray,,,
255957,Corrupted Ray,Ritual Site: Broken Throne (Scenario),Ray,,Located in Ritual Site: Broken Throne (Scenario). Appears during the Broken Throne Ritual Site event.,
255971,Lightmaddened Chloroceros,Harandar,Direhorn,,,Direhorn|Florafaun
255977,Lightblighted Thornmaw,Harandar,Scalehide,,,Florafaun
256056,Luminescent Hatchling,Harandar,Moth,,,
256057,Shimmering Darter,Harandar,Moth,,,
256060,Plodding Potatoad,Harandar,Hopper,,,Florafaun
256061,Scavenging Sporeglider,Harandar,Sporebat,,,
256075,Roving Thornmaw,Harandar,Scalehide,,,Florafaun
256095,Lightcursed Petalwing,Harandar,Carrion Bird,,Found flying around the western edge of the area.,Florafaun
256104,Plodding Potatoad,Harandar,Hopper,,,Florafaun
256193,Grotto Firefly,Harandar,Moth,,,
256195,Grotto Darter,Harandar,Moth,,,
256204,Glowing Firefly,Harandar,Moth,,,
256225,Rootforage Beetle,Harandar,Beetle,,,
256227,Tiny Cavern Skipper,Harandar,Hopper,,,
256230,Barkborn Petalwing,Eversong Woods,Carrion Bird,,,Florafaun
256234,Ravaging Hydra,Harandar,Hydra,,,Florafaun
256246,Fungal Sporewing,Harandar,Sporebat,,,
256268,Cleftstalker Saptor,Harandar,Raptor,,,Florafaun
256303,Vivid Gladebeetle,Harandar,Beetle,,,
256304,Vivid Gladebeetle,Harandar,Beetle,,,
256324,Riverbuzz Beetle,Harandar,Beetle,,,
256344,Mistskitter Beetle,Harandar,Beetle,,"Located in The Grudge Pit (Non-Instanced), Harandar.",
256345,Mistskitter Beetle,Harandar,Beetle,,"Located in Vale of Mists & The Grudge Pit (Non-Instanced), Harandar.",
256349,Mistskitter Beetle,Harandar,Beetle,,"Located in The Grudge Pit (Non-Instanced), Harandar.",
256353,Valesoar Petalwing,Harandar,Carrion Bird,,"Located in The Grudge Pit (Non-Instanced), Harandar.",Florafaun
256354,Valesoar Petalwing,Harandar,Carrion Bird,,"Located in The Grudge Pit (Non-Instanced), Harandar.",Florafaun
256357,Vale Sporeglider,Harandar,Sporebat,,"Located in Vale of Mists & The Grudge Pit (Non-Instanced), Harandar. Also found in the higher area to the west of The Grudge Pit.",
256361,Valeflutter Firefly,Harandar,Moth,,"Located in The Grudge Pit (Non-Instanced), Harandar.",
256364,Misthop Potatoad,Harandar,Hopper,,,Florafaun
256365,Valeflow Skipper,Harandar,Hopper,,,
256368,Valeskimmer,Harandar,Water Strider,,,Exotic
256380,Vale Fogstalker,Harandar,Water Strider,,,Exotic
256381,Vale Sporeglider,Harandar,Sporebat,,,
256417,Seekmist Hatchling,Harandar,Moth,,,
256537,Sporewake Skimmer,Harandar,Water Strider,,,Exotic
256540,Groveherd Bull,Harandar,Direhorn,,,Direhorn|Florafaun
256541,Groveheard Chloroceros,Harandar,Direhorn,,,Direhorn|Florafaun
256545,Iridescent Petalwing,Harandar,Carrion Bird,,,Florafaun
256606,Voltaic Trigore,Voidstorm,Hydra,,,
256608,Invasive Consumptor,Voidstorm,Worm,,,Exotic
256609,Voracious Shredclaw,Voidstorm,Whiptail,,,Exotic
256671,Iridescent Petalwing,Harandar,Carrion Bird,,,Florafaun
256695,Mature Rootcrawler,Harandar,Serpent,,,Florafaun
256700,Rootcrawler,Harandar,Serpent,,,Florafaun
256713,Lightcursed Petalwing,Harandar,Carrion Bird,,,Florafaun
256715,Bloomskitter Beetle,Harandar,Beetle,,,
256766,Rootforage Beetle,Harandar,Beetle,,,
256770,Bilemaw the Gluttonous <Apex Predator>,Voidstorm,Whiptail,True,,Exotic
256805,Valesoar Petalwing,Harandar,Carrion Bird,,,Florafaun
256834,Resplendent Hawkstrider,Eversong Woods,Tallstrider,,,
256835,Refulgent Hawkstrider,Eversong Woods,Tallstrider,,,
256836,Glistening Hawkstrider,Eversong Woods,Tallstrider,,,
256841,Resplendent Hawkstrider,Eversong Woods,Tallstrider,,,
256843,Glistening Hawkstrider,Eversong Woods,Tallstrider,,,
256844,Gleaming Hawkstrider,Eversong Woods,Tallstrider,,Possibly only found as a couple of isolated individuals: one north of Fairbreeze Village and one in the woods a fair way east of East Sanctum and south of Farstrider Hold.,
256847,Gleaming Hawkstrider,Eversong Woods,Tallstrider,,"Only known to occur as a single individual that runs along the beach to the west of Lightbloom Ath'Ran and south of Sunset Strand, by a larger number of Glistening Hawkstriders.",
256851,Golden Hopper,Eversong Woods,Hopper,,,
256853,Radiant Dartling,Eversong Woods,Hopper,,,
256854,Radiant Dartling,Eversong Woods,Hopper,,,
256857,Roving Springrunner,Eversong Woods,Courser,,,
256858,Skittish Springrunner,Eversong Woods,Courser,,Found at Tranquil Repose (a glade west of Tranquillien) and also to the north-west of the southern entrance to Zul'Aman.,
256860,Roving Springrunner,Eversong Woods,Courser,,,
256862,Brilliant Hawkstrider,Eversong Woods,Tallstrider,,,
256870,Smoldering Beetle,Harandar,Beetle,,,
256878,Opportunistic Petalwing,Harandar,Carrion Bird,,,Florafaun
256898,Soaring Petalwing,Harandar,Carrion Bird,,"Found in various, very high-up places throughout the zone.",Florafaun
256903,Soaring Petalwing,Harandar,Carrion Bird,,,Florafaun
256914,Lightmad Saptor,Eversong Woods,Raptor,,,Florafaun
256923,Bane of the Vilebloods,Voidstorm,Blood Beast,,,Blood Beast
257088,Shardstinger Klaxid,Voidstorm,Scorpid,,,
257110,Crystalback Klaxid,Voidstorm,Scorpid,,,
257122,Barbscale Voidcrawler,Voidstorm,Warp Stalker,,,
257127,Barbtooth Bloodtracker,Midnight Delves,Whiptail,,Can spawn as a part of a Nemesis group only during the first season of Midnight Delves.,Exotic
257136,Crystalback Klaxid,Voidstorm,Scorpid,,,
257140,Spitesting Netherwasp,Voidstorm,Wasp,,,
257149,Spitesting Hatchling,Voidstorm,Wasp,,,
257150,Spitesting Netherwasp,Voidstorm,Wasp,,,
257154,Abasi Snapper,Zul'Aman,Turtle,,,
257155,Abasi Croaker,Zul'Aman,Hopper,,,
257181,Ridgecrawler Consumptor,Voidstorm,Worm,,,Exotic
257182,Mature Ridgecrawler,Voidstorm,Worm,,,Exotic
257185,Insatiable Consumptor,Voidstorm,Worm,,,Exotic
257219,Hatesting Hatchling,Voidstorm,Wasp,,,
257221,Hatesting Netherwasp,Voidstorm,Wasp,,,
257240,Ripfang Stalker,Voidstorm,Whiptail,,,Exotic
257241,Ripfang Shredclaw,Voidstorm,Whiptail,,,Exotic
257244,Vicious Shredclaw,Voidstorm,Whiptail,,,Exotic
257246,Roaming Shredclaw,Voidstorm,Whiptail,,,Exotic
257253,Slumbering Bear,Zul'Aman,Bear,,,
257265,Crazed Crawler,Zul'Aman,Crab,,"Spawns during the quest, Crab Clues.",
257271,Gorging Consumptor,Voidstorm,Worm,,,Exotic
257360,Mukleech Bloodletter,Zul'Aman,Worm,,,Exotic
257363,Ravenous Mukleech,Zul'Aman,Worm,,,Exotic
257371,Primal Trigore,Voidstorm,Hydra,,,
257428,Poisonous Hoplet,Zul'Aman,Hopper,,,
257445,Agitated Voidcrawler,Voidstorm,Warp Stalker,,,
257491,Mukleech Bloodletter,Zul'Aman,Worm,,"Found hidden in a bear den in the centre of the Leech Bog, around 41.2, 59.7. A swarm of these will appear when you approach the corpses in the back of the cave.",Exotic
257506,Juvenile Pango,Zul'Aman,Scalehide,,,
257507,Juvenile Pango,Zul'Aman,Scalehide,,,
257508,Juvenile Pango,Zul'Aman,Scalehide,,,
257511,Foraging Pango,Zul'Aman,Scalehide,,,
257512,Foraging Pango,Zul'Aman,Scalehide,,,
257513,Foraging Pango,Zul'Aman,Scalehide,,,
257514,Foraging Pango,Zul'Aman,Scalehide,,,
257515,Territorial Pango,Zul'Aman,Scalehide,,,
257516,Territorial Pango,Zul'Aman,Scalehide,,,
257517,Territorial Pango,Zul'Aman,Scalehide,,,
257518,Territorial Pango,Zul'Aman,Scalehide,,,
257519,Mirebeak Dragonhawk,Zul'Aman,Dragonhawk,,,
257520,Mirebeak Alpha,Zul'Aman,Dragonhawk,,,
257523,Stonemaw Amazard,Zul'Aman,Lizard,,,
257524,Razorspine Amazard,Zul'Aman,Lizard,,,
257525,Amazard Gnasher,Zul'Aman,Lizard,,,
257526,Amazard Gnawer,Zul'Aman,Lizard,,,
257527,Cragspine Amazard,Zul'Aman,Lizard,,,
257528,Whiptail Amazard,Zul'Aman,Lizard,,,
257529,Stonemaw Amazard,Zul'Aman,Lizard,,,
257530,Razorspine Amazard,Zul'Aman,Lizard,,,
257575,Hungering Stormray,Voidstorm,Ray,,,
257740,Infested Shredclaw,Voidstorm,Whiptail,,,Exotic
257765,Insatiable Consumptor,Voidstorm,Worm,,,Exotic
257830,Deeplurk Snapdragon,Ritual Site: Daggerspine Point (Scenario),Lizard,,Located in Ritual Site: Daggerspine Point (Scenario). Appears during the Daggerspine Point Ritual Site event.,
257880,Backwoods Boar,Zul'Aman,Boar,,,
257881,Backwoods Boar,Zul'Aman,Boar,,,
257898,Siphoning Blistercreep,Voidstorm,Blood Beast,,,Blood Beast
257942,Carefree Pango,Zul'Aman,Scalehide,,,
257945,Stinger Matriarch,Zul'Aman,Wasp,,,
257946,Stinger Hatchling,Zul'Aman,Wasp,,,
258069,Mudwallow Boar,Zul'Aman,Boar,,,
258070,Tusksplitter Boar,Zul'Aman,Boar,,,
258073,Tusksplitter Boar,Zul'Aman,Boar,,,
258090,Bulb-eye Potatoad,Harandar,Hopper,,,Florafaun
258190,Lightcursed Crawler,Harandar,Serpent,,,Florafaun
258215,Kapara,Zul'Aman,Rodent,,"Found to the north of Shadebasin Watch. Only found during the quest, A Quiet Walk Interrupted.",
258216,Kapara Pup,Zul'Aman,Rodent,,"Found to the east of Shadebasin Watch. Only found during the quest, A Quiet Walk Interrupted.",
258269,Voidsated Consumptor,Voidstorm,Worm,,"Requires the quest, ""Buried in the Dark"" to access.",Exotic
258510,Hateleech Blistercreep,Voidstorm,Blood Beast,,,Blood Beast
259106,Hal'hadar Leystalker,Eversong Woods,Warp Stalker,,"This warp stalker appears during several Void Assaults in Zul'Aman and Eversong Woods, if Hal'hadar ethereals are present. Void Assaults switch between the two zones weekly. A good source in ZA is the Void Incursion event that occurs at Speaker's Rest when the zone's Void Assaults tally reaches 100%. During this event, the Hal'hadar Leystalkers are stealthed but easily detected by hunters. An event in Eversong where they occur is the ""Cryptic Operations"" Void Strike in the crypts at the southern end of the Zeb'Nowa ruins (in the far south-east of the zone, south-west of the entrance to Zul'Aman). This strike appears to be less frequent than most so you may have to clear a number of them before it pops, but when it does be quick to tame one as other players engaging with the event will probably kill them quickly.",
259914,Tortured Dragonhawk,Ritual Site: Broken Throne (Scenario),Dragonhawk,,Located in Ritual Site: Broken Throne (Scenario). Appears during the Broken Throne Ritual Site event.,
259955,Murderous Mudcoat,Zul'Aman,Wasp,,"Appears during the ""Battery Rush: Maisara Deeps"" Void Strike event.",
259960,Perturbed Pango,Zul'Aman,Scalehide,,"Appears during the ""Battery Rush: Maisara Deeps"" Void Strike event.",
260031,Latticewing Sporeglider,Harandar,Sporebat,,Latticewing Sporegliders with this ID patrol the zone in a small pack.,
260954,Vicious Trigore,Eversong Woods,Hydra,,Appears during various Void Strike events in Eversong.,
260988,Frost Crawler,Val,Spider,,,
261085,Invasive Crystalback,Val,Scorpid,,,
261125,Shoreline Scuttler,Zul'Aman,Crab,,,
261126,Blueblood Crawler,Zul'Aman,Crab,,,
261337,Voidsinged Hawkstrider,Eversong Woods,Tallstrider,,"Appears during the 'Tranquil Repose' and 'South Eversong Woods' Void Strike events in Eversong Woods. Only one of these beasts seems to appear at a time but another may spawn as the event continues. These events only occur when Void Assaults are set in Eversong Woods, which is every second week. Void Strike locations seem to cycle randomly, so keep completing them until one of these two appears.",
261681,Costal Greenhead,Zul'Aman,Wasp,,,
261682,Fiery Yellowjacket,Zul'Aman,Wasp,,,
261981,Rime Worm,Val,Worm,,,Exotic
262321,Depthstalker Snapdragon,Ritual Site: Daggerspine Point (Scenario),Lizard,,Located in Ritual Site: Daggerspine Point (Scenario). Appears during the Daggerspine Point Ritual Site event.,
263617,Void-Touched Snapdragon,Ritual Site: Daggerspine Point (Scenario),Lizard,,Located in Ritual Site: Daggerspine Point (Scenario). There's a chance of summoning this snapdragon while running the Daggerspine Point Ritual Site. This instance is open every second week in Eversong Woods (check for the purple ritual site mark on the zone map) and is soloable. Inside the instance you can find occasional piles of Washed Up Kelp. Interacting with these has a chance of spawning a Void-Touched Snapdragon (which can also drop a mount of the same name).,
265254,Hal'hadar Leystalker,Naigtal,Warp Stalker,,,
