npc_id,npc_name,zone_id,layer,uiMapId,uiMapName,coords
704,Ragged Timber Wolf,6176,0,427,Coldridge Valley,"33.6,75.2|33.8,74|34.2,73.2|34.4,72|35.6,78.6|36.8,85|37.6,83|39.4,76.2|40.8,76.2|44.2,81.6|45,84.4|45.8,58.8|46.2,61|46.2,63|46.6,57.6|47.2,59.8|47.2,61|47.4,62.4|47.8,56.4|47.8,60.6|48,62.6|49,65.8|49.4,60.6|50,60.2|50.4,63.6|50.8,74.8|51.2,57.6|51.2,62.8|51.4,74|51.6,62|52.4,60.4|52.6,58|52.6,60.6|52.6,66.4|53.2,59.4|53.4,59.8|53.6,59.2|53.6,66.2|54,60.2|54.2,61.2|54.4,70|54.6,71.8|54.8,63.6|55,55.6|55.8,71|58.4,64.4|59.4,62|60,62.4|61.2,68|61.2,68.6|69.8,65|72,66.2"
705,Ragged Young Wolf,6176,0,427,Coldridge Valley,"22.4,57.6|22.8,57.6|24.6,38.4|24.8,59|25,31.8|25,41.2|25.2,50.2|25.2,57.2|25.2,60.4|25.8,33.2|25.8,34|26,32.2|26,44.6|26.2,44|26.2,59.8|26.4,41.2|26.4,43|26.6,44.8|26.8,42.6|27,33.2|27,44.2|27.2,49.2|27.6,48.4|27.8,33.4|27.8,45|27.8,49.6|28,32.4|28.6,49.4|29,51.4|29.2,33.8|29.4,52|34.6,73.2|36.2,71.2|36.2,72|36.8,71.8|40.6,30.8|42,26.4|43,26.6|43.2,26.4|43.2,29|43.2,33.2|43.4,36|43.4,36.6|43.6,26.4|43.6,26.6|43.8,34.6|43.8,74.6|44,28.4|44,36.4|44,38.6|44,74|44.2,30.8|44.2,37|44.4,30.2|44.4,32.2|44.4,37.8|44.4,72.8|44.6,28.4|44.6,34.6|44.6,36|44.6,37.8|44.6,38.6|44.8,40.4|44.8,72.8|44.8,73.8|45,71.4|45,72.4|45.2,29.6|45.2,36.6|45.2,74.6|45.4,52.8|45.6,34.8|45.8,29.6|45.8,36.2|46,28.2|46,36.6|46.4,55.6|46.6,56.6|46.6,57.6|46.8,50.2|47,39.2|47,51.4|47.2,38|47.2,56.4|47.8,55.2|48,51.4|48.2,53.2|48.2,54|48.4,37.6|48.4,55.6|48.6,54.4|48.6,55.2|48.8,51.8|48.8,55.6|49.2,37.6|49.2,40.2|49.4,37.2|49.4,53.2|49.6,33.6|49.6,58.4|49.8,56.6|49.8,66.2|50,40.8|50.2,37|50.2,53|50.2,70.6|50.4,54.6|50.4,55.8|50.4,68.4|50.6,54.2|50.8,41.4|50.8,57.2|50.8,71|51,33.4|51,36.4|51.2,37.6|51.2,39.4|51.2,52.2|51.2,56|51.2,69.6|51.4,34.2|51.4,36.6|51.4,54.6|51.8,35.2|52.2,40|53.2,34.4|53.6,32|53.8,56.6|54.2,35.6|54.2,74.6|54.4,34.4|54.8,36.2|55.2,34|55.2,51.2|55.2,57|55.4,31.8|55.4,35.2|55.4,36.6|55.4,53.4|55.4,55.8|55.6,35|55.6,56.8|56,32.2|56,34.2|56,55.2|56.2,33.4|56.2,56.2|56.6,33.6|56.6,55.8|56.8,32.6|56.8,52.6|57.4,32.2|57.4,55.4|57.6,55.8|57.6,56.6|58.2,32.8|58.6,57|59,56|59,74.8|59.8,58|60,55|60.6,66.4|61.2,62.4|61.2,67.2|61.4,62.6|61.4,69.2|61.8,60.6|65,73.6|68.8,63.4|69.6,57.6|70.4,30|71,29.6|71,30.6|71.2,58.6|71.6,58.4|72,29|75,53|75.2,64|77.4,44.6|77.8,41|78.2,30.6|78.2,56|78.6,47"
708,Small Crag Boar,6176,0,427,Coldridge Valley,"25,63|32,41|34.8,59.2|37.8,57.6|40.2,42.4|42.2,32|43,28|44.2,39.8|44.8,33.2|45.4,55.6|45.8,30.2|46.8,32.8|46.8,40.2|47.6,28.8|47.8,52.6|48.4,39.8|48.8,51.8|50.2,32.2|50.4,27.2|51,52.6|52.4,60.6|53.2,59.2|53.4,51.4|55.2,39.2|55.8,39.4|56,49|56.4,39.6|56.6,39.6|57,39.4|57.2,36.8|57.4,46|58.6,61.4|62.6,63|64.2,47.8|70,52.6"
1688,Night Web Matriarch,6454,12,465,Deathknell,"18.6,46.8|20.6,39.6|22.2,40.2|27.8,29.6|29.4,30.4|29.4,31.2|29.6,30|29.6,30.8|29.8,28.4|30.4,26.8|30.8,27.8"
1994,Githyiss the Vile,141,2,58,Shadowthread Cave,"42,23.2|43.2,24.2|43.4,20.4|44,26.6|44.2,26.2|44.2,28.2|44.4,30.8|45,23.4|47,25.2|52,26"
2350,Forest Creeper,2367,0,274,Old Hillsbrad Foothills,
2350,Forest Creeper,7107,0,623,Hillsbrad Foothills (Southshore vs. Tarren Mill),
2354,Vicious Gray Bear,2367,0,274,Old Hillsbrad Foothills,
2385,Foothill Stalker,2367,0,274,Old Hillsbrad Foothills,
2408,Snapjaw,2367,0,274,Old Hillsbrad Foothills,
2635,Elder Snapjaw Crocolisk,33,0,50,Northern Stranglethorn,
3633,Deviate Slayer,17,20,10,Northern Barrens,"46.6,29.6|46.8,26.4|47.4,29|49.2,39.8|49.4,41.6|50.2,56.2|50.4,55.4|51,54.2|52.8,23.6|56.8,25.4|64.8,57.4|73,16|78.8,39|79.2,37.4|80,39.2"
3634,Deviate Stalker,17,20,10,Northern Barrens,"19.4,52.8|20.6,53.4|24.6,58.8|25.2,57|25.8,58.8|26.2,56.8|28,73|29.6,54.8|30.2,71.2|30.6,69.4|34.6,56.4|35,56.6|51,53.8|52.6,22.8|80,39.2"
3636,Deviate Ravager,718,0,279,Wailing Caverns,
3637,Deviate Guardian,718,0,279,Wailing Caverns,
3652,Trigore the Lasher,17,20,10,Northern Barrens,"60.4,38.6|60.4,40.6|60.6,40.8|61,41.6|61.6,41.2|61.8,40|62,38.8|62.2,42|62.4,37.4"
3680,Serpentbloom Snake,718,0,279,Wailing Caverns,
3812,Clattering Crawler,719,0,221,Blackfathom Deeps,"14.6,14.2"
3864,Fel Steed,209,0,310,Shadowfang Keep,
4660,Maraudine Bonepaw,405,0,66,Desolace,
4861,Shrike Bat,1337,0,230,Uldaman,
4863,Jadespine Basilisk,1337,0,230,Uldaman,
5048,Deviate Adder,718,0,279,Wailing Caverns,
5053,Deviate Crocolisk,718,0,279,Wailing Caverns,
5056,Deviate Dreadfang,718,0,279,Wailing Caverns,
5291,Hakkari Frostwing,1477,0,220,The Temple of Atal'Hakkar,
5755,Deviate Viper,718,0,279,Wailing Caverns,
5756,Deviate Venomwing,718,0,279,Wailing Caverns,
5762,Deviate Moccasin,718,0,279,Wailing Caverns,
5912,Deviate Faerie Dragon,718,0,279,Wailing Caverns,
6021,Boar Spirit,491,0,301,Razorfen Kraul,
6215,Chomper,721,0,226,Gnomeregan,
7022,Venomlash Scorpid,1337,0,230,Uldaman,
7078,Cleft Scorpid,1337,0,230,Uldaman,
7268,Sandfury Guardian,1176,0,219,Zul'Farrak,
7269,Scarab,1176,0,219,Zul'Farrak,
7405,Deadly Cleft Scorpid,1337,0,230,Uldaman,
8095,Sul'lithuz Sandcrawler,1176,0,219,Zul'Farrak,
8120,Sul'lithuz Abomination,1176,0,219,Zul'Farrak,
8138,Sul'lithuz Broodling,1176,0,219,Zul'Farrak,
8336,Hakkari Sapper,1477,0,220,The Temple of Atal'Hakkar,
8440,Shade of Hakkar,1477,0,220,The Temple of Atal'Hakkar,
8443,Avatar of Hakkar,1477,0,220,The Temple of Atal'Hakkar,"24.3,45.9"
8886,Deviate Python,718,0,279,Wailing Caverns,
8921,Bloodhound,1584,0,242,Blackrock Depths,
8922,Bloodhound Mastiff,1584,0,242,Blackrock Depths,
8925,Dredge Worm,1584,0,242,Blackrock Depths,
8926,Deep Stinger,1584,0,242,Blackrock Depths,
8927,Dark Screecher,1584,0,242,Blackrock Depths,
8928,Burrowing Thundersnout,1584,0,242,Blackrock Depths,
8932,Borer Beetle,1584,0,242,Blackrock Depths,
8933,Cave Creeper,1584,0,242,Blackrock Depths,
9042,Verek,1584,0,243,Blackrock Depths,
9416,Scarshield Worg,1583,4,252,Blackrock Spire,"38,47.5|46.7,43.4"
9696,Bloodaxe Worg,1583,5,254,Blackrock Spire,39.6 60.1|39.8 67.4|52.2 79.3
9696,Bloodaxe Worg,1583,6,255,Blackrock Spire,"56.4,60.4"
9701,Spire Scorpid,1583,5,252,Blackrock Spire,39.3 63.1
9701,Spire Scorpid,1583,5,254,Blackrock Spire,"40,70.6"
10177,Spire Scarab,1583,5,252,Blackrock Spire,38.0 63.9
10177,Spire Scarab,1583,5,254,Blackrock Spire,40.0 70.6
10220,Halycon,1583,5,254,Blackrock Spire,"37.7,83.4|37.9,84"
10221,Bloodaxe Worg Pup,1583,5,254,Blackrock Spire,"38.6,82.7"
10268,Gizrul the Slavener,1583,5,254,Blackrock Spire,"37.7,83.4|39.4,79.3"
10375,Spire Spiderling,1583,2,250,Blackrock Spire,62.4 71.0
10375,Spire Spiderling,1583,2,251,Blackrock Spire,"53.4,75.7"
10376,Crystal Fang,1583,0,251,Blackrock Spire,
10596,Mother Smolderweb,1583,2,251,Blackrock Spire,"60.1,75|62,74.1"
10981,Frost Wolf,2597,0,91,Alterac Valley,
10981,Frost Wolf,10458,0,1537,Alterac Valley,
10990,Alterac Ram,2597,0,91,Alterac Valley,
10990,Alterac Ram,10458,0,1537,Alterac Valley,
11671,Core Hound,2717,0,232,Molten Core,
11672,Core Rager,2717,0,232,Molten Core,
11673,Ancient Core Hound,2717,0,232,Molten Core,
11787,Rock Borer,405,22,66,Desolace,"22.8,29.8|22.8,30.6|23.2,31.8|23.2,32.6|24.8,18.8|27.8,33|28.2,34.2|28.4,36.4|28.6,35|29.8,36.8|31.2,29.8|31.8,38|32.4,36.4|33.4,32|34.8,41.2|34.8,42.8|34.8,43.8|35.8,46.4|35.8,50.6|36,42.4|36.2,24.2|36.2,48.2|36.4,44.4|36.6,22.4|37,35|37,45|37.4,23.4|38.2,26.8|38.4,31|39.4,37.8|40.4,17.8|40.4,37.8|40.8,40.8|40.8,42.8|41,39.6|41.4,14.6|42,41.2|43,17.2|43,46.4|45.4,32|45.6,31.4|46.2,33.6|46.4,31.6|46.4,48.4|46.8,46.6|47,45.4|47.4,55.6|47.6,55.6|47.8,46.6|48,57.8|48.4,57.2|48.6,55.8|48.6,57.8|48.8,57"
11787,Rock Borer,2100,22,68,Maraudon,"22.8,29.8|22.8,30.6|23.2,31.8|23.2,32.6|24.8,18.8|27.8,33|28.2,34.2|28.4,36.4|28.6,35|29.8,36.8|31.2,29.8|31.8,38|32.4,36.4|33.4,32|34.8,41.2|34.8,42.8|34.8,43.8|35.8,46.4|35.8,50.6|36,42.4|36.2,24.2|36.2,48.2|36.4,44.4|36.6,22.4|37,35|37,45|37.4,23.4|38.2,26.8|38.4,31|39.4,37.8|40.4,17.8|40.4,37.8|40.8,40.8|40.8,42.8|41,39.6|41.4,14.6|42,41.2|43,17.2|43,46.4|45.4,32|45.6,31.4|46.2,33.6|46.4,31.6|46.4,48.4|46.8,46.6|47,45.4|47.4,55.6|47.6,55.6|47.8,46.6|48,57.8|48.4,57.2|48.6,55.8|48.6,57.8|48.8,57"
11788,Rock Worm,405,22,66,Desolace,"22.6,28.4|23,29.4|23.2,31.2|23.4,37.2|24.2,29|27.8,32.8|28.8,37.6|29.4,34.4|29.4,36.6|31.2,29.8|32.2,29.6|33,37.2|33.2,39|33.4,31.8|34,23.2|34.4,36|34.4,44.8|34.6,46.2|35,44.4|35.4,45|35.6,23.4|36.4,23.8|36.6,23.2|36.8,45.8|37,24|37.2,44.4|37.4,29.2|37.6,30.6|38,41.6|38.8,36.2|39,42.6|40,29.2|40.2,40.2|40.6,42.8|43.2,15.6|44.4,43.6|44.8,29.4|45,30.8|45.4,31.6|45.6,29.8|45.8,32.2|45.8,33.2|46,47.2|46.6,31.2|46.6,48.2|46.8,45.2|47.4,47|47.6,47.6|47.8,46.4|48,47|48.2,57.4|48.4,55.4|48.4,56|48.6,56.2|48.6,57.2|48.8,46|48.8,57.6"
11788,Rock Worm,2100,22,68,Maraudon,"22.6,28.4|23,29.4|23.2,31.2|23.4,37.2|24.2,29|27.8,32.8|28.8,37.6|29.4,34.4|29.4,36.6|31.2,29.8|32.2,29.6|33,37.2|33.2,39|33.4,31.8|34,23.2|34.4,36|34.4,44.8|34.6,46.2|35,44.4|35.4,45|35.6,23.4|36.4,23.8|36.6,23.2|36.8,45.8|37,24|37.2,44.4|37.4,29.2|37.6,30.6|38,41.6|38.8,36.2|39,42.6|40,29.2|40.2,40.2|40.6,42.8|43.2,15.6|44.4,43.6|44.8,29.4|45,30.8|45.4,31.6|45.6,29.8|45.8,32.2|45.8,33.2|46,47.2|46.6,31.2|46.6,48.2|46.8,45.2|47.4,47|47.6,47.6|47.8,46.4|48,47|48.2,57.4|48.4,55.4|48.4,56|48.6,56.2|48.6,57.2|48.8,46|48.8,57.6"
11789,Deep Borer,2100,0,281,Maraudon,
12207,Thessala Hydra,2100,0,281,Maraudon,
12418,Gordok Hyena,2557,0,234,Dire Maul,"61.4,29.4|61.4,29.6|61.6,28.8|61.6,31|61.8,28.2|61.8,31.8|62.4,27|62.4,32.6|62.6,27|63.2,31.8|63.4,28.8|63.4,30.8|63.6,29.2|63.6,30.4|63.6,30.6"
13036,Gordok Hound,2557,0,234,Dire Maul,
13323,Subterranean Diemetradon,2100,0,281,Maraudon,
13596,Rotgrip,2100,2,281,Maraudon,"41.3,81.7"
13599,Stolid Snapjaw,2100,0,281,Maraudon,
13676,Stabled Alterac Ram,10458,0,1537,Alterac Valley,
14020,Chromaggus,2677,4,290,Blackwing Lair,"39.4,72.6"
14283,Stormpike Owl,2597,0,91,Alterac Valley,
14283,Stormpike Owl,10458,0,1537,Alterac Valley,
14370,Cadaverous Worm,2557,0,234,Dire Maul,
14398,Eldreth Darter,2557,0,234,Dire Maul,
15168,Vile Scarab,3429,0,247,Ruins of Ahn'Qiraj,
15229,Vekniss Soldier,3428,0,319,Ahn'Qiraj,
15230,Vekniss Warrior,3428,0,319,Ahn'Qiraj,
15233,Vekniss Guardian,3428,0,319,Ahn'Qiraj,
15235,Vekniss Stinger,3428,0,319,Ahn'Qiraj,
15236,Vekniss Wasp,3428,0,319,Ahn'Qiraj,
15240,Vekniss Hive Crawler,3428,0,319,Ahn'Qiraj,
15300,Vekniss Drone,3428,0,319,Ahn'Qiraj,
15316,Qiraji Scarab,3428,0,319,Ahn'Qiraj,
15317,Qiraji Scorpion,3428,0,319,Ahn'Qiraj,
15318,Hive'Zara Drone,3429,0,247,Ruins of Ahn'Qiraj,
15319,Hive'Zara Collector,3429,0,247,Ruins of Ahn'Qiraj,
15320,Hive'Zara Soldier,3429,0,247,Ruins of Ahn'Qiraj,
15323,Hive'Zara Sandstalker,3429,0,247,Ruins of Ahn'Qiraj,
15325,Hive'Zara Wasp,3429,0,247,Ruins of Ahn'Qiraj,
15327,Hive'Zara Stinger,3429,0,247,Ruins of Ahn'Qiraj,
15336,Hive'Zara Tail Lasher,3429,0,247,Ruins of Ahn'Qiraj,
15461,Shrieker Scarab,3429,0,247,Ruins of Ahn'Qiraj,
15462,Spitting Scarab,3429,0,247,Ruins of Ahn'Qiraj,
15509,Princess Huhuran,3428,1,319,Ahn'Qiraj,"43.5,50.3"
15510,Fankriss the Unyielding,3428,1,319,Ahn'Qiraj,"62.2,21.8"
15511,Lord Kri,3428,1,319,Ahn'Qiraj,"28.4,49.7"
15521,Hive'Zara Hatchling,3429,0,247,Ruins of Ahn'Qiraj,
15543,Princess Yauj,3428,1,319,Ahn'Qiraj,"28.4,49.7"
15544,Vem,3428,1,319,Ahn'Qiraj,"28.4,49.7"
15621,Yauj Brood,3428,0,319,Ahn'Qiraj,
15622,Vekniss Borer,3428,0,319,Ahn'Qiraj,
15630,Spawn of Fankriss,3428,1,319,Ahn'Qiraj,"59.8,20.8|60.2,21.4|60.8,18.4|60.8,18.6|61.2,19.2|61.2,21.6|63.2,19.4|63.4,19.6|63.6,19.4|63.6,19.6"
15718,Ouro Scarab,3428,0,319,Ahn'Qiraj,
15932,Gluth,3456,1,162,Naxxramas,"46.2,43.8"
15962,Vekniss Hatchling,3428,1,319,Ahn'Qiraj,"59.8,20.8|60.8,18.6|63.6,19.6"
15974,Dread Creeper,3456,0,163,Naxxramas,
15975,Carrion Spinner,3456,0,163,Naxxramas,
15976,Venom Stalker,3456,0,163,Naxxramas,
16170,Coldmist Stalker,3457,0,350,Karazhan,
16171,Coldmist Widow,3457,0,350,Karazhan,
16173,Shadowbat,3457,0,350,Karazhan,
16174,Greater Shadowbat,3457,0,350,Karazhan,
16175,Vampiric Shadowbat,3457,0,350,Karazhan,
16176,Shadowbeast,3457,0,350,Karazhan,
16177,Dreadbeast,3457,0,350,Karazhan,
16178,Phase Hound,3457,0,350,Karazhan,
16179,Hyakiss the Lurker,3457,1,350,Karazhan,"59.6,28.7"
16180,Shadikith the Glider,3457,1,350,Karazhan,"59.6,28.7"
16181,Rokad the Ravager,3457,1,350,Karazhan,"59.6,28.7"
16491,Mana Feeder,3457,0,358,Karazhan,
16492,Syphoner,3457,0,358,Karazhan,
16698,Corpse Scarab,3456,2,163,Naxxramas,"29.8,43.8|30.2,48.2|30.2,48.8|30.4,45.2|30.6,48.8|31,51.4|31.2,46.4|31.4,44.8|31.4,46.8|31.6,49.6|32.2,44.8"
16992,Dreadtusk,3483,,100,Hellfire Peninsula,
17280,Shattered Hand Warhound,3562,0,347,Hellfire Ramparts,
17447,The Kurken,3524,3,97,Azuremyst Isle,"56.4,43.6|56.8,43.8|57.2,41.6|57.6,43.6|59,42.4|59.8,41.2|61,39.4|61.6,37.4|64,31.2"
17669,Rabid Warhound,3714,0,246,The Shattered Halls,
17731,Fen Ray,3716,0,262,The Underbog,
17732,Lykul Wasp,3716,0,262,The Underbog,
17952,Darkwater Crocolisk,2366,0,273,The Black Morass,
18155,Bloodfalcon,3847,0,266,The Botanica,
18982,Sable Jaguar,2366,0,273,The Black Morass,
18983,Blackfang Tarantula,2366,0,273,The Black Morass,
19428,Cobalt Serpent,3791,0,258,Sethekk Halls,
19429,Avian Darkhawk,3791,0,258,Sethekk Halls,
19632,Lykul Stinger,3716,0,262,The Underbog,
20038,Phoenix-Hawk Hatchling,3845,0,334,Tempest Keep,
20039,Phoenix-Hawk,3845,0,334,Tempest Keep,
20783,Porfus the Gem Gorger,3523,,109,Netherstorm,
20906,Phase-Hunter,3848,0,271,The Arcatraz,
21128,Coilfang Ray,3717,0,265,The Slave Pens,
21246,Serpentshrine Sporebat,3607,0,332,Serpentshrine Cavern,
21250,Pink Elekk,1584,0,243,Blackrock Depths,
21891,Avian Ripper,3791,0,258,Sethekk Halls,
21904,Avian Warhawk,3791,0,259,Sethekk Halls,
22056,Coilfang Strider,3607,0,332,Serpentshrine Cavern,
22299,Spore Strider,3716,0,262,The Underbog,
22884,Leviathan,3959,1,340,Black Temple,"34.4,19"
22885,Dragon Turtle,3959,0,340,Black Temple,
22946,Shadowmoon War Hound,3959,0,341,Black Temple,
23035,Anzu,3791,2,259,Sethekk Halls,"32.6,54.5"
23132,Brood of Anzu,3791,2,259,Sethekk Halls,"30.4,54.4|30.4,55.4|30.4,56|30.4,56.6|30.4,57.6|30.4,58.6|31,55.4|31,61.6|31,63.8|31.2,54.4|31.4,52.2|31.4,53.2|31.4,56|31.4,57.4|31.4,58|31.4,58.6|31.4,60|31.4,60.6|31.4,62.6|31.6,51|31.8,52.2|32.4,53.2|32.4,54.4|32.4,55.4|32.4,56.4|32.4,56.8|32.4,57.8|32.4,59.4|32.4,59.8|32.4,61.2|32.4,61.8|32.4,62.6|32.4,63.8|32.4,64.6|32.6,52.2|32.6,53.4|32.6,54.4|32.6,54.8|32.6,55.8|32.6,56.8|32.6,57.8|32.6,59.4|32.6,60.2|32.6,60.6|32.6,61.8|32.6,63|32.6,63.6|32.6,64.6|33.6,55.4|33.6,63.6|33.8,55.6|33.8,60.4|33.8,62.8|34,61|34,62|34.6,56|34.6,61.8|34.6,63|34.8,61.4|35.4,60.4"
23204,Vakkiz the Windrager,3519,,108,Terokkar Forest,
23232,Mutant War Hound,3959,0,342,Black Temple,
24064,Amani Lynx Cub,3805,0,333,Zul'Aman,
24138,Tamed Amani Crocolisk,3805,0,333,Zul'Aman,
24761,Brightscale Wyrm,4131,2,349,Magisters' Terrace,"52.4,20.2|52.6,20.2|53.8,20.2|55.4,20.2|55.6,20.2|56.6,20.2|56.8,23.2|56.8,24|56.8,24.6|57,22.2|57.4,26.6|57.6,26.4|58.4,26.8|58.6,26.8"
25867,Sunblade Dragonhawk,4075,0,335,Sunwell Plateau,
26271,Emaciated Mammoth Bull,5844,0,399,Hour of Twilight,
26293,Hulking Jormungar,5844,0,399,Hour of Twilight,
26483,Dragonbone Condor,5844,0,399,Hour of Twilight,
26622,Drakkari Bat,4196,0,160,Drak'Tharon Keep,
26625,Darkweb Recluse,4196,0,160,Drak'Tharon Keep,
26628,Drakkari Scytheclaw,4196,0,160,Drak'Tharon Keep,
26641,Drakkari Gutripper,4196,0,160,Drak'Tharon Keep,
26672,Bloodthirsty Tundra Wolf,1196,0,136,Utgarde Pinnacle,
26730,Mage Slayer,4265,0,129,The Nexus,
26824,Drakkari Raptor Mount,4196,0,160,Drak'Tharon Keep,
27483,King Dred,4196,1,160,Drak'Tharon Keep,"61.2,86.2"
27642,Phantasmal Mammoth,4228,0,142,The Oculus,
29630,Fanged Pit Viper,4416,0,153,Gundrak,
29637,Crafty Snake,4416,1,153,Gundrak,"58.8,46.6|59.4,46.4|61.2,49.2"
29713,Slad'ran Constrictor,4416,0,153,Gundrak,
29735,Savage Worg,206,0,133,Utgarde Keep,
29838,Drakkari Rhino,4416,0,153,Gundrak,
29931,Drakkari Rhino,4416,0,153,Gundrak,
30423,Disembodied Jormungar,67,,120,The Storm Peaks,
30664,Azure Mage Slayer,4415,0,168,The Violet Hold,
30963,Azure Mage Slayer,4415,0,168,The Violet Hold,
31010,Azure Mage Slayer,4415,0,168,The Violet Hold,
34034,Swarming Guardian,4273,2,149,Ulduar,"53.6,74.4"
37025,Stinky,4812,0,190,Icecrown Citadel,
37217,Precious,4812,0,190,Icecrown Citadel,
38154,Warhawk,4812,0,190,Icecrown Citadel,
38305,Gorishi Fledgling Colossus,490,14,78,Un'Goro Crater,"54.4,58.2|55.2,76.8|55.8,70.4|59.2,52.8|60.4,52.6|61.6,68|61.8,67.4|62.6,56"
39440,Venomous Skitterer,4945,0,297,Halls of Origination,
39444,Pit Viper,4945,1,297,Halls of Origination,"54.4,60.4|54.4,65.6|55.2,63|55.2,65.4|55.8,63|55.8,63.6|56,62.4|56,63|56,63.6|56.2,61.6|56.4,59.6|56.4,61.4|56.4,64.6|56.4,66|56.6,63|56.8,60.6|56.8,60.8|56.8,65.2|57.2,60|57.2,60.2|57.2,65.8|57.2,66|57.4,66.6|57.6,59.4|57.6,65.4|57.6,66.2|57.6,66.4|57.6,66.6|57.8,59.6|57.8,60.2|57.8,60.6"
40310,Blistering Scarab,4945,1,297,Halls of Origination,"76.4,49.4|76.4,49.6|76.6,49.6|77,49"
40458,Jeweled Scarab,4945,2,298,Halls of Origination,"41.4,50|42.2,49.2|42.2,50.6|42.4,48|42.4,49.6|42.4,50|42.4,50.8|42.4,51.8|43,48.4|43,49.4|43,50.6|43.2,48.4|43.2,49.2|43.2,49.6|43.2,49.8|43.2,50.8|43.2,51.6|43.4,47.2|43.6,47.4|43.6,49.4|43.6,49.6|43.6,50.6|43.8,48.4|43.8,49.6|43.8,50.6|43.8,51.6|44,48.4|44,49.4|44,51.6|44.6,48.4|44.6,48.6|44.6,49.4|44.6,49.6|44.6,49.8|44.6,50.6|44.6,50.8|44.8,47.8|45.6,49.4"
41212,Void Wyrm,4945,3,299,Halls of Origination,"61.8,52|61.8,53.6|62,52.4|62,52.6|62,53.2|62.4,46.6|62.4,47.2|62.6,46.2|62.6,46.8|62.6,47|62.6,53.2|63,49.4|63.8,52.6|64,50.2|64,50.8|64.2,50.6|64.4,45.8|64.4,53.4|64.6,48|64.6,53.6|64.8,45.2|64.8,52|64.8,53|65,45|65,46.4|65,53.4|65,54.4|65.2,44.4|65.2,48.8|65.2,50|65.4,46.6|65.4,49.2|65.4,49.6|65.6,49.6"
41374,Void Wyrm,4945,3,299,Halls of Origination,"59.2,48.8|59.2,49.8|59.6,49|59.8,49.6|59.8,50.8|60.6,50.2|61.4,49.4"
42556,Jeweled Scarab,4945,1,297,Halls of Origination,"73.4,49.2|73.6,49.6|76,49.6|77.2,49.8|80.4,49.6"
43296,Chimaeron,5094,2,286,Blackwing Descent,"24.5,70.2"
43658,Frenzied Crocolisk,5396,0,277,Lost City of the Tol'vir,
44180,Viper,8581,0,858,Assault on Broken Shore,"40.2,67.6|42.2,72.4|44.2,73.6|48.8,56.4|49.6,56|49.6,70.4|51.4,53.8|51.8,67.2|52,52.4|52.2,66|52.2,68.4|53,63.2|53,65.6|53.2,67.8|53.6,65.4|53.6,65.6|55.2,51.2|57.8,46.2|57.8,47|58.2,49"
45096,Tamed Tol'vir Prowler,5396,0,277,Lost City of the Tol'vir,
47079,Lava Scarab,5334,1,294,The Bastion of Twilight,"52,45|52,47.8|52.4,47.2|52.6,46.4|52.8,44|54.2,41.8|54.4,44.4|54.4,45.2|55.4,39|55.4,44.4|55.4,45.6|55.4,46.8|55.4,47.8"
47720,Camel,5396,0,277,Lost City of the Tol'vir,
48440,Mining Monkey,1581,0,291,The Deadmines,
48441,Mining Monkey,1581,0,291,The Deadmines,
48447,Monstrous Parrot,1581,0,292,The Deadmines,
48448,Albino Eyegouger,1581,0,292,The Deadmines,
48449,Brilliant Macaw,1581,0,292,The Deadmines,
48450,Sunwing Squawker,1581,0,292,The Deadmines,
48451,Ol' Beaky,1581,0,292,The Deadmines,
50815,Skarr,5733,0,338,Molten Front,"33,52.2|33.2,52.6|33.6,52.2|33.6,52.6|36.8,34.8"
50815,Skarr,9526,0,1004,Kings' Rest,
50839,Chromehound,25,16,33,Blackrock Mountain,"35.6,60.8|36,49.6|37.2,66|37.6,66.6|38.2,44.6|38.8,42.6|40.4,40.2|40.6,40.2|40.8,73.2|41.6,73.2|42.4,74.8|43,76|43.2,76.6|43.6,36|44.2,36.6|44.4,76.6|44.6,37.6|44.6,75|45,36|45.4,76.4|45.6,36.4|46.4,35|46.4,78.8|46.8,77.6|47.4,36|48,78.6|48.8,35|50,35.2|50.6,78.6|51,35.6|54.4,35.8|54.6,76.2|55.2,35.6|56.2,76|57,36.4|57.2,36.8|57.8,38|58,38.6|59.6,41.4|61,43.4|62,44.8|62.8,46.6"
50843,Portent,9525,0,1039,Shrine of the Storm,
52085,Razzashi Adder,1977,0,233,Zul'Gurub,"43,29|43.4,27.8|44,27.4|44,27.6"
52157,Ohgan,1977,0,233,Zul'Gurub,"59.4,80.2|60.2,79.4|60.4,80.2|60.4,80.6|60.6,79.4|60.6,80.4|60.6,80.6"
52345,Pride of Bethekk,1977,0,233,Zul'Gurub,
52373,Florawing Needler,1977,0,233,Zul'Gurub,
52375,Florawing Needler,1977,0,233,Zul'Gurub,
52376,Florawing Needler,1977,0,233,Zul'Gurub,
52377,Florawing Needler,1977,0,233,Zul'Gurub,
52379,Venomtip Needler,1977,0,233,Zul'Gurub,"35.4,46.6|36,46.4|36,46.6|36.6,46.4|37.2,46.8|37.8,47.4|38.4,48.4|38.4,48.6|38.6,48.4|39.4,49.2|39.6,49.2|40.4,49.6|40.6,49.4|40.6,49.6|43.8,50.8"
52402,Venomtooth,1977,0,233,Zul'Gurub,"47.4,52.8|47.6,52.8|48.4,52.4|48.4,53.6|48.4,55.2|48.6,52.4|48.6,53.4|48.6,53.6|48.6,55|48.6,56.4|48.8,57.4|49.8,55.4|49.8,55.8|50,53.6|50.2,53.4|51.2,53|51.8,53.4|51.8,54|52.8,58"
52413,Zulian Gnasher,1977,0,233,Zul'Gurub,
52418,Lost Offspring of Gahz'ranka,1977,0,233,Zul'Gurub,
52441,Curious Jungle Monkey,1977,0,233,Zul'Gurub,
52442,Florawing Hive Queen,1977,0,233,Zul'Gurub,
53206,Hell Hound,5723,0,367,Firelands,
53414,Magic Hunter,4265,1,129,The Nexus,"18.8,51.6|19,54|19.2,53.2|19.8,48|20,55|20.2,47.4|20.2,55.8|20.6,55.6|20.6,56.6|21.2,46.8|21.4,44.8|21.4,46|21.6,45.4|21.6,46|26.2,67.2|26.2,69.4|26.4,69.6|26.6,70|27,66.6|27.4,69.4|27.6,65.6|27.8,67.8|28.2,69.4|28.4,69.8|28.6,68|29,70.6"
53414,Magic Hunter,5786,0,370,The Nexus,
53614,Ceredos,5786,0,370,The Nexus,
53694,Riplimb,5723,0,367,Firelands,
53695,Rageface,5723,0,367,Firelands,
53704,Corsac Fox,7902,0,709,The Wandering Isle,"47.2,28.6|48,27.8|48.8,25.2|49.2,25.6|49.2,28.2|49.2,29|49.8,24.8|49.8,29.6|50,24.2|50.4,25.6|50.6,24.4|50.6,27.2|50.8,26|52,17.8|52.2,21.4|52.2,22|52.6,22.4|52.8,18.2|53,25.2|53.2,30|53.6,30.4|53.6,33|53.8,17.8|54.4,26|54.6,25.8|55.4,29|55.4,29.8|55.8,26.6|56.6,26.4|56.6,30.4|58.6,29.4|59.2,27.8"
54517,Time-Twisted Shadowtalon,5789,0,401,End Time,
54688,Time-Twisted Nightsaber,5789,4,401,End Time,"49.2,28.2"
54699,Time-Twisted Nightsaber,5789,0,401,End Time,"64.6,83.4|66.6,81.4|66.6,81.6"
54700,Time-Twisted Nightsaber,5789,0,401,End Time,"64.6,83.4|66.6,81.4|66.6,81.6"
55946,Pei-Wu Tiger,7902,0,709,The Wandering Isle,"43.6,64.8|44,67.8|46.4,68.4|46.6,68.2|47,70.4|53.6,69.2|53.6,74.4|54.8,72.6|55.2,71.8|56.4,72.4|59,73.4"
56401,Greenstone Nibbler,5785,7,371,The Jade Forest,"33.2,64.2|38.8,73.8|47,79|48.8,64.2|52.4,38.4"
56404,Greenstone Gorger,5785,7,371,The Jade Forest,"34.4,74.6|36.4,39.8|39,21.6|42.4,79.8|55.6,65.8"
56754,Azure Serpent,5918,0,443,Shado-Pan Monastery,"64.9,69.1"
56877,Raigonn,5976,1,437,Gate of the Setting Sun,"44.1,60.6"
57797,Corsac Fox,7902,0,709,The Wandering Isle,"49,26.4|50,30.8|51.4,30.2|51.6,30|53.2,33.2|54.2,29.2|54.2,34.2|58,28.8"
58459,Ashweb Weaver,6051,0,417,Temple of Kotmogu,"44.2,50.2"
58674,Angry Hound,6052,1,431,Scarlet Halls,"39.6,86|41.2,85"
58876,Starving Hound,6052,0,431,Scarlet Halls,
59309,Obedient Hound,6052,0,431,Scarlet Halls,
59700,Northwind Hawk,5840,2,390,Vale of Eternal Blossoms,"22.2,44.2|22.6,41.6|29.6,57.6|55,82.2|59,74.4|62.2,74|69.8,53|72,45.4"
59700,Northwind Hawk,6141,2,392,Shrine of Two Moons,"20.4,45.6|21.2,46.8|23.4,42.8|24.6,47.2|26.6,56|29.2,59.4|33.8,71.4|58.6,73.2|59.8,75|60.2,74.4|60.8,75.2|62.6,73|62.8,72.2|65,38|66.6,47|66.6,57.8|67.6,42|68.2,47.2|73,41.4"
59915,Jasper Guardian,6125,1,471,Mogu'shan Vaults,"45.9,64.1"
59971,Stone Guardian,5840,,390,Vale of Eternal Blossoms,
59973,Stone Guardian,5840,18,390,Vale of Eternal Blossoms,"42,53|45.8,60.6|46.2,56.2|46.8,56.4|46.8,57|46.8,61.4|47.2,58.2|47.6,59.6|47.8,56.6|48.4,58.4|48.4,60.8|48.6,57.2|48.6,62|49,56.4|49,60.8|49,75.2|49.2,54.2|49.4,57.6|49.4,58.6|49.4,59.6|49.4,73.2|49.6,75.8|49.8,56.4|49.8,57.8|50,51|50,60.6|50.2,64.2|50.4,52|50.4,53.2|50.4,57|50.4,58.6|50.4,60|50.4,61.8|50.4,62.8|50.4,68.6|50.4,69.6|50.4,70.8|50.8,52.2|50.8,60.6|50.8,65|51,53|51,64|51,68.6|51,69.8|51.2,53.8|51.2,56.8|51.2,58.6|51.2,62.8|51.2,68.2|51.4,50.2|51.4,55.4|51.4,56.4|51.4,57.6|51.4,60.2|51.4,61.8|51.4,66.4|51.4,66.6|51.6,62.8|51.6,65.2|51.6,65.6|51.6,68|51.8,51.8|52,61.8|52,66.6|52.2,57|52.2,57.6|52.2,61.2|52.4,52.6|52.4,54.2|52.4,55.4|52.4,55.8|52.4,58.6|52.4,59.8|52.4,64.4|52.6,51.2|52.6,55.8|52.6,57.2|52.6,63.4|52.6,66.4|52.8,55.2|52.8,58.4|52.8,58.6|53,52|53,53.4|53,60.8|53,64|53,65|53.2,54.4|53.2,60|53.2,62.2|53.6,54.6|53.6,58|53.6,61.2|53.6,63|53.6,66|53.8,51.2|53.8,61.6|53.8,64.6|54,53.2|54,53.6|54,59.4|54,68.4|54.2,56|54.2,57|54.4,52|54.4,59.6|54.4,63.6|54.6,61.4|54.8,55.4|54.8,60|54.8,61.6|54.8,63.6|55,52.4|55,58.8|55,62.6|55.2,51|55.2,53.4|55.2,66.2|55.4,49|55.4,50|55.4,54.4|55.4,55.6|55.4,57.2|55.4,57.6|55.6,49.4|55.6,49.6|55.6,51.2|55.6,51.6|55.6,53.2|55.6,54.6|55.6,55.8|55.6,57|55.6,57.8|55.6,58.8|55.6,60|55.8,53.8|56,62.2|56.2,45|56.2,60.8|56.2,63|56.4,43.8|56.4,46.2|56.4,47.8|56.6,54|56.6,57.2|56.6,58|56.6,61.4|56.6,62.6|56.6,65.2|56.8,44|56.8,52.2|57,47.2|57,55.2|57.2,36.6|57.2,56.2|57.2,63.8|57.4,42|57.4,45.2|57.4,46|57.4,61.6|57.4,66.6|57.6,42.8|57.6,53.6|57.8,61.8|58,61.4|58.2,40.2|58.2,40.6|58.4,39.2|58.4,59.4|58.4,62.8|58.4,63.8|58.6,39.4|58.6,40.6|58.8,39.8|58.8,43.6|59,63.6|59.2,63|59.8,34.4|60,64|60.8,64.2|61,65|62,24.2|63.8,20.4"
60043,Jade Guardian,6125,1,471,Mogu'shan Vaults,"45.9,64.1|46.6,59.6"
60047,Amethyst Guardian,6125,1,471,Mogu'shan Vaults,"45.9,64.1"
60051,Cobalt Guardian,6125,1,471,Mogu'shan Vaults,"45.9,64.1|46.6,59.6"
60223,Granite Quilen,5840,,390,Vale of Eternal Blossoms,
60410,Elegon,6125,3,473,Mogu'shan Vaults,"20.6,51.5|20.7,51.1"
60576,Stone Quilen,6125,0,471,Mogu'shan Vaults,
60833,Frenzied Stone Quilen,6125,,471,Mogu'shan Vaults,
61159,Greenstone Terror,6209,0,448,The Jade Forest,"46,68.4|47.4,63.8|48.2,63.4|48.4,63.6|48.8,63.8|49.2,65|49.4,63|49.8,63|50,55.2|51.8,68.6|52,68.2|52.4,32.4|52.4,32.6|52.4,65.4|52.4,65.8|52.4,66.6|52.8,65.8|52.8,67|52.8,67.8|53,32.2|53,32.6|53,65.4|53.2,23.8|53.4,30.6|53.4,33.6|53.4,34.8|53.4,64.2|53.6,21.2|53.6,25.4|53.6,34.4|53.6,34.6|53.6,64|53.6,66|53.6,67|53.8,31.4|53.8,31.8|53.8,71.6|53.8,73.4|54,32.8|54,63|54,65.4|54.2,74|54.4,57.4|54.4,74.6|54.6,57.2|54.6,74.4|54.6,74.8|54.8,64|55,31.4|55,61.4|55,65|55,75.6|55.4,58.4|55.4,58.8|55.4,60.4|55.4,62|55.4,62.6|55.6,59.4|55.6,61|55.6,62.2|55.6,62.8|55.6,74.6|55.8,64.6|56,63.8|56,74|56.2,56.4|56.2,57.6|56.4,56.8|56.4,73.4|56.6,30.6|56.6,63|56.6,63.6|56.6,73.4|56.8,56.4|56.8,56.8|56.8,62.4|56.8,74.2|57.4,57.6|57.4,65|57.4,69.2|57.8,56|58,57.8|58,65.8|58.2,67.6|58.4,67.4|58.4,68.6|58.8,66.4|59,68.6|59.4,46.4|59.4,47.2|59.4,48|59.4,49.2|59.4,50.2|59.4,51.2|59.4,67.2|59.4,67.6|59.6,67.6|59.6,68.8|59.8,66.2|60,67.4|60.4,46.4|60.6,66.4|60.6,68.6|60.8,66.8|61,68.2|63.4,44.4|67,51.8"
61387,Quilen Guardian,6182,0,455,Mogu'shan Palace,
61408,Adarogg,2437,0,213,Ragefire Chasm,
61415,Giant Cave Bat,6182,0,454,Mogu'shan Palace,
61565,Quilen Statue,6208,1,481,Crypt of Forgotten Kings,"58.8,86.2|58.8,86.6|59.8,87|63.4,80.2|63.4,81|64,79.4|64,80.4|64,80.6|67.6,87.2|69.6,85"
61657,Adolescent Flame Hound,2437,0,213,Ragefire Chasm,
61658,Mature Flame Hound,2437,0,213,Ragefire Chasm,
61945,Gurthan Iron Maw,6182,0,453,Mogu'shan Palace,
62254,Quilen Watcher,6208,2,481,Crypt of Forgotten Kings,"45.4,89.8|47.4,90.8|48,91.2|48.2,89.8|48.4,88.4|48.4,88.6|48.4,89.4|48.4,89.8|48.4,91|48.6,84.4|48.6,86.6|48.8,88.8|48.8,91|49,86|49,88.4|49,89.6|49,90|49,90.8|49.2,89|49.6,87.4|49.8,91.2|50,88.2|50,90.2|50.2,89.4"
62442,Tsulong,6067,0,456,Terrace of Endless Spring,"69,49.3|69.1,48.2"
62945,Bloodthirsty Prowler,6209,0,448,The Jade Forest,"41.2,61.4|41.4,61.6|41.8,60.4|42.4,61.4|42.4,62.4|42.4,62.6|42.8,61.4|42.8,62.6|43.2,62.4|43.2,63.8|43.6,61.4|43.6,61.8|43.8,62.6|43.8,63.8|45,60.8|46.2,56.2|46.6,55.6|47.2,53.4|47.2,54.8|47.4,52.4|47.4,54.2|47.6,49.4|47.6,53.2|47.6,54.6|47.8,54|48,47.8|48,50.2|48,56.6|48.2,52.4|48.4,47.4|48.4,55.8|48.6,47.4|48.6,55.6|48.8,47.6|48.8,52|48.8,55|49,48.6|49.2,49.6|49.4,52.8|49.4,53.6|49.6,46.4|49.6,47.8|49.6,52.4|49.6,52.8|49.6,53.6|49.8,47|50,60|50.4,45.2|51.8,68.6|68.6,38.4|70.2,48|72.2,48.4|72.2,49.8|72.4,49.4|72.6,50.4|72.8,48.8|73.2,47.6"
63605,Stonebound Watcher,5840,18,390,Vale of Eternal Blossoms,"57.4,43.8|57.8,42.6|58.2,42.4|59.2,33|60,25.8|60.2,32|60.2,33|60.6,31.4|60.6,32|60.8,34.8|61,30|61,35.6|61.8,34.6|62.4,20.8|62.8,34.6|63.6,25.8|63.6,31.8|66.2,23.4"
64183,Enormous Stone Quilen,6125,0,471,Mogu'shan Vaults,
65650,Frenzied Caterpillar,5785,15,371,The Jade Forest,"30.2,23.8"
66772,Beast of Jade,6209,0,448,The Jade Forest,"50.4,70.2|50.4,70.6|50.6,70.6|51,69.6|51.4,69.2|51.8,68.6|52,68.4|52.6,67.8|52.8,67.4"
67087,Ashweb Hatchling,5840,,390,Vale of Eternal Blossoms,
67703,Slateshell Wanderer,6677,0,516,Isle of Thunder,"48,46.2|48,48.2|48.2,48.8|50,48|51.2,54.6|52.2,52.2|52.4,56.8|52.6,56.6|53.2,51.4|53.6,52.8|53.8,57.2|53.8,57.6|54,54.8"
67763,Slateshell Ancient,6677,0,516,Isle of Thunder,"46.8,45.2|49.4,47|49.6,47.4|54,56.4|54.2,56.6|54.6,57|55.6,56.6"
67770,Acidfang Slitherer,6677,0,516,Isle of Thunder,"48.2,46|48.8,50.2|49.2,47.2|49.4,46.4|50.2,48.8|50.6,47.8|50.8,48.6|51.6,50.4|52.2,52|53,51.6|53.4,52.6"
68079,Ro'shak,6622,6,513,Throne of Thunder,"34.6,58.9"
68080,Quet'zal,6622,6,513,Throne of Thunder,"34.6,58.9"
68081,Dam'ren,6622,6,513,Throne of Thunder,"34.6,58.9"
68250,Unguloxx,2257,2,500,Deeprun Tram,"52.2,51.8"
68476,Horridon,6622,2,509,Throne of Thunder,"26.2,78.2|26.8,78.7"
69177,Amani Warbear,6622,2,509,Throne of Thunder,"22.2,81.8|22.4,81.4|22.4,81.8|22.4,82|22.4,82.6|22.4,83.6|22.6,82.2|22.8,80.8|22.8,82.8|22.8,83|23,81.4|23,82.2|23.2,83.8|23.2,84.6|23.4,83.6|23.4,85.2|23.6,81|23.6,82.2|23.6,82.4|23.8,83.6|24,83.4|24,84.4|24.2,82.4|24.2,83.2|24.2,85|24.2,85.4|24.2,85.6|24.4,83|24.4,85.2|24.4,85.6|24.6,82.2|24.6,82.8|24.6,83.4|24.6,83.6|24.6,83.8|24.6,84.8|24.6,85.6|24.8,83.4|24.8,85.6|25,82.2|25.2,85|25.6,82.2|25.6,82.8|25.6,83.6|25.6,84.6|25.6,85.6"
69207,Young Skyscreamer,6677,0,516,Isle of Thunder,"51.4,40.8"
69246,Hatchling Direhorn,6677,0,516,Isle of Thunder,"50.6,43"
69523,Fatty Goat,6677,0,516,Isle of Thunder,"48.4,30.6|48.6,31.6|48.8,31.2|49.4,30|50.2,30.6|50.4,30.2|50.4,32|50.6,30.2|51,29.2|51,30.6|52.4,28.2|52.4,29.4|52.4,29.6|52.6,28.2|54.8,25|57.4,27"
69562,Nalak,6677,,516,Isle of Thunder,
69580,Onyx Stormclaw,6677,0,516,Isle of Thunder,"59.4,37.4|59.4,38|59.4,38.6|59.6,38.4|59.6,38.6|60,37.2"
69712,Ji-Kun,6622,4,511,Throne of Thunder,"49.3,41.5|49.7,41.6"
70120,Pterrorwing,6677,0,516,Isle of Thunder,"59.4,44|61.4,42.6|61.8,42.8|62,42.2|63,43.8|63.6,41.4|63.6,44.6|64.4,42.4|64.6,41.6|65,45|65.2,40.8|65.4,44.4|66,43.2"
70327,Stone Watcher,6716,1,518,Thunder King's Citadel,"25.2,21|25.4,22.4|25.6,20.6|25.6,22|25.8,19.8|26.4,17.4|26.4,19.2|26.8,18|27.2,18.8|29.2,15.8|29.4,15.2|29.4,16.6|29.6,16.6|29.8,16.2|30.6,15.8|34.6,18.4|39.2,19|39.6,18.4|39.6,19|41.8,10.2|42.8,13|43,24.2|44.2,13|44.2,24.2|47.6,10.6|48.4,19.2|49.2,18.8|50.2,10.4|52.4,19.8|52.4,21.4|53,20.6|53.4,12.6|53.4,18.4|53.4,19.2|53.6,18.6"
70448,Ancient Python,6622,0,508,Throne of Thunder,
70558,Young Pterrorwing,6507,2,504,Isle of Thunder,"49.8,68|51.8,60.8|53,57.6|53.2,60.8|53.8,59.2|54,59.6|54.8,66.8|56,71|56.6,64.2|58,64.8|58,65.6|58.6,51.4|59.2,63|59.2,66.4|59.8,67.8|60,65|60.2,70.6|60.2,74.8|61,71|61,71.6|62.6,77.4|63,75.4|63.6,75|63.8,74.4|64,76|65,76.2|65,76.6|68,80.2|69.6,82.6|70.4,83.6|70.4,84.8|70.4,86.2"
70558,Young Pterrorwing,6677,0,516,Isle of Thunder,"58.2,44.8|58.8,43.2|59.2,45|59.4,43.8|59.6,43.2|59.6,45|59.8,45.6|60.4,44.4|60.6,44|60.8,44.8|61.6,43.8|61.8,42.2|61.8,43.2|62.8,41.8|63.2,40.8|63.4,42.8|63.6,41.4|63.8,43|64.2,44.6|64.4,42.4|64.4,43.6|64.8,42.2|64.8,42.6|65.2,44|66.2,43.2|66.4,44.2|66.6,44.6|67.2,47|67.4,45.8"
70589,Cavern Burrower,6622,0,510,Throne of Thunder,
70595,Frostmane Prowler,6678,0,523,Dun Morogh,"34.4,26.4|35.4,27.8|40.6,36.6|40.6,38|40.8,36.2|41.6,49|42.2,31.4|43.2,66.4|43.4,69.8|44.4,57|44.4,57.6|44.4,74.8|44.4,76.2|44.4,76.8|44.6,73.8|44.8,77.8|45,49|45.2,76|45.2,79.4|45.4,75.2|45.4,76.6|45.6,76.6|45.6,77.6|45.6,78.8|46,75.6|46.2,75.4|46.4,74.4|46.6,75.8|46.6,77.4|46.6,77.6|46.8,74.4|46.8,74.6|47.4,71.4|47.4,72.4|47.4,73.4|47.6,72.4|47.6,73.6|47.6,74.8|47.8,71.4|47.8,73|47.8,77.4|48.6,49.8|48.6,72.8|55.2,56.4"
70702,Flame Hound,6731,1,522,The Secrets of Ragefire,"29,42|29.2,43.2|29.6,41.8|30,43.2|30.2,44.6|30.4,43.6|31,43.4|31.4,43.8|31.4,45.2|32,44|32,45|32,45.6|32,46.8|32.2,43.2|32.4,48.6|32.8,43.6|33,45.6|33.4,43.4|33.4,44.6|33.4,46.6|33.6,43.2|33.8,44.2|34.4,44.6|34.4,46|34.6,43.4|34.8,44.4|34.8,45.8|35.4,45|35.4,48.2|35.8,45.2|36.2,44.4|36.4,46.2|36.4,46.6|36.8,45|36.8,47.4|37,45.8|37.6,45.2|37.6,46|37.6,47.2|39.2,45.4|39.2,46|39.2,46.6|39.8,46.2|39.8,47.2|41,45.4|41,46.4|41,47|41.2,47.6|41.6,46.4|42.2,46.6|43,45.4|43,46|43.2,47|43.8,46.6|44,46|44,48"
71491,Guardian of Sacrifice,6208,1,481,Crypt of Forgotten Kings,"39.4,38|39.4,43|39.6,37.8|39.6,43.4|40,36.6|40.4,44.4|40.6,44.4|41.4,44.6|47.4,62.6"
71529,Thok the Bloodthirsty,6738,8,564,Siege of Orgrimmar,"51.3,82.1"
71578,Amber Parasite,6738,0,556,Siege of Orgrimmar,
71921,Darkfang,6738,0,556,Siege of Orgrimmar,
71923,Bloodclaw,6738,0,556,Siege of Orgrimmar,
72452,Kor'kron Dire Wolf,6738,0,556,Siege of Orgrimmar,
72927,Kovok,6738,0,556,Siege of Orgrimmar,
73185,Enraged Mushan Beast,6738,0,556,Siege of Orgrimmar,
73223,Pterrordax,6738,0,556,Siege of Orgrimmar,
74446,Ghamoo-Ra,719,0,221,Blackfathom Deeps,
74508,Guardian of the Deep,719,0,223,Blackfathom Deeps,
74509,Blue Shale Crawler,719,0,223,Blackfathom Deeps,
74583,Festering Spiderling,722,0,300,Razorfen Downs,
74584,Plague-Rotted Webslinger,722,0,300,Razorfen Downs,
74620,Battle Boar,491,0,301,Razorfen Kraul,
74722,Razorshell Snapjaw,719,0,221,Blackfathom Deeps,
74962,Stoneshamble Basilisk,9786,0,543,Gorgrond,"42.4,58.4|43.2,58.2|43.4,59.4|43.4,59.8|43.6,59.2|44.4,60"
75247,"Groyat, the Blind Hunter",491,0,301,Razorfen Kraul,
75466,Vile Bat,491,0,301,Razorfen Kraul,
75467,Cave Bat,491,0,301,Razorfen Kraul,
75588,Grotto Toad,491,0,301,Razorfen Kraul,
75590,Enormous Bullfrog,491,0,301,Razorfen Kraul,
76143,Rukhran,6988,0,601,Skyreach,
76181,Ragemaw Worg,7307,0,616,Upper Blackrock Spire,
76253,Dread Raven Hatchling,6988,0,601,Skyreach,
76477,Chilltongue,6720,6,525,Frostfire Ridge,"55,59.4|55.8,60.2|56.6,60|57,58.2|57,60.8|58.2,56.8|58.2,60.2|58.4,56|58.6,58.8|58.6,60.2|59,56.8|59,61.4|59.6,58.8|60.4,56|60.6,60"
76874,Dreadwing,6967,4,599,Blackrock Foundry,"66.3,72.1"
76945,Ironcrusher,6967,4,599,Blackrock Foundry,"66.3,72.1"
76946,Faultline,6967,4,599,Blackrock Foundry,"66.3,72.1"
76954,Pahboo-Ra,719,0,221,Blackfathom Deeps,
77067,Gorgrond Python,9786,0,543,Gorgrond,"43.2,54.8|44,74|44.4,76.4|44.6,76|44.8,77|45.2,73.6|45.4,73.4|45.6,73.4|46,77.6"
77430,Kil'uun,9525,0,1039,Shrine of the Storm,
77927,Son of the Beast,7307,0,618,Upper Blackrock Spire,
78856,Bloodthorn Ravager,6719,15,539,Shadowmoon Valley,"38.2,83|40.4,14.6|41,38.2|41.4,38.8"
80098,Ironbarb Skyreaver,7307,3,618,Upper Blackrock Spire,"48.5,24.5"
80560,Echidnaean Scout,6722,,542,Spires of Arak,
80715,Deathspine Ravager,7025,0,534,Tanaan Jungle,"37.4,38.6|39,36.6|39.8,32.8|66,63.8|66.6,63|67,60.4|69.2,59|71,58.8|71.4,62.4|72,62.2|72.4,48.8|72.4,60.4|72.4,60.6|72.6,60.6|73,48.6|73,50.6|73,61.6|73.2,60|73.4,59.4|73.6,60|73.8,58.4|73.8,58.8|74.4,49|74.4,57.4|74.6,57.6|74.8,56.8|75,55.2|75,56.4|76.2,55|76.4,53.4|76.4,54|76.6,53|76.6,54|77,54.6|78,53.4|78,53.6"
81818,Legion Hunter-Killer,7307,0,618,Upper Blackrock Spire,
81983,Verdant Mandragora,7109,0,620,The Everbloom,
82530,Mandragora,7025,0,534,Tanaan Jungle,"67.8,33.6|68,33.4|68.6,34.8|68.8,33.8|69.8,34.4|72.8,37.6"
83389,Ironwing Flamespitter,6951,0,595,Iron Docks,
84233,Thrashtalon Vulture,9786,0,543,Gorgrond,"43.2,68.4|45.2,73.8|46.2,74|49.6,59.2"
84399,Vicious Mandragora,7109,0,620,The Everbloom,
85562,Skittering Doomstinger,9786,0,543,Gorgrond,"42.2,56.4|42.4,53.4|42.6,53.6|43.4,53|43.6,52.8|44.2,48.2|44.2,56.4|44.2,56.6|44.6,58.4|44.8,58.6|45.4,49.6"
85828,Blazing Mongrel,6662,,535,Talador,
85856,Bloodthirsty Axebeak,7025,0,534,Tanaan Jungle,"44,32.8|60.8,50.8|61.2,54.4|61.2,54.6|65,59.2|65.4,58.4|72,61.2|72,61.8|72.2,45.4|72.2,46|72.8,49.2|74,51.6|78,53.4|78,53.8"
86780,Napestone Riverbeast,7025,0,534,Tanaan Jungle,"67.6,47.4|68,49.8|68.4,44.2|68.4,48.8|68.8,48.4|69,48.6|69,49.8|69,50.8|69.2,42.6|69.2,47.2|69.4,41.4|69.4,41.8|69.6,42|69.8,49.4|70,41|70.2,42.8|70.6,40.6|71.4,42.6|71.6,39.8|71.8,40.8|72.8,38"
87241,Dreadfang,6951,0,595,Iron Docks,
91539,Fel Raven,7545,0,661,Hellfire Citadel,
93349,Felbound Wolf,9526,0,1004,Kings' Rest,
93952,Fel Raven,7545,5,666,Hellfire Citadel,"40.1,76.1"
94191,Burning Terrorhound,8392,0,619,Broken Isles,"52.4,67.4|52.4,67.6|52.6,67.4|52.6,67.6|55,68|55.2,67"
96021,King Azureback,7503,29,650,Highmountain,"49.6,54.6"
96265,Ashpaw Fox,7731,0,750,Thunder Totem,"10.8,82.2|26.4,67.2|27.4,71.4|27.6,70.8|28.6,68.2|29.4,69|29.8,67.6"
96266,Pale Elderhorn,7731,0,750,Thunder Totem,"18.4,81.6|18.6,76.6|18.8,82.8|19,81.4|19.4,81.6|19.6,82.4"
96268,Mountain Prowler,7731,0,750,Thunder Totem,"29,21.8|36,9|36.2,6.2|36.2,6.6|36.2,7.8|36.4,10.4|36.6,7.2|36.6,10.6|36.8,9.2|37.8,11|40.4,11.6|44.2,2.4|44.8,1.6|45.4,1.2|45.6,0.8"
96287,Great Cavernbat,7503,29,650,Highmountain,"39.2,36|39.6,28.2|41.2,36.2|41.4,37.4|41.6,36|42.2,54.8|43.6,28.4|43.8,64.4|44,29.8|44.2,33.2|44.4,26|45,35.8|47,68|47.6,37.2|47.8,69.8|48.8,39.6|49.2,23.6|49.4,54|49.8,34.2|50,81.8|50.4,82.6|51,71.2|51.2,51|51.2,73.6|51.6,52.4|52.4,68.2|52.6,56|53.6,71.2|54.2,78|54.6,68|54.8,68.6|55.2,76.4|55.4,71.8|57.2,60.4|58,78|59.6,75.2|60.4,74.2"
96608,Ebonclaw Worg,7672,0,703,Halls of Valor,
96611,Angerhoof Bull,7672,0,703,Halls of Valor,
97119,Shroud Hound,7812,0,706,Helmouth Cliffs,
97163,Cursed Falke,7812,0,706,Helmouth Cliffs,
97677,Barbed Spiderling,7787,0,712,Vault of the Wardens,
97809,Coastal Seagull,13577,0,1989,"Tazavesh, the Veiled Market",
97895,Duskwing Shrieker,7503,16,650,Highmountain,"34.4,74.4|38.2,60.2|38.2,74.6|45,68.6"
98759,Vicious Manafang,7855,0,749,The Arcway,
99675,Enormous Stone Quilen,7787,0,711,Vault of the Wardens,
99759,Fiendish Creeper,7705,0,719,"Mardum, the Shattered Abyss","65.2,50.4|65.2,50.6|65.6,50.8|66.8,52.8|68.2,52.4|68.4,52.6|68.6,52.8|69.2,52|69.4,49|69.4,55.8|69.6,49|69.6,54.6|70.2,52|70.8,54|71.2,47.4|71.4,51.2|72,50.2|72,55.6|72.2,50.6|72.2,52|72.2,54.4|72.4,52.6|72.6,53.6|72.8,53.2|72.8,55.4|73,49|73,55.8|73.2,51.6|74.2,50.6|74.2,54.4|74.2,54.8|74.4,57.2|74.6,53.8|74.8,51.6|74.8,53.2|75.4,50.4|75.4,50.6|76.2,50.2|76.6,50.2"
100243,Wicked Crawler,7705,0,719,"Mardum, the Shattered Abyss","69.2,40.4|69.4,41.4|69.4,41.6|69.4,42.8|69.6,41.4|69.6,41.6|69.8,37.6|69.8,43.4|70,43.6|70.4,40.4|70.6,40.4|70.6,41.2"
100333,Skittering Broodling,7705,0,719,"Mardum, the Shattered Abyss","69.4,40.4|69.4,40.6|69.8,40.4|69.8,40.6"
100334,Tyranna's Spawn,7705,0,719,"Mardum, the Shattered Abyss","69.4,40.4|69.4,40.6|69.8,40.4|69.8,40.6"
100703,Leeching Spider,7705,0,719,"Mardum, the Shattered Abyss","74.2,57.2|74.2,57.6|74.6,56.8"
100723,Hatchling Creeper,7705,0,719,"Mardum, the Shattered Abyss","72.4,54.4|74.2,57.6|74.4,57.2|74.6,57"
101077,Sekhan,7731,0,750,Thunder Totem,"35.8,9.8|36,5.2|36,8|36.2,6.2|36.2,11|36.4,3.4|36.4,7|36.6,5.4|36.8,7.2|36.8,12.8|37,6.4|37,8.2|37.2,4|38,9.6|39.8,10.2"
101786,Demon Spiderling,7705,0,719,"Mardum, the Shattered Abyss","67.6,51.4|67.6,51.6|69,54.4|69.8,56.8|69.8,58.8|71.2,51.6|71.4,51.4|71.4,57.4|72,51|72.4,50|72.4,56.4|72.6,49.8|72.6,54.4|72.8,52|72.8,54.6|73.8,51.2|73.8,55.6|74.2,54.2|75.6,53|76.4,51|77.2,48.4"
102263,Skorpyron,8025,1,764,The Nighthold,"32.2,60.9"
103045,Plaguemaw,7812,0,706,Helmouth Cliffs,
103217,Crystalline Scorpid,8025,0,764,The Nighthold,
103514,Leystone Basilisk,7503,16,654,Mucksnout Den,"32.6,78.6|34,65.2|35.8,75.8|41,74.6|44,52.2|44,54"
103605,Shroudseeker,7812,0,706,Helmouth Cliffs,
105585,Shardback Spiderling,7637,32,680,Suramar,"27.4,54.2|30.8,45.8|33.4,45.2|40,54|40.8,56.4|41.2,60.4|42.4,61"
105756,Leyline Spiderling,7637,42,680,Suramar,"62.4,48.6|65.6,50.8"
105876,Enchanted Broodling,7855,0,749,The Arcway,
105884,Spellwyrm,7637,33,680,Suramar,"47.8,85.6|48,86.8|48.2,85.4|48.2,88.8|49.2,90|49.6,89.8"
106311,Venomous Spiderling,8026,0,779,The Emerald Nightmare,
107459,Venomous Spiderling,8026,0,779,The Emerald Nightmare,
107676,Blue Juggernaut,6738,0,556,Siege of Orgrimmar,
107677,Green Juggernaut,6738,5,561,Siege of Orgrimmar,"40.2,68.8"
107678,Teal Juggernaut,6738,0,556,Siege of Orgrimmar,
107679,Grey Juggernaut,6738,0,556,Siege of Orgrimmar,
107778,Mana-Engorged Spiderling,7502,11,628,Dalaran,"52.4,41.6|53.4,43|54.4,43.6|55.2,46|55.4,47|55.8,68.2|56.2,37.8|56.4,43|56.6,51.8|57,38.4|57.2,45|57.4,47|57.6,38.6|58,41.4|58.2,39.6|58.2,43|58.6,40.6|59.2,49.2|59.6,39|59.6,49.4|59.8,39.8|59.8,45.4|60,47.8|60.2,46.8|60.4,46|60.4,50.8|60.6,44.4|60.8,47.8|60.8,50|61,42.6|61.2,48.6|61.4,44.8|61.4,46|61.4,51|61.6,36.2|61.6,51.8|62,45.6|62.8,46.2|63.2,49.6|63.4,44.4|63.4,44.6|63.4,47.4|63.4,47.6|63.4,51.2|63.6,44.4|63.6,47|63.6,48.4|63.8,44.8|64,46.2|64.8,48.8|68,24.4"
107951,Treble,7503,16,650,Highmountain,"35.6,70|40,78.6|43.2,83|43.8,82.2|45,82.4|51,85.6"
108035,Fal'dorei Spiderling,7637,42,680,Suramar,"48.6,14.8"
108106,Sentient Mechanostrider,721,2,227,Gnomeregan,"78.2,86.2|79,87.4"
108359,Volatile Scorpid,8025,0,764,The Nighthold,
108360,Acidmaw Scorpid,8025,0,764,The Nighthold,
108361,Crystalline Scorpid,8025,0,764,The Nighthold,
108542,Skittering Spiderling,8026,0,779,The Emerald Nightmare,
108611,Vicious Felhunter,8252,4,799,The Oculus,"41.6,16.2"
108794,Shroudseeker's Shadow,7812,0,706,Helmouth Cliffs,
109703,Blazing Ravager,8161,3,746,Ulduar,"54,73|55.2,57.8|55.4,71.4|55.8,57.8|64.2,78.2|65,77|65.4,77.8|65.6,77.6|66.2,79.2|67.2,78.8|68.6,78.8|70.6,80.6|70.8,80|75.4,78|75.8,79|76,77.8"
109934,Baradin Crocolisk,8309,0,244,Tol Barad,"37.4,39.8|42.2,41.2|43,41.2|43.2,42.6|43.4,42.4|43.4,44.2|43.8,42.8|43.8,44|44,42.2|44.2,44.6|44.4,45.6|44.6,44.2|44.6,44.6|45.8,43.8"
110376,Leyline Spiderling,7637,42,680,Suramar,"39,38.4|39.2,39.4|39.4,45.2|39.8,42.8|39.8,43.6|40,41.4|40,42|40,68.6|40.2,70.6|40.4,37.4|40.4,45.4|40.6,45.4|41,46|41.2,68|41.2,68.8|41.4,41|41.4,67|41.6,66.4|41.6,66.6|43.4,56.8|43.4,58|43.4,58.8|44,31.8|44,58|44.2,56.2|44.2,56.8|44.6,55.4|44.6,58.4|44.8,56.8|45,51.4|45.4,51.6|45.8,51.8|46.4,52.6|46.6,37.2|47.2,52.4|47.2,53.2|47.4,53.6|47.6,35.6|47.8,52.4|48.2,34.8|48.4,52.8|48.4,54|48.6,34.6|49,46.6|49.4,33.8|49.4,41.4|49.4,41.6|49.6,34|49.6,42.2|49.8,40.6|49.8,42.8|50.2,33.4|50.2,43.8|50.2,45.6|50.4,39.2|50.4,44.8|50.4,47|50.6,33.8|50.6,45.2|50.6,46.4|50.8,47.4|51,34.8|51.8,44.4|52.2,36.2|52.2,46|52.8,41.2|53,42|53,44.6|53.4,28.4|53.4,36.2|53.4,38.6|53.4,40.2|53.4,52.2|53.6,28.4|53.6,38|53.6,40.2|53.8,29.4|53.8,40.8|53.8,52.8|54,31.8|54,41.6|54.2,29.6|54.2,30.8|54.2,51.8|54.4,50.8|54.6,31.2|54.8,30.2|54.8,43.2|55,32.4|55.2,49.8|55.2,50.6|55.4,49.4|55.6,48.8|55.6,50|55.8,48.4|56.4,59|57,53.2|57.2,38|57.2,38.8|57.4,40|57.4,53.8|57.6,41|57.6,53.6|57.8,35.2|57.8,40.4|58.2,36.2|58.2,37|58.2,37.6|58.2,39|58.6,36.2|58.6,36.8|58.6,53.4|59,60.8|59.2,53.6|59.4,46.8|59.4,90|59.8,88|59.8,88.8|60.2,47.2|60.2,90.8|60.4,47.6|60.4,58|60.4,91.6|60.6,47.4|60.6,47.6|60.6,92|60.8,88.4|62,88.2|62.6,57.6|62.6,59.8|62.8,49.4|62.8,56.2|62.8,57.2|63.4,50.6|64.2,48.6|64.4,50"
110422,Felbite Hatchling,8161,3,746,Ulduar,"70.8,38.2|76.6,36.6|76.6,40.2|77.6,39.6|77.8,38.6|78.2,37.2|78.4,37.8|78.6,38|79.8,38.6|80,38.4"
110675,Thunder Serpent Nalak'Ra,5840,19,390,Vale of Eternal Blossoms,"60.4,41.4|60.6,42|62.2,51.4|62.8,38"
110966,Vicious Manafang,7855,0,749,The Arcway,
111404,Salty Seagull,8392,0,619,Broken Isles,"22.8,61|24.4,62.4|25,63.6|26.2,66.8|59.4,54.6|59.8,54.4|67.8,13.6"
111721,Venomous Spiderling,8026,0,779,The Emerald Nightmare,
111820,Friender,721,0,229,Gnomeregan,
111933,Venomous Spiderling,8026,0,779,The Emerald Nightmare,
111980,Nightmother,8026,0,779,The Emerald Nightmare,
112037,Blazing Ravager,8161,3,746,Ulduar,"66.4,63.8|66.6,62.8|67.4,62.4|67.4,64.8|67.6,63|68,64.2|68.4,62.4|68.4,66.6|68.6,63.6|69.4,63.2|69.6,64|70,63|71.2,63"
112039,Screeching Spiderling,8026,0,779,The Emerald Nightmare,
112328,Canyon Soarer,7637,,680,Suramar,
112461,Aranasi Spiderling,8105,0,714,Niskara,"23,49|23,50.6|23.4,47|23.4,48.4|23.4,49.6|23.6,47.2|23.6,47.6|23.6,48.6|23.6,49.8|24.2,46|24.4,45.2|25.6,40.8|25.6,42"
112732,Brood of Sael'orn,7996,0,732,Violet Hold,
112858,Hungry Spiderling,7637,2,680,Suramar,"61,48.6|63,50.2|65.2,50.8"
112859,Vicious Spiderling,7637,33,680,Suramar,"57.8,54.2|57.8,55|58.2,55.8|59,58.2|59.4,57.4|59.6,57.6"
113040,Frenzied Pterrordax,8026,0,780,The Emerald Nightmare,
113041,Infected Diemetradon,8026,2,778,The Emerald Nightmare,"59,57.2|61.4,41.6"
113132,Burning Terrorhound,8392,0,619,Broken Isles,"54.8,64.4|55,65"
113202,Runebound Wyrm,8423,1,749,The Arcway,"15,72.8|15.2,72.4|16,71.8|16,73.2|16.2,74|16.2,74.6|16.6,72|16.6,74.2|16.8,73.4|16.8,77|17.2,70.6|17.8,70|18,73|18,73.8|18,74.6|18.2,69.2|18.2,71|18.4,72.2|18.6,71.4|18.6,73.2|18.6,75.2|18.8,72.4|18.8,73.6|20,68.8|20,71|20,74|20.4,73.4|20.6,67.2|20.8,72.4|21.4,73.4|22.2,74.2|22.4,74.6|23.2,70|28.4,65.8|29.2,63.4|29.4,61.2|29.6,61.6|29.8,61.4|30,63|30,65.8|31.4,64|31.8,63.2"
113626,Venomous Spiderling,8026,0,779,The Emerald Nightmare,
114323,Guarm,8440,0,806,Trial of Valor,
114692,Leyline Spiderling,7637,42,680,Suramar,"32.2,65.2|32.2,66.2|32.2,67|32.4,64.4|32.6,64.6|32.6,67|32.6,67.8|33,63|33,63.6|33,69.8|33.2,69.4|33.6,66|33.8,62.6|33.8,67.6|34,69.6|34.2,62.4|34.2,65.4|34.2,69|34.4,67.4|34.4,70.8|34.6,67|34.6,71.2|35,63.4|35,68.2|35.2,62.2|35.2,64|35.4,65|35.4,66.2|35.6,68|35.8,66.6|36,65.4|36,66.2|36,68.8|36.2,64.4|36.4,62|36.4,70.4|36.4,70.6|36.6,65.4|36.6,70.4|36.6,70.6|36.8,62.4|37,67.4|37.2,63.4|37.4,63.6|37.4,68.4|37.4,69.4|37.6,64|37.8,66|38,66.6|38.2,68.8|38.4,68.2|38.6,67.8|39.2,68.6|39.6,70|39.8,69.4"
114794,Skeletal Hound,8443,0,810,Karazhan,
115795,Abyss Stalker,8524,0,851,Tomb of Sargeras,
117206,Strange Horse,2257,2,500,Deeprun Tram,"41,71.2|41.6,50|43.2,73.6|43.4,41.8|44.6,52.4|46,60.6|46.8,56|48,45|48.2,74.2|49,63.8|52,57.8|57.4,40.6|58,52.2|58.4,49.6"
118706,Necrotic Spiderling,8527,0,848,Cathedral of Eternal Night,
119990,Fenryr,7672,0,703,Halls of Valor,
120016,Necrotic Spiderling,8527,0,848,Cathedral of Eternal Night,
120477,Deep Stalker,8524,0,851,Tomb of Sargeras,
121540,Lalathin,8025,0,771,The Nighthold,
121927,Legion Venomretcher,7502,11,628,Dalaran,"52,58.4|54.2,63.2|56.2,63.4|56.4,66.2|58.6,65.4|59,41.2|59.2,40.4|61.4,51.6|61.8,52.2|63.2,53.6|64.4,54.6"
122407,Warp Stalker,8910,0,903,The Seat of the Triumvirate,
122408,Shadow Stalker,8910,0,903,The Seat of the Triumvirate,
122410,Skyfin,8910,0,903,The Seat of the Triumvirate,
122548,Emerald Skytalon,9051,0,897,The Deaths of Chromie,"62.4,72.6|62.4,75|62.8,71.6|63,75|63.4,70.4|63.4,70.8|63.4,72.6|63.6,70.8|63.6,72.6|63.8,72.4|64.6,76|64.8,74.2|64.8,75.4"
122560,Shadow Stalker,8910,0,903,The Seat of the Triumvirate,
122963,Rezan,9028,0,934,Atal'Dazar,
122986,Wild Skyscreamer,9028,0,934,Atal'Dazar,
122998,Flame Hound,9051,3,900,The Deaths of Chromie,"31.8,94.2|32.2,95.4|32.2,95.6|33.2,96.6|33.4,95.4|33.4,96|33.4,97.8|33.8,98.2|34.2,95.2|35.2,97.6|35.4,97.4|35.6,97.4|35.6,97.6|36.2,96.4"
124262,Spiderling,8501,,864,Vol'dun,
124316,Pig,9439,0,1044,Arathi Highlands,"43,38.8|43.2,39.8|43.4,38.4|43.8,39|44.4,38.4|44.6,38.4|44.8,38.6|46,37.6|46.2,39|46.2,39.6"
124316,Pig,9734,0,943,Arathi Highlands,"43.2,38.8|43.2,39.8|44,38.4|44,38.6|44.6,37.8|45.2,38.6|46,39|46.2,38.2"
125081,Warp Stalker,8910,0,903,The Seat of the Triumvirate,
125547,Feltouched Skitterer,8638,0,909,"Antorus, the Burning Throne",
125875,Azure Manasaber,7637,39,680,Suramar,"48,54.6|48.2,56.4|48.4,44.6|48.4,46|48.4,48.4|48.4,51.8|48.4,54|48.4,57.8|48.6,54.8|48.8,46.4"
125936,Burning Hound,9102,0,924,Invasion Point: Naigtal,"27.8,38|32.4,36.4|34.2,66.2|35.4,51|35.4,54.2|35.6,57.8|36,54.4|36,63.2|36.4,52.2|36.6,47.6|37,59|38.2,53.8|39,71|39.2,33.4|39.2,64|39.4,59.8|39.6,55|39.6,57.6|40.4,79.8|40.6,32.4|40.6,67|40.8,57.4|41,52.8|41.2,68.2|41.2,69.4|41.4,59|41.4,61|41.6,53.2|41.8,36.8|41.8,76.2|42,63.4|42.2,45|42.2,59.6|42.4,61|42.4,61.6|42.6,29.2|42.6,68|42.6,75.2|43,26|43.2,43.2|43.4,53.6|43.4,79.2|43.8,52.8|43.8,60.2|44.2,49|44.2,68.2|44.2,69.2|44.4,80.6|44.6,49.6|44.6,51.6|44.6,64.2|44.6,67.6|44.8,62.8|45.2,37.4|45.2,54.8|45.2,76.8|45.4,76.4|45.6,81|45.8,40.2|45.8,50.8|45.8,57.2|45.8,70.8|46.2,44.2|46.2,51.8|46.2,53.4|46.4,60.2|47,46.8|47,59|47,73.6|47.2,41|47.4,71.8|47.6,53.4|47.8,64.6|48,43.4|48,69.4|48,74|48.2,44.4|48.2,69.6|48.8,44|48.8,46.4|48.8,71.4|49,52.6|49.2,47|49.4,68.8|49.6,45|49.6,48|49.6,54.4|49.6,69.6|49.8,50.2|50.2,43|50.2,73.4|50.4,65.2|50.6,65.6|50.8,66.6|51.2,47.6|51.6,45.4|51.6,48.6|51.8,68.8|51.8,72.4|52,47.8|52.2,38.6|52.2,50|52.6,52.4|52.6,77|52.8,45.2|52.8,47|52.8,51.4|53.4,66.6|53.4,70.8|53.6,42|54,37.6|54,65.8|54,76.8|54.2,49|54.2,68.4|54.2,80.4|54.4,33|54.8,57.2|54.8,73|55.4,56|55.4,62.6|55.4,68|55.6,43.2|55.6,52.6|56.2,57.4|56.6,67.4|56.8,41.2|56.8,44.6|57,45.8|57.2,42.8|57.4,49.2|57.6,51.2|57.8,48|57.8,56.4|57.8,63.8|57.8,66.6|57.8,68.4|58.2,59.2|58.2,69.8|58.4,34.8|58.6,39.4|58.6,71|58.8,31.8|58.8,65.2|59,36.2|59.2,36.6|59.4,41.2|59.4,47|59.6,53.4|60,32.4|60,34.6|60,45.4|60,58.2|60.2,38.2|60.2,48.4|60.4,64.4|60.4,68.6|60.6,34.4|60.8,34.8|60.8,41|61,56|61.2,32|61.8,39.4|61.8,69|62.2,39.8|62.2,53.6|62.2,71.4|62.4,40.6|62.4,74.8|62.6,37.2|62.6,60.6|63,63.8|63.2,31.8|63.4,63.4|63.6,31.8|63.8,60.4|63.8,65.6|64.4,80.6|64.6,52.6|64.8,55.2|65,78.2|65.8,58.4|66,57.2|66.2,68.4|66.4,53.2|66.4,67.2|66.6,36.2|67,62.2|67.2,52.6|67.2,58.4|67.6,57.8|68,52.4|68,56.6|68.2,71.2|68.4,50.4|68.4,68.8|68.4,72.4|69.2,59.2|69.8,49.8|69.8,66.4|70,67.4|70.4,51.4|71.4,54.6|71.8,58.8|72,54.6|72.2,61.4|72.4,67.8|73,57.6|73,59|73.8,59|74.6,65.8|74.8,71.6|75.2,59.8|75.4,58.4|75.6,56.4|75.8,54.6|76.6,80.4|76.8,61.4|77.4,57.4|77.8,56.2|78.4,61.2|78.8,52.6|79,55.8|81.8,54.4|84.2,56.6|84.6,59.4|85.4,56.2"
125936,Burning Hound,9126,0,923,Invasion Point: Cen'gar,"41.2,58.2|42.4,64|42.8,64.8|44.2,64.8|44.4,63|44.4,65.8|44.6,66.6|45,71.6|45.2,65|45.4,66.2|45.6,62.8|45.8,68.2|46,64.2|46.2,65.2|46.2,67.2|46.2,71.2|46.4,61.8|46.4,69|46.4,70.4|46.4,73|46.6,70.2|46.6,71.6|46.8,71.4|46.8,73.2|47,67.6|47.2,61|47.2,74|47.2,74.8|47.4,75.8|47.8,74.6|47.8,76.4|48,52|48,73.2|48,76.6|48.2,72.2|48.2,73.8|48.8,69.2|49,50.8|49,73.6|49.2,59.2|49.2,71.6|49.2,75.6|49.2,77.4|49.2,78|49.2,79.2|49.6,82.4|49.6,84.4|49.8,64.6|49.8,71.6|50.2,73.2|50.4,71.4|50.8,48.4|50.8,76.2|51,81.2|51.2,77.2|51.2,80.4|51.4,54.2|51.4,65.6|51.6,84.4|51.8,49.4|52,82.8|52.2,69|52.4,81.8|52.4,84.8|52.6,59.2|53.4,50.8|53.6,55.4|53.8,63.6|53.8,78.6|53.8,87.8|54.2,46|54.2,84.8|54.2,86.2|54.4,59|54.6,47.8|54.6,52|54.6,61.8|54.8,64.8|54.8,83.4|55.2,64.2|55.4,66|55.8,50.2|55.8,73.4|55.8,83.2|56.4,49.4|56.4,70.2|56.6,48|56.6,56|56.8,76.8|57,88.8|57.2,57.2|57.4,79.2|57.4,81|57.8,51.8|57.8,60.8|58.2,62.8|58.2,80.8|58.4,46.4|58.4,84.6|58.6,75.6|59.4,47|59.4,79|59.6,72.2|59.8,51.8|59.8,75.6|60,45.4|60,75.2|60,78.4|60.2,54|60.2,69.6|60.2,85|60.4,56.6|60.4,58.6|60.4,78.8|60.6,49.2|60.8,45|60.8,56.2|60.8,72|61,64.2|61,71.2|61.2,76.8|61.2,80.6|61.4,57.8|61.6,55.6|61.6,63|61.8,46.4|61.8,82.4|62,64.6|62,71.2|62,74.4|62.2,57|62.2,58.8|62.2,81.2|62.4,42.6|62.4,54.6|62.8,54.8|63,84.6|63.2,43.8|63.4,42.8|63.4,47|63.6,81.2|63.8,44.4|64,53|64,58.8|64.2,43.4|64.4,42.4|64.4,49.4|64.6,43|64.6,58.4|64.6,83|64.8,50|64.8,77.6|65.6,44|65.6,50.4|65.6,53.4|65.6,56.6|65.6,71|65.6,79.2|66,69.2|66.2,75.6|66.4,53.6|66.4,55|66.4,74.8|66.6,46|66.6,48.8|67.2,47|67.2,49.6|67.2,60.8|67.2,77.4|67.6,48.2|67.6,49.8|67.6,52.2|67.6,57|67.8,68.6|67.8,80.2|68.4,50.6|68.4,74.4|68.4,80.6|68.8,54.2|69,52.4|69.2,61.6|69.2,72|69.4,58.6|69.4,75.4|69.6,54.2|69.8,50.8|70,67|70,69|70.2,64.8|70.2,75.6|70.4,52.2|70.4,77.2|70.6,54|70.6,58.2|70.6,67.8|70.6,69|70.8,53|70.8,59.4|71,76.8|71.2,66.8|71.4,71.6|71.4,79.6|71.6,75.8|71.8,63.6|71.8,81|72,55|72,66.4|72.2,55.6|72.2,76.8|72.4,75.4|72.4,80.2|72.6,65.8|73,59|73,71.4|73.2,71.8|73.2,77.6|73.4,73.4|74,60.2|74,61.8|74,74|74,79|74.2,71.4|74.4,62.8|74.6,59.8|74.6,73.6|74.8,76|75,77|75.2,62.4|75.4,65.2|75.4,65.6|75.6,65.6|76,65.2|76,67.8|76.2,64.2|76.2,67.2|77,62.6|77,64.4|77.4,64.8"
125936,Burning Hound,9180,0,922,Invasion Point: Bonich,"31.6,42|34,39.6|35,38.8|35.2,47.8|35.4,46|35.4,59.2|35.8,38|35.8,46.8|35.8,72.4|35.8,72.6|36,39|36,44.2|36,54.6|36,74.2|36.2,52.4|36.4,40|36.4,40.8|36.4,45.6|36.4,69.8|36.6,34.8|37,60.2|37.2,38.4|37.2,39.6|37.2,45.8|37.4,39.2|37.4,40.8|37.4,42|37.4,47.8|37.4,58.6|37.4,70|37.6,34.6|37.6,39.2|37.6,40.4|37.6,42.2|37.6,42.6|37.6,44|37.6,71|37.8,33|37.8,36.4|37.8,37.4|37.8,69.4|38,38|38,41.2|38,44.6|38.2,72.6|38.4,50.2|38.4,62.4|38.4,64.8|38.4,69.6|38.6,38.2|38.6,39.2|38.6,41.6|38.6,47.2|38.8,36.8|38.8,41|38.8,55.6|38.8,58.8|38.8,62.6|39,40.4|39,42.6|39,45.4|39.2,34.2|39.2,36.4|39.4,66.4|39.4,70|39.8,37.8|39.8,42.8|40,41.6|40,44.6|40.2,30|40.2,35.8|40.2,37.2|40.2,39.2|40.2,66.2|40.4,33|40.4,60|40.4,61.6|40.6,37.2|40.6,39.4|40.6,41.6|40.6,59.6|40.6,63.2|40.8,64.8|41,29.4|41,58|41,61.6|41,63.6|41,66.2|41,69|41.2,67.6|41.4,67.4|41.4,70.2|41.6,44.2|41.6,62.4|41.6,64.8|41.6,68|41.6,68.6|41.8,37.2|41.8,63.6|41.8,67|42,63.2|42.2,30.2|42.2,41.6|42.4,33|42.4,66|42.6,63.4|42.6,70|43,65.4|43,66.6|43.2,65.8|43.2,67.6|43.2,69|43.4,32|43.6,62.4|43.6,66.2|43.6,68|43.6,68.8|43.8,32.2|43.8,33.4|43.8,39.4|43.8,44.4|43.8,66.8|43.8,69.6|44,35.8|44,46.6|44.4,64.6|44.6,67.8|44.6,68.8|44.8,35.6|44.8,39.8|44.8,65.8|44.8,67.2|45,32.2|45.2,34.4|46,43.6|46,64.2|46,66.8|46.2,35.2|46.2,65|46.4,36.8|46.4,63.2|46.8,35.8|46.8,52|47,57.8|47,69|47.2,66.2|47.4,67.6|48,64.6|48,68.4|48.2,61.6|48.4,39.8|48.4,65.6|48.6,65.2|48.6,72|48.8,37|48.8,66|49,43|49.2,35.8|49.2,38.4|49.2,44|49.2,62.2|49.2,64.4|49.4,39|49.4,41.4|49.6,37|49.6,39.8|49.6,60.6|49.6,66.6|49.8,54|49.8,60.2|49.8,65.4|49.8,68.4|49.8,68.8|50,40.6|50.2,38|50.4,45.8|50.8,39.6|50.8,46|50.8,61.2|50.8,61.8|50.8,63|50.8,65|50.8,67.4|50.8,68.8|51,39|51.2,38.2|51.2,60.4|51.4,35.2|51.4,37|51.4,44|51.6,36.8|51.6,38.4|51.8,54.6|51.8,59|51.8,63.2|51.8,69|52,39.2|52,40.4|52,43|52,45.8|52,46.8|52,57|52,60.4|52,63.6|52,66.2|52,69.6|52.2,42|52.2,53.2|52.4,40.8|52.4,47.6|52.4,61.4|52.4,62.4|52.4,67.4|52.4,68.4|52.6,39.4|52.6,58.2|52.6,59.4|52.6,60|52.6,61.4|52.6,63|52.6,64|52.6,68.2|52.8,42.4|52.8,62.2|52.8,66.2|52.8,67.2|53,40|53,43|53,44.6|53,69.6|53.2,37.8|53.2,46|53.4,41.4|53.6,40.2|53.6,42.4|53.6,52.6|53.6,66.2|53.8,60|53.8,61.4|53.8,63.2|54,50|54,61.6|54.2,41|54.2,42.6|54.2,65.2|54.2,67|54.4,45.2|54.4,68.2|54.6,56.6|54.8,40|54.8,62.6|55,43.6|55,58.6|55.2,46.8|55.2,49.4|55.2,63.8|55.2,66|55.4,43.2|55.6,39.4|55.6,40.2|55.6,69.8|55.8,48.4|55.8,56.6|55.8,60.8|56,47|56.2,44|56.4,45.8|56.4,60.4|56.4,64.4|56.6,48.8|56.6,62.6|56.6,66.6|57,47.2|57.4,49.6|57.6,40.4|58,36.6|58.4,37.6|58.4,60.4|59.8,53.6|59.8,59.8|60.2,56.8|60.4,50|60.8,48.6|60.8,56.2|61,65.8|61.2,54.8|61.6,47.2|61.6,48|61.6,49|61.6,55|61.6,57|61.8,40|61.8,51.8|61.8,55.6|62,57.6|62.2,51|62.2,52.6|62.2,53.6|62.6,50.4|62.8,47.4|62.8,54|63,51.4|63,63.6|63.2,40.6|63.2,47.6|63.2,52.2|63.2,53|63.2,55|63.6,41.2|63.6,50.2|63.6,56.6|63.8,50.8|63.8,54.8|64,48.8|64,52.8|64,53.8|64,60.4|64.2,48|64.2,52.2|64.6,52|64.6,54|64.6,56.2|64.6,59.2|64.8,50.4|64.8,53.2|65,51.4|65,56.8|65.4,49.2|65.4,55.4|65.4,66.6|65.6,53.2|65.8,55.4|66.4,57.4|66.4,58|67,50.2|67.4,57.2"
125936,Burning Hound,9295,0,929,Greater Invasion Point: Matron Folnuna,"40,52|43.4,57.8|44.2,58.2|46,55.2|46.4,65.8|47,61.8|47.2,53.2|50.8,70.6|51.6,64.6|51.8,51.8|52.6,85.6|53.6,56.6|54.2,69.6|54.4,69.2|54.8,66.6|56.2,46.8|60.2,69|61.2,56.2|61.2,63.8|61.6,74.2|62.4,46.4|62.4,58.6|62.6,69.4|64.2,57|66.4,66.2|69,69.6|72,75.4|74.2,64"
125936,Burning Hound,9296,0,927,Greater Invasion Point: Pit Lord Vilemus,"17,57.8|18,65|18.6,56.6|21.6,62.4|24.4,52|27,46.8|27.4,59|27.6,56|28,53.4|28.4,47|28.4,54.6|29.2,51.2|29.4,49.6|29.8,51.8|30.6,52.2|34.2,52.8|35,53.8|35.4,55.2|37,56.8|57.8,61.2|58.2,65|58.6,61"
125936,Burning Hound,9298,0,932,Greater Invasion Point: Occularus,"42.2,64.4|47.6,45|48.2,52.6|48.4,46|49,49.6|49.4,53|50.4,47|51,37.8|51.2,49|51.4,29.4|52.8,46.4|52.8,46.6|53.6,46.8|55.8,49.4|58.6,46|61.2,39.4"
125936,Burning Hound,9300,0,928,Greater Invasion Point: Mistress Alluradel,"36.4,41.8|37.4,39.6|39.6,60.6|39.8,35.6|39.8,63.6|41.2,64.6|42.4,65.4|43.4,66.8|45.2,61.6|50.4,53.8|50.6,57.4|50.8,63.2|51,39.6|51,55|51.4,61.6|51.6,60.8|52.8,44.4|52.8,58.2|53.6,65.6|53.8,65.4|55.4,46.2|55.8,60.4|60.6,61.4|62.2,61.2|64.2,53.4|64.8,59.2|65.8,54|66,57.8|66.2,61|66.4,53.2|66.6,57.6|66.8,52.4|67.2,60.8|68.4,61"
126618,Bloodraged Pterrordax,8726,0,1167,Zanchul,"36.8,61.8|40.4,63|42.4,32.6|46.4,39.2|47.4,41.4|48.4,44.6|48.8,45|49.4,49.2|50.2,46.6|52.2,53.4|52.4,41.4|53.2,50|62.8,64.8|64.8,67.8|65,72.6|68.4,64.6"
127381,Silt Crab,9327,0,974,Tol Dagor,
127477,Saltwater Snapper,9327,0,974,Tol Dagor,
127479,The Sand Queen,9327,0,974,Tol Dagor,
127482,Sewer Vicejaw,9327,0,974,Tol Dagor,
128434,Feasting Skyscreamer,9028,0,934,Atal'Dazar,
128435,Toxic Saurid,9028,0,934,Atal'Dazar,
128551,Irontide Mastiff,9164,0,936,Freehold,
129517,Reanimated Raptor,9028,0,934,Atal'Dazar,
130338,Dustfang,9469,0,981,Un'gol Ruins,"11.8,70.8|19,45|19,69|22.2,73.2|24.2,75.2|24.4,74|25.8,74.8|35.4,67.2|37,70|40.2,63.2|40.6,68.6|41.2,71.6|42.2,62.2|42.8,61.4|43.6,59.2|44.4,63.8|45.2,58.8|45.6,58.8|50,42|53,30|54.8,64|55,63.4|57.4,25.6|59.2,22.4|62,74.6|65,72|65.6,79.2|66.6,72.8|68,33.8|68.6,74.4|73,38.8|75.2,41.2|75.2,49|76,50.6|81.6,57.8|82.4,58.8"
130338,Dustfang,9540,0,1502,Snowblossom Village,"38.4,59.6|45.8,29.2|47,41.2|47.6,51.2|48.6,43.4|55.8,57|56.2,41.8|57.4,61.6|57.6,51.4|58.2,48|59.2,34.4|59.2,35.2|59.2,45.6|59.2,59.4|59.4,39.8|59.4,57.6|60,40.4|60.4,50.4|60.6,35.2|60.8,49.8|60.8,51.2|60.8,55.8|61,36.8|61,48|61.2,38.2|61.2,48.8|61.4,35.8|61.4,41.4|61.6,35.6|61.6,40.2|61.6,47|61.8,42.2|61.8,44.8|61.8,48.6|62,46|62.2,48.4|62.8,60.4|62.8,60.8|62.8,62.4|63,58.2|63.8,42|63.8,62.6|64,57|64.2,43.6|64.4,64.2|65.2,66.6|65.4,43.4|65.4,65.4|65.6,66|66,64.2|66.8,41.6|66.8,44|66.8,64.6|67.2,63.4|67.4,40.8|67.8,40.6|70.8,39.4|70.8,40.8|72.2,40.2"
130338,Dustfang,10222,0,1501,Crestfall,"42.6,83.6|50.4,83|66.6,83.2|66.8,80.2|68.6,74|72.2,77.2"
130581,Sand-Eye,9469,0,981,Un'gol Ruins,"17,54.6|18.6,51.6|18.6,54.6|19.2,50.4|19.8,48.2|20.8,71.2|23,75.2|23.8,36.4|24.2,73|30.2,71.4|30.4,69|32.4,72.6|33.2,71|34.8,46.6|34.8,66.2|35.6,70.2|37.6,67|44.2,59.2|46.2,55.2|52.4,47.4|52.6,48.4|52.8,60.6|54,64.6|54.2,67.4|54.8,65|59.6,20|60.4,72.4|61.4,19.4|63.2,77.4|73.2,39|74.6,38.2|75.4,51.8|75.6,61.8|75.8,39|75.8,41.8|75.8,48.8|76,41.2|80.8,60|81.4,57.6"
130581,Sand-Eye,9540,0,1502,Snowblossom Village,"56.6,48.8|56.8,49.8|62,48.6|63.2,43.6"
130581,Sand-Eye,10222,0,1501,Crestfall,"48.4,84.2|49.4,84|50.6,83|65.2,82.8|65.8,81.4|68.4,66.8|71,73.8|71.2,75|72.8,53.4|77,68.2|79.4,63.4"
130584,Gorespike,9469,0,981,Un'gol Ruins,"18.4,53.6|19,51.8|23,76|23.6,76|24.2,75.2|24.8,79.2|26,74.6|33,44.8|33,76.2|33.4,66.4|34,45.2|34.4,68.6|35,67|35.2,71.2|37.6,61|37.8,66.2|37.8,67.2|40.6,63|41.8,59.8|42.2,61.8|42.8,62.4|43,64.2|43.2,65.6|43.6,60.6|43.8,58.4|44.2,58.6|44.4,64.8|44.6,57.2|44.6,61.8|45,60.4|47,60.6|54.2,66.8|56,69.4|57.2,66.4|61,24.4|62,20|62,21.6|62.6,77.6|66.2,63.2|73.8,43.2|74.6,61.6|76,59.4|76.2,51.4|76.6,41.6|76.8,43.2|78.4,58.8|78.4,60.4|79.2,58.8"
130584,Gorespike,9540,0,1502,Snowblossom Village,"56.4,48|60.6,35.8|61,47|61.6,39.8|61.6,48.2|63.4,63.4|64.8,65|65.2,64.4|65.6,44.2"
130584,Gorespike,10222,0,1501,Crestfall,"40.2,81.2|49.4,83.4|49.6,83.8|50.2,83.2|51,82.6|52,73.8|52.2,81.4|57.8,85.4|59,59|61.2,80.8|61.8,81.4|64.2,82.4|65.6,74.2|67,73.8|70,77.2|70,78|70.2,89.6|70.6,87.4|71,87.6|74.2,72.2|76.6,67|80,59.2"
130902,Creepy Spider,9028,0,934,Atal'Dazar,
132644,Wolf Pup,9439,0,1044,Arathi Highlands,"42,39|42.2,38.4|42.4,37.4|42.4,39.8|42.4,40.6|42.6,40.6|42.8,35.6|42.8,37.4|42.8,39|42.8,40|43.2,37.8|43.4,35.2|43.6,34.4|43.6,37.6|44,38.8|44.6,32.2|44.8,38.6|45,38.2|45.6,38.4|45.8,28.6"
132644,Wolf Pup,9734,0,943,Arathi Highlands,"42,40.8|42.2,37.4|42.4,38.4|42.4,39|42.4,39.6|42.6,38|42.6,38.6|42.8,40.8|43.2,35.4|43.2,39.8|43.4,34|43.4,37|43.6,33.8|43.8,39|44,37.6|44.8,38.6|45,30.4|45.2,31.4|45.2,38.4|46,31.4|46.2,39|46.4,40.6"
132754,Highland Strider,9439,0,1044,Arathi Highlands,"55.8,55.2|60.2,54.8|61.4,54.4|61.4,55|61.6,53|61.6,54.2|62,54.8|62.2,52.2|62.6,53.4|62.6,53.8|62.6,54.8|64,57.4|64.2,55.2|64.4,53.2|64.4,57.8|64.4,59.2|64.6,55|64.6,59|64.8,57.6|65.2,54.2|65.4,50.6|65.4,56.4|65.4,56.6|65.6,54.4|65.8,55.4|65.8,56.2|66.2,57|66.6,55.8|66.8,56.6|67.4,48.4|67.4,58|67.6,57.6|70,60|72.8,62.8|76.4,53.2"
132754,Highland Strider,9734,0,943,Arathi Highlands,"59.4,61.4|60,55.2|61.4,54.6|61.8,52.8|61.8,54.4|62,57.8|62.2,52.2|62.2,54.8|62.6,55.4|62.8,54|63.2,55.6|63.6,59.8|63.8,53.8|63.8,56.8|64.2,54.6|64.4,55.8|64.8,55.8|65,52.2|65.4,53.2|65.4,54.2|65.4,57.4|65.4,58.6|65.8,57.4|66,51.4|66,53.8|66,55.8|66,57.6|66.2,45.4|66.2,49.6|66.8,56|67.6,57.2|68,55.4|68,57.8"
132758,Young Mesa Buzzard,9439,0,1044,Arathi Highlands,"74.4,49.2|76.2,31.4|76.4,45.2|76.6,36.8|77.4,30.4|77.6,30.4"
132760,Plains Creeper,9439,0,1044,Arathi Highlands,"45.4,32.4|45.4,33.2|45.4,34.4|45.4,34.6|45.6,34.6|45.8,31.4|45.8,32.6|46.2,31.6|47.2,48.2|47.2,48.6|47.4,33|47.4,47.2|47.4,50.2|48,33.8|50,27.4|50.2,26.4|50.4,27.6|50.4,34.4|50.6,26.6|50.6,29.4|50.6,29.6|50.8,26.2|51.8,53.6|52,30.4|52.2,30.6|52.4,9.2|52.6,8.4|52.6,30.8|52.8,9|53.2,42.6|53.4,53.4|53.8,30.8|54,25.6|54.2,53.4|54.2,53.8|54.8,53.8|55.6,31.2|55.6,32|56.6,32.2|57,47.2|57,47.6|57,48.6|57.2,51.6|57.4,45.2|57.6,48.2|57.8,51.6|59,41.2|60,48.4|61.8,38.4|61.8,42.2|62,39.4|62,42.6|64.4,37.2|64.4,37.6|65,37.4|65,37.6|65.4,38.8|65.6,38.6|65.8,38.2"
132760,Plains Creeper,9734,0,943,Arathi Highlands,"45.2,32|46,31.4|47.2,50.2|47.6,46.8|47.8,45.8|50.8,41.4|52.4,45.8|54,40.8|54.2,54|54.4,54.6|54.8,54|55.4,40.4|56.4,31.8|56.8,32.6|56.8,47.2|57,32.4|57,48|57.2,34.2|57.4,48.6"
132799,Mesa Buzzard,9439,0,1044,Arathi Highlands,"73.6,52.6|76.8,30|77.6,29.6|77.6,41.6|77.8,31.2|79.6,31.8"
132799,Mesa Buzzard,9734,0,943,Arathi Highlands,"62.2,81.2"
133298,Fetid Devourer,9389,5,1153,Uldir,"65.4,48.6"
133384,Merektha,9527,0,1038,Temple of Sethraliss,"42.9,51.2"
133835,Feral Bloodswarmer,9391,0,1041,The Underrot,
134005,Shalebiter,8064,0,1010,The MOTHERLODE!!,
134167,Highland Thrasher,9439,0,1044,Arathi Highlands,"67.4,88|69,83.6|69.2,82.6"
134167,Highland Thrasher,9734,0,943,Arathi Highlands,"58.6,74.4|59.4,76.4|59.8,77.2|60.6,76.4|60.6,77|60.8,72.6|61,79.4|61.4,77.6|61.6,77.2|62,76.4|63.2,81.6|63.4,80|65.6,83.2|66.4,83.6|66.6,85|67.4,86.2|67.6,88.4|68,87|68.4,83.4|69.4,81"
134181,Elder Mesa Buzzard,9734,0,943,Arathi Highlands,"56.6,83.8"
134390,Sand-crusted Striker,9527,0,1038,Temple of Sethraliss,"42.9,51.2"
134686,Mature Krolusk,9527,0,1038,Temple of Sethraliss,
134798,Abyss Crawler,9469,0,981,Un'gol Ruins,"12.8,70.2|13,69|17.2,57.2|18,48.8|19.2,45.2|20,49.4|21,73.2|21.8,77.8|23.4,74.2|23.6,75|23.8,71.2|24,73.4|24.4,74.4|25,74|25.4,72.6|27.4,74.4|27.6,72.6|27.8,73.6|30.6,67.6|33,70.4|35,67.4|35.2,70|35.6,69|35.8,71.4|36,68.4|39.2,63|40,62.4|40.4,63.2|40.8,64|41.4,60.4|42.6,65.2|43,60.2|44,51.4|44.2,58.6|44.2,63.2|44.4,61.2|44.4,67.4|45.2,52|45.2,57.6|47.4,58.6|47.6,59.4|50.8,51.6|52.2,48.4|54,64.6|54.2,64.2|58.4,75.2|59,73.8|60.8,76.4|61.2,76.8|61.2,77.6|61.8,73.8|63.2,77.4|67.8,39.2|68.4,53.8|68.8,52.2|69.2,50.8|69.4,53.4|70.2,71.4|73.2,62.4|73.8,64.8|73.8,69.8|74,61.8|74.4,40.6|74.6,63.6|75,39.2|75,50.2|75,51|75,59.8|75.8,41.2|75.8,51.6|76,40|76,42.6|76,49.2|76,50|76.2,44.6|76.2,55|76.4,39|76.4,54.4|76.6,44.8|77,59.8|77.6,60.4|78.4,60.8|80,55.6|81.2,54.2|81.2,57.4|81.6,55|81.6,58.2"
134798,Abyss Crawler,9540,0,1502,Snowblossom Village,"41.8,60|43.8,33|47.2,40.4|48.8,64.4|52.8,45.8|53.8,67.8|56.4,59|57.4,49|58.4,34.4|58.4,42.2|59.8,57|60.6,57.2|60.6,59.6|60.8,55.8|61,38.6|61.6,42.8|61.6,61.2|61.8,57.4|62,45.8|62,62.2|62.4,59.6|62.6,43.2|62.8,60.2|63,57|63.2,56.4|63.2,59.4|63.6,43.6|63.8,57.2|64,58.4|64.4,56.4|65.2,43.8|65.6,61.8|66,43.2|67.6,42.4|70.4,39|70.4,39.8|71,39.4"
134798,Abyss Crawler,10222,0,1501,Crestfall,"32.6,80.6|42.8,82.6|49,83.2|50.4,83.2|50.4,83.6|51.4,82.2|51.4,83|59,88.6|59.4,87.6|60.4,89|62.8,75.2|69,64.2|69.8,62.2|70.6,88.2|72.4,55.8"
134799,Fathomclaw,9469,0,981,Un'gol Ruins,"11.6,71|16.4,68.4|17.4,53.8|17.6,54.2|18.8,52.8|19.2,50.4|19.4,50.8|22.4,73.4|22.6,74.4|23.6,77.4|24.6,72.8|24.8,73.8|29.8,68.8|29.8,74.8|31.6,41.6|32.4,74.4|33.2,66.6|33.2,73.8|35,70.4|35.4,65|35.4,71.2|35.8,23.4|36,64.4|38,65.4|38.6,63.2|39.6,67.8|39.8,67|40.4,65|40.8,62.8|41.8,59.6|42.2,57.6|42.4,62.8|44,59.8|45.2,58.6|49.2,63|54.4,63.8|54.6,63.8|54.8,61.2|56,62.8|56.2,64.8|57.6,62.2|58,61|58.6,62.2|59.2,63.6|59.8,77.8|61,75.6|61.4,72.6|61.4,77.2|61.6,58.6|62.2,75|62.2,75.8|62.2,76.8|62.6,77.4|63.2,77.6|64.8,76.2|69.6,36.6|71.8,38.4|73.2,39.8|74,37.8|74,66.2|74.4,38.8|74.6,42|75.2,40.8|76,38.8|76,41.4|76,41.6|76.2,44.8|76.6,58.4|76.8,59.2|76.8,60.4|77.2,43|78.4,60.4|80.4,59.8|80.8,59.4|81,60|81.4,57.6|82,56.6"
134799,Fathomclaw,10222,0,1501,Crestfall,"32.4,81.4|32.6,81.6|33.4,81.2|40.8,78.8|42.2,82.8|49.4,83.4|50.4,83|50.6,83.2|52.2,74.2|52.2,80|54.4,82.4|54.8,81.8|68.4,66.4|71,88|71.8,58.4"
135048,Gorestained Piglet,9424,0,1015,Waycrest Manor,
135049,Dreadwing Raven,9424,0,1016,Waycrest Manor,
135052,Blight Toad,9424,0,1016,Waycrest Manor,
135234,Diseased Mastiff,9424,0,1016,Waycrest Manor,
135846,Sand-Crusted Striker,9527,0,1038,Temple of Sethraliss,
136976,T'zala,9526,0,1004,Kings' Rest,
136984,Reban,9526,0,1004,Kings' Rest,
137098,Liskorath,9327,0,974,Tol Dagor,
137233,Plague Toad,9527,0,1043,Temple of Sethraliss,
137487,Skeletal Hunting Raptor,9526,0,1004,Kings' Rest,
137713,Big Money Crab,8064,0,1010,The MOTHERLODE!!,
137716,Bottom Feeder,8064,0,1010,The MOTHERLODE!!,
137835,Vicious Black Bear,9439,0,1044,Arathi Highlands,"36.2,36.4|36.2,36.8|36.6,36.2|36.6,36.6|36.8,35.2|41.4,53.4|41.8,54|42.8,48.6|43.4,24.4|43.4,24.6|43.8,29|44,17.4|44.2,18.4|44.2,18.6|48.2,13.4|48.2,13.6|48.6,13.2|48.6,13.6"
137835,Vicious Black Bear,9734,0,943,Arathi Highlands,"31.8,49.4|31.8,50|32.6,50|35.4,44.6|35.6,44.4|35.6,44.6|37,35.2|37,35.8|37.4,55.4|37.4,55.8|38,56.4|38.8,36.8|42,47.6"
137836,Wild Horse,9439,0,1044,Arathi Highlands,"33,41.4|33,42.2|33.4,42.8|33.6,41.4|33.6,42.4|33.6,42.8|34.2,40.2|34.6,41.4|34.6,50.4|35.2,50.6|35.4,42.4|36,53|36.4,50.8|37,54.2|37.4,51.6|37.4,52.8|37.6,50.4|37.8,51.4|37.8,52.6|37.8,53.8|38,51.6|38.6,51|38.6,52.2|38.6,52.8|38.8,50|39,48.6|39,54.6|39.2,54"
137836,Wild Horse,9734,0,943,Arathi Highlands,"32.4,44|33.2,42.6|33.4,41.4|33.4,41.6|33.6,41.8|34,50.6|34.4,42.6|34.6,51.2|35,51.6|35.2,43.8|35.8,52|36,51|36.2,69.4|36.2,69.8|36.4,68.4|36.6,69.8|37.2,53.4|37.2,54|37.4,51|37.4,52.4|37.8,53.6|38.2,53.2|38.6,53|38.8,54.6|39.4,50"
138660,Mist Hound,9469,0,981,Un'gol Ruins,"15.4,61|17,63.4|40,65.2|45.8,56.4|48,59.6|55.8,26|56.8,24.8|56.8,25.8|59.2,23.8|61.6,30|62.6,39.6"
138660,Mist Hound,9540,0,1502,Snowblossom Village,"21.4,48.4|21.8,48|24.8,41.2|49.4,38.6|59,44.2|59.4,44.6|59.4,47.2|61.4,42|61.8,60|62.6,58"
138660,Mist Hound,10222,0,1501,Crestfall,"70.4,30|73.8,43.2"
138851,Soul Hunter,9469,0,981,Un'gol Ruins,"16,64.4|32.8,39|33.4,66.6|33.8,44.8|40.2,64.2|40.8,66|43.4,60.4|43.6,59.8|43.8,58.8|45,56|45,66|45.2,57|46.6,61.2|46.8,54.2|47,57.2|47.6,59.6|49.6,56.2|57.6,25.4|64,31.6"
138851,Soul Hunter,9540,0,1502,Snowblossom Village,"20.4,49.2|21.2,47.6|21.2,49|28,65.4|28.8,63.4|56.4,51.2|56.6,44|57.4,41|58.2,44.4|58.6,45.4|58.8,44.2|58.8,51|59,50|60.2,43.8|60.2,51.6|60.4,45|62.6,59.4|63.2,57.6|64,60.8|64,61.6|66.6,62.8"
138851,Soul Hunter,10222,0,1501,Crestfall,"38.6,68|41.4,73.6|45.4,71.2|45.4,82.2|49.6,79.6|52,80.4|53.6,82.2|53.8,77.4|60.2,81.2|60.2,81.8|61.4,79.6|61.8,80.2|64.2,82.8|65,82.2|65.6,81.8|66,74|66.8,74|68.8,74.4|71.2,77.4|71.4,33.6|73.2,36.4|74.2,34.2|76.8,50.8|78.6,55.2|79.4,64.4|80.2,61"
138971,Zian-Ti Serpent,9469,0,981,Un'gol Ruins,"18.8,50.2|19.4,48.2|20.4,45.8|20.4,51.2|32,35.8|32.8,38.2|32.8,41.8|33.8,39.8|34,41.6|34.2,39.4|34.4,46.8|34.8,56.6|35,50.2|35.2,45.4|35.4,44.4|36,51.2|40,64.2|41.6,60|42.8,59.8|42.8,61.2|43.2,57.4|43.6,67.2|44,61.8|44.8,59.6|45.6,65.2|47.2,58.4|47.8,61.2|48.4,60|49,63|50,55.6|53.6,26.4|53.6,29.8|53.8,29.4|56,25.6|57.2,25.4|58,20.6|62,34.6|62,35.6|63.4,30.6|64,29.6|75.8,51.8"
138971,Zian-Ti Serpent,9540,0,1502,Snowblossom Village,"43,46|51,37.8"
138971,Zian-Ti Serpent,10222,0,1501,Crestfall,"43,52.2|44.8,40|46.6,79.8|51.6,34|57.2,69|61,46.2"
138972,Zian-Ti Cloudbreaker,9469,0,981,Un'gol Ruins,"16,54.8|16.8,67.6|17,58.4|17.4,67.4|18.2,66.8|19.6,47.6|21.4,71.6|28.6,71.6|31.4,45|31.8,44.2|31.8,69.6|32,73|32.2,43.2|32.2,72.2|32.4,39|32.8,38.6|32.8,41.2|33.4,67.6|33.6,46|33.8,44|34.2,47.2|34.4,42.2|34.8,39.4|35,41.6|36,41.6|36.4,43.8|36.8,41.6|36.8,44.8|36.8,46.2|36.8,66.8|37.6,35|37.6,42|38.2,37.4|38.6,42|39.8,66.2|40.4,41.4|40.8,66.4|41,40.2|41.2,64.2|41.6,69.8|42.2,59|42.4,61.4|42.4,63|43,60.2|43.2,51.6|43.2,59|43.6,60.8|43.8,50.8|44.2,54.2|44.2,59|44.4,49.8|44.4,58.2|44.4,60.4|44.4,61.6|44.6,62|44.8,57.6|44.8,63.2|44.8,64.2|45,65.6|45.2,54.8|45.2,56.6|45.4,59|45.6,63.8|46,56.8|46,58.8|46.2,60.4|46.4,53.4|46.6,56.2|46.8,60|47,54|47,58.2|47.2,55.2|47.6,53.6|47.8,57.2|48.2,48.6|48.2,60.2|48.8,58.8|50,59|50,62.4|50.6,32|50.6,55.4|51,26.2|51.4,28.4|52,31.4|52.8,31.8|53,30.6|53.2,28.8|54,31|55,29.8|55.2,29.2|56.2,72.4|56.4,24.6|56.8,24.6|57.8,21.8|58,24.4|58.4,74.8|58.6,24.6|63.4,29.6|63.6,29|63.6,30.6|63.6,33.4|63.8,25.4|63.8,32.2|65,32.8|65.4,29.4"
138972,Zian-Ti Cloudbreaker,9540,0,1502,Snowblossom Village,"58.6,45.2"
139194,Rotmaw,9391,0,1041,The Underrot,
139486,Skycrack,9469,0,981,Un'gol Ruins,"17.8,67.8|21.8,47.4|29.4,67.8|31.4,36.4|32,66|32.4,72.4|33.2,75.2|33.4,39|33.8,38.8|34.4,40.4|34.4,47|34.8,38.6|35,39.6|35.2,46.2|35.6,49.6|36.8,40.8|37,58.2|37.2,41.6|37.2,59|37.2,62|37.6,59.8|39.6,64.8|40.2,60.6|40.8,63.2|41,65.6|41.6,56.8|42.2,59|42.4,64.2|42.6,57.8|42.6,58.8|42.8,63.8|43.2,61|43.4,59.6|43.8,59.2|44,64.4|44.2,59.6|44.4,60.6|44.4,67.4|44.8,55.8|44.8,57.4|45,37.8|45,60|45,66.8|45.2,55|45.2,58.2|45.2,62.2|45.4,59.2|45.8,58.8|45.8,60.2|46.8,52|46.8,60.8|46.8,63.2|47.4,49.6|47.4,55|47.4,58|47.4,64|47.6,49.8|47.6,51|47.8,60.4|48,56.4|48.2,41.6|48.2,48.8|48.4,63.2|48.6,59|48.8,49.6|48.8,50.6|48.8,60.2|49.2,43.6|49.2,58|49.4,41.8|49.4,43|49.4,44.6|49.6,48.4|50,49.4|50.8,53|52.8,32|54,69.8|55.8,26.6|55.8,65.6|57.2,25.6|57.8,24.8|57.8,74.8|60.2,78.4|60.6,24.4|62,33.6|62.4,33|63.2,30|64.8,30.2|67.6,54.4|67.8,54.6|68.6,54.6"
139486,Skycrack,9540,0,1502,Snowblossom Village,"56.4,39.2"
139486,Skycrack,10222,0,1501,Crestfall,"69.6,34.8|71.2,87.4"
139842,Risen Ravasaur,9525,0,1039,Shrine of the Storm,
140038,Abyssal Eel,9525,0,1039,Shrine of the Storm,
140070,Bloodscent the Tracker,9469,0,981,Un'gol Ruins,"24,64.2|47.8,30.2|49,31.8|55.4,35.8|57.2,24.6|57.6,15.8|58,23.8|58.6,22.6|58.8,21.6|59,24|59.2,20|59.6,19.4|59.8,22.8|60.8,26.2|62.4,51|62.6,62"
140070,Bloodscent the Tracker,9540,0,1502,Snowblossom Village,"29.2,53.6|51.4,46"
140070,Bloodscent the Tracker,10222,0,1501,Crestfall,"53.6,58.8"
140071,Old One-Fang,9469,0,981,Un'gol Ruins,"34,47.8|34.6,46.4|35.6,44.8|36.8,24.2|58.6,23.8|59.8,24.4|60,20.2|60,23.2"
140071,Old One-Fang,9540,0,1502,Snowblossom Village,"49.4,68|52.4,66.4|57.2,60.8"
140071,Old One-Fang,10222,0,1501,Crestfall,"62.6,60.4|63.8,34.2"
140072,Direprowl the Ravager,9469,0,981,Un'gol Ruins,"23.4,66.6|37.2,41.4|60.4,20.2|60.8,26.8|62.6,31.4|64.8,30.6|67.2,43.6|67.2,45.2"
140072,Direprowl the Ravager,9540,0,1502,Snowblossom Village,"37.4,71.4"
140072,Direprowl the Ravager,10222,0,1501,Crestfall,"39,61.8|45,41.2|50.6,33.8|63.6,35.6|64.4,30.8"
140296,Dampfur the Musky,9469,0,981,Un'gol Ruins,"35,42.2|36,43.4|58,21.2|58,22.2|58.6,20.6|58.8,19.6|58.8,26.6|59.8,23.4|60,19.8|60,27.8|61,21.8|62.6,27.8|62.8,29.4|63.4,30"
140296,Dampfur the Musky,9540,0,1502,Snowblossom Village,"37.2,72.2|62.6,61.2|64,61.8"
140296,Dampfur the Musky,10222,0,1501,Crestfall,"51.8,32.8"
140298,Gol'kun the Vicious,9469,0,981,Un'gol Ruins,"31.4,50.6|33.2,49|33.2,50|34.4,48.8|38,75|41.2,41|46.2,47.6|51.2,28|60.8,19.8"
140298,Gol'kun the Vicious,9540,0,1502,Snowblossom Village,"43.6,54.6|45,66.6|49.6,42.4|50.4,53.8|50.4,66.2"
140298,Gol'kun the Vicious,10222,0,1501,Crestfall,"66.4,48|70.2,43"
140300,Ripshread,9469,0,981,Un'gol Ruins,"34.2,43.4|34.8,40.4|34.8,45.4|35.6,45.6|36.6,44|52.2,30.2|52.4,37|53.2,25.6|59.8,19.8"
140300,Ripshread,9540,0,1502,Snowblossom Village,"37.4,71.4|44.4,66|48.6,61"
140300,Ripshread,10222,0,1501,Crestfall,"42.4,54.8|42.6,35.6|46.2,36.6|62.8,57.8"
140301,Scarpaw,9469,0,981,Un'gol Ruins,"35.6,46.2|41,65|58,25.8|58.4,22.2|60.4,24.2|63.2,22"
140301,Scarpaw,9540,0,1502,Snowblossom Village,"49.4,36.8"
140301,Scarpaw,10222,0,1501,Crestfall,"63.2,58"
140560,Blazeseeker,10222,0,1501,Crestfall,"50.8,57.8|51,57.4|52,64|52.8,58.2|53.2,58.6|62,61|62.2,60.2|62.4,59.4|62.6,61|62.8,58.2|63.6,63.2|64,57.8|65,57.2|65.2,56.2|65.8,56|66.2,57.4|66.4,58|67.2,47.2|67.2,48|67.6,46|68,45|68.4,67.2|68.6,44.6|69.2,44|69.2,63.6|69.6,43.4|70,43.6|70.2,42.2|71.2,40.8|71.4,33.2|72.8,42.4"
140591,Qiraji Scarab,9389,0,1151,Uldir,
140594,Silithid Hunter-Killer,9389,0,1151,Uldir,
140689,Dreadfang Slitherer,9469,0,981,Un'gol Ruins,"12,69.4|12.6,69.2|21,71.8|23.6,65.6|23.8,64.8|23.8,74.8|24.2,36|24.4,60.2|27.2,30.4|30,31.2|30.6,52.2|30.6,77.8|31.8,78.8|31.8,79.8|32.8,76|32.8,82.2|33.2,77.4|33.4,78.2|33.6,45.6|37.6,34.4|37.6,39.2|68.8,62.8"
140689,Dreadfang Slitherer,9540,0,1502,Snowblossom Village,"25.4,69.6|25.6,68.8|26.8,68.2|27,68.8|37.2,70.2|42.8,40.6|44.6,47.6|48.2,39.4|53.8,65.8|54.2,57|55,36.4|60.2,25.6"
140689,Dreadfang Slitherer,10222,0,1501,Crestfall,"38.2,68.8|39,68.4|39,69.2|42.8,48.6|43,57.6|45.4,39.6|46.2,54.4|51,52.4|54.8,32|66.2,36"
140690,Dreadfang Viper,9469,0,981,Un'gol Ruins,"11.2,69.6|12.4,69.8|12.8,69.4|13.6,69.4|14,65|14.6,74|15.6,66|15.6,66.8|16.6,57.4|16.8,68.2|17.8,57|23,40.6|23.4,37.6|24.4,35.2|24.8,60.4|25.6,45.2|26.8,46.4|26.8,69.6|28.4,71.8|30.4,52.6|30.4,71.2|30.8,51.6|31,52.6|31,83.6|31.2,26|31.6,39.8|32,51|32,82.8|32.2,44.4|32.2,78.2|32.6,82.8|32.8,33.4|32.8,40|32.8,81.2|33,43|33.2,29.6|33.4,82.4|33.6,79.8|33.8,40.2|33.8,57.8|34,43.2|34,44.8|34,46|34,56.8|34.2,47.2|34.4,41.8|34.6,40|35,48.6|35.2,47.2|35.4,38.4|35.8,46|36,41.8|36.6,40.2|37,37.6|37,42.2|37,45.2|37.2,51|37.6,34|37.6,41.6|37.6,49.2|37.8,33.2|38,50.8|38.2,39.4|38.4,40.6|38.4,52.4|38.6,42.8|38.6,54|38.8,37.8|39,66.8|39.6,51.8|40,42.4|40.4,64.2|40.4,65.4|40.8,49.4|40.8,51|41.4,50|41.6,51.2|42,38.8|42,58.6|42.2,40.8|42.4,57.6|42.6,41.6|42.6,51.6|42.8,51.2|43,39|43,62.4|44,48.8|44.2,39|44.4,57|44.4,65.8|44.8,50.6|45.8,55|46.4,57.8|46.8,37.8|47,34|47,43.8|47,44.6|47.6,35.2|47.8,41.2|48,24.6|48,38|48.4,36.8|48.8,40.4|49,26.2|49,28.6|49.2,38.2|49.4,26.8|49.6,29.4|49.6,57.2|49.8,35.6|50.2,30.8|50.2,33.2|50.2,41.4|50.4,39.4|51.2,29.6|51.2,32.6|51.4,30.6|51.4,39|51.4,49.4|51.6,27|51.6,31.2|51.6,31.8|51.6,37|51.6,38.8|51.6,39.6|51.6,43.6|51.6,46.4|52,38.2|52.2,32.8|52.4,25.2|52.6,25.4|52.6,31.8|52.8,33.6|52.8,40|52.8,43.4|53,29.4|53,30.8|53.2,48|53.4,28|53.6,26.8|54,35.2|54.2,36|54.4,28.8|54.4,34.4|54.6,37|54.8,28.8|55,25|55.2,41.6|56.2,25|56.2,25.8|56.4,36.4|56.6,23.8|57.4,58.8|57.6,45.4|57.6,49.6|57.8,24|58,25|58,46.4|58.6,44.2|58.6,55.2|58.8,25.8|58.8,47|59,23|59.6,22.6|60.2,20|60.4,24|60.6,39.4|60.8,19.8|60.8,38.2|61,25.4|61,31.8|61,52.6|61.2,21|61.4,19.4|61.4,21.8|61.4,57.6|61.6,50.8|61.8,25.8|61.8,53|61.8,59.8|62,22.8|62.4,24.2|62.4,28.6|62.6,23.8|62.8,26.8|62.8,28.4|63.2,28.8|63.4,50.6|63.6,39.8|63.6,55.6|64,32.2|64,40.8|64,57|64.4,50|64.6,28.2|64.8,30|64.8,34.6|65.6,42.4|65.6,57.2|65.8,41.4|66,64.8|66.6,42.6|66.8,41|67,31.8|67.4,36.2|67.4,42|68,36.8|69,39.2|69,48|69.2,64.8|69.4,50.4|70.2,39.8|75.2,37"
140691,Giant Dreadfang,9469,0,981,Un'gol Ruins,"13,69.6|21.8,40.8|22.8,38.8|23.6,38|24,59.8|24.6,34.4|24.8,61.8|25.6,60.8|29.8,52.6|31,32.8|31.2,26|31.2,50.2|31.6,45.4|31.8,83.2|32,37|32.2,28|32.2,62.8|32.4,33.2|32.4,35.8|32.4,37.6|32.6,62.4|32.6,81.4|32.6,83.6|32.8,35.2|32.8,36.4|32.8,39.2|33,40|33,41.8|33,57|33,64.4|33.2,78.8|33.4,38.4|33.4,44|33.6,44.8|33.6,68.8|33.6,81.4|33.8,43.2|34,26.2|34,40.2|34,57.6|34.2,40.8|34.2,60.2|34.4,48.2|34.4,59.2|34.6,56.2|34.8,43.8|34.8,51.2|35,47|35,48.6|35.8,37.6|36,42|36.2,39|36.2,45.6|36.8,43.8|36.8,49.4|37,34|37.2,30.2|37.2,50.6|37.4,44.6|37.6,34|37.6,40.6|37.8,30|37.8,31.2|37.8,33.2|37.8,45|38.4,43|38.4,52.8|39,44.6|39.2,51|39.4,52|39.6,51.6|40,66.4|40.2,65.4|40.6,63.6|41.8,40.6|41.8,42|42,60.8|42.2,50|43.6,39.2|43.8,57.4|44,58.6|44,66.6|44.8,52.2|46.4,34.6|46.4,37|46.4,45.4|46.6,34.2|46.8,44.6|47,43|47,43.8|47.2,36.2|47.6,38.6|47.6,40.8|48,36.6|48.2,33.2|48.4,31.4|48.4,38.4|48.4,60.4|48.6,40.4|48.8,27.2|48.8,31.2|48.8,36.4|49,31.8|49.2,39|49.4,26|49.6,29.4|49.6,35.2|49.6,42.8|50.2,31.4|50.2,40.2|50.4,28.4|50.4,32|50.6,30.6|50.6,38.4|50.8,42.6|51.2,27.4|51.2,30.2|51.4,47|51.6,28.6|51.6,32.8|51.8,31|51.8,48.2|52.2,37.4|52.4,32.4|52.4,33.6|52.4,39|52.6,27.6|52.6,31.6|52.6,32.6|52.6,33.8|52.6,48|52.8,37.6|52.8,56.4|53,24.8|53,35.8|53,39.2|53.2,37.2|53.2,44.6|53.2,49.4|53.4,39.8|53.6,35.4|53.6,42|54,30|54,33.2|54,34|54.4,28.6|54.4,47.6|54.6,39.6|54.8,48|55,35.4|55,37.6|55.8,23.8|55.8,54.2|56.6,44.4|57.4,25|57.6,26|57.6,28.6|58.2,22.8|58.6,26|58.8,21.4|58.8,26.6|59,24|59.2,23.2|59.2,24.8|59.6,18|60.2,40|60.2,43.2|60.4,22.6|60.6,26.2|61,27.2|61,51.4|61.2,18.6|61.2,58.2|61.6,25|61.6,50.8|61.6,59.2|61.8,40.4|61.8,58.2|62.2,27.4|62.4,31.4|62.4,57.2|62.6,26.4|62.6,40|62.8,57.6|63.2,30.8|63.6,29.6|63.6,33.6|63.8,28|64,26.2|64.2,51.2|64.6,28.2|64.8,28.8|64.8,49.2|65.2,44|65.2,68.2|65.4,56.4|65.6,55.4|65.8,40.8|65.8,42.4|65.8,42.8|66,38.8|66.2,44.6|66.2,45.6|66.2,57.4|66.4,32.8|66.4,37.4|66.4,43.6|66.6,32.8|66.6,67.8|66.8,32.2|66.8,63.4|67,31|67.6,45.6|67.8,41.2|68,39.2|68.8,48.4|69,35.6|69,39.2|69,50.2|69.6,36.4"
140692,Bloodbore,9469,0,981,Un'gol Ruins,"11.6,70|30.8,45.2|34.2,41.4|35,45.8|46.2,44|58.8,21.6|61.2,22.4|61.2,25.6"
140692,Bloodbore,9540,0,1502,Snowblossom Village,"54.2,65.8|56.4,61.6"
140692,Bloodbore,10222,0,1501,Crestfall,"35.6,76.2|36.2,72|44.4,43|52.6,67.4|62.4,62.8"
141643,Seafloor Shambleclaw,9937,0,1157,The Great Sea,"42,70.2|42,70.6|42.4,66|42.8,64.4|42.8,65.8|43,65.4|43,70.6|43.6,64.4|43.6,64.8|43.6,66.4|44.2,70.8|44.4,67.4|44.6,68.8|44.8,67.4|45,66.4|45,67.6|45.2,69.8|45.6,66.6|45.6,68|46.6,67.6|46.6,69.8|48.4,68|48.4,68.8|51.4,65.8|52.4,65.6|52.6,64|52.8,64.6|53,65.8|53.4,62.4|53.6,64.8|54,63|54.2,61.8|54.6,62.2|55,60|55,61.2|55.8,61|56,48.2|56,49.8|56,50.6|56,60.2|56.2,59.4|56.2,63.2|56.2,63.8|56.4,48.8|56.6,50.2|56.6,59.6|56.8,49|56.8,58.4|56.8,59.2|57,50.8|57.2,62.4|57.4,47.6|57.6,49.8|57.8,48.8|58,44.4|58,45.4|58,47.8|58.4,45.6|58.4,47.4|59,45.6|59.2,42.4|59.2,44.4|59.2,47.8|59.4,40.6|59.4,43.2|59.4,44.6|59.4,47|59.6,40.2|59.6,43.6|59.6,47.2|59.6,48.2|60,43|60.4,41|60.4,42|60.6,41|60.8,42.4|60.8,47.6|61.4,40.2|61.4,44|61.6,39.8|61.6,42.2|61.8,43.6|62,39|62.2,43.2|62.6,43.2|62.8,40.6|63.8,44.8|64.2,43|64.4,40.6|64.4,43.8|64.6,40.4|64.6,40.6|64.8,41.8|65,43.4|65.8,41.4|65.8,42|66.2,43|66.8,41.2"
141935,Thrashing Crawg,9389,0,1149,Uldir,
142301,Venomarus,9439,0,1044,Arathi Highlands,"46,20.8|46.8,19.2|48,13|49,13.6|49.8,13.4|51,11.8|51.2,10.4|51.2,12.6|51.4,9.4|51.4,11.4|51.6,7.6|51.6,10.8|51.6,12.2|51.8,9.4|51.8,10.2|52.4,13.6|52.8,10.6|52.8,13.2|53.4,10.2|53.4,17.4|53.6,22.2"
142301,Venomarus,9734,0,943,Arathi Highlands,"46.8,13.4|49.2,10.2|49.4,12|49.4,31.6|50.2,7|50.2,9.4|50.2,10.2|50.4,8.4|50.4,12.4|51,11.6|51.2,8.2|51.2,10.6|51.4,7.2|51.4,9|51.4,10.2|51.6,9.2|52,10|52,11.6|52,25|52.2,8.4|52.2,10.6|52.4,45.6|52.6,9|52.6,9.8|52.6,10.6|52.6,15.4|53.2,11.6|53.2,21.8"
142312,Skullripper,9439,0,1044,Arathi Highlands,"57.6,52.8|63.6,55|65.2,56.6|65.2,57.8|65.2,59.2|65.4,53.4|65.4,54|65.4,55.4|65.4,56.4|65.4,59.6|65.6,55.4|66,53.8|66,56.4|66,58|66.2,57.2|66.2,59.4|66.6,55.4|66.6,56.6|66.8,56.2|72.8,46.6|73,45"
142312,Skullripper,9734,0,943,Arathi Highlands,"61.4,61.6|64.8,54.4|64.8,57|65.2,62|65.4,53.2|65.4,55|65.4,56.4|65.4,57.6|65.4,58.8|65.6,55|65.6,55.8|66,53.4|66,53.8|66,58.6|66.2,56.6|66.2,57.8|66.8,54.2|66.8,58"
142361,Plaguefeather,9439,0,1044,Arathi Highlands,"67.4,40.2|68.6,33.4|70,35.4|71,31.2|72.2,41.2|72.6,31.6|72.6,40.6|73.4,36.2|73.8,36.4|74.2,31.8|74.2,41.4|74.4,33|74.4,34.6|74.8,33|75.2,32.2|75.4,28.6|75.4,30.4|75.4,31.2|75.6,30.8|75.6,31.6|75.6,32.6|75.8,28.4|76.4,29.2|76.4,30.2|76.6,29.4|76.8,30.8|77.2,30.2|77.2,31.6|77.6,29.2|77.6,29.6"
142361,Plaguefeather,9734,0,943,Arathi Highlands,"49.6,57.8|66.8,46.2|67.8,47|68.8,46|69,57.6|71,42.4|73.6,39.6|73.6,41|74.2,36.8|74.2,38.2|74.4,36.2|74.6,34|74.6,35.6|74.8,32.4|74.8,36.8|75,32.6|75.4,30.8|75.6,27.4|75.6,34.4|75.8,31.4|75.8,31.6|75.8,33.4|76.2,28.4|76.2,28.6|76.2,30.4|76.6,30.8|76.6,31.6|76.6,32.6|76.8,29.4|77.2,30.2|77.6,29.6|77.6,30.8|77.8,28.6|78.2,32|78.2,32.8|78.8,31.4"
143416,Ancient Core Hound,2717,0,232,Molten Core,
144246,K.U.-J.0.,10225,3,1494,Mechagon,"45.7,38.7"
144611,Coralback Scuttler,10425,0,1515,The Eternal Palace,
144637,Grong,10076,0,1358,Battle of Dazar'alor,
144638,Grong the Revenant,10076,1,1352,Battle of Dazar'alor,"41.5,63.6"
144825,Toxinbelly Croaker,9469,0,981,Un'gol Ruins,"19.6,45.4|22,45.6|23.8,46.4|24.6,46|25.6,32.2|25.6,75.6|27,31.8|28,30.4|29.8,45.6|30,28|30.2,45|30.2,52.6|30.2,70.8|30.6,26|30.6,46.4|31.2,42.8|31.2,45.4|31.2,50.8|31.4,52.8|31.6,26|31.6,45.2|31.8,38.4|31.8,44|31.8,51.8|32.2,50.2|32.2,50.6|32.4,37.2|32.4,82.8|32.6,31.4|32.6,32.4|32.6,45.6|32.8,42.4|32.8,71.2|33,49.2|33,50|33,72.2|33.2,40.6|33.2,43|33.4,39.8|33.4,44.8|33.4,74.2|33.6,38.2|33.6,40|33.8,42|34,40.8|34,44.6|34.2,38.8|34.2,44|34.4,47.2|34.6,39.4|34.6,40.4|34.6,44|34.6,48.8|35,24.4|35,41.2|35,41.6|35,43.4|35.2,52.8|35.4,37.2|35.4,45.4|35.4,50.6|35.6,39.8|35.6,54.8|35.8,39.2|35.8,44.6|35.8,45.6|36.2,44.4|36.2,53.2|36.4,40.6|36.4,52|36.6,44.2|36.6,44.8|36.6,51.8|36.8,39|36.8,41.4|36.8,41.8|36.8,74.2|37,22.4|37,24.4|37,34.4|37.2,32.8|37.2,43.2|37.2,51.4|37.4,31.4|37.6,35.4|37.8,31.4|37.8,44.4|37.8,74.6|38,31.8|38,32.8|38,33.8|38,37.2|38,41|38,69.4|38.2,40.4|38.2,44.8|38.4,20.4|38.4,42.6|38.4,64.8|38.6,43|38.6,43.8|38.6,74|39,21.4|39.2,40.8|39.4,39.6|39.8,39.8|39.8,43.4|40.4,51.6|40.8,61.2|41.2,39.4|41.2,40|41.4,41.4|41.4,41.8|41.8,40.6|42.6,39.2|42.6,39.8|43.2,60.4|43.2,60.6|43.6,39.6|44.2,22.2|44.2,38.4|44.6,38.4|44.6,61.2|44.8,37.2|45,58.4|45.2,23.2|45.2,24|45.4,36.4|45.6,22.6|46.2,37.4|46.2,38.4|46.2,43.8|46.4,21.2|46.6,43|46.8,23|46.8,42.4|46.8,48.8|46.8,53.4|47,24.8|47,58.2|47.4,24|47.6,54|47.8,17.4|47.8,25.6|47.8,40|47.8,41.4|47.8,42.4|47.8,53.4|48,18.4|48,24.8|48,28.2|48,32.6|48.4,27|48.4,38|48.4,39.4|48.4,55.2|48.4,57|48.6,18.2|48.8,41.8|49,24.6|49,25.6|49.2,24|49.2,40.2|49.2,41|49.4,27.4|49.4,28.6|49.4,39|49.6,31.2|49.6,40.4|49.8,26.2|49.8,53.4|49.8,57.8|50.4,24.2|50.4,66.8|51.2,49|51.4,27|51.4,39.8|51.4,41.6|51.8,47|52,30.2|52.2,29|52.2,55.8|52.4,31.6|52.4,36.6|52.4,48.8|52.4,62.6|52.6,40.6|52.6,54|52.8,45|53,37|53,62.6|53.2,36.2|53.2,38.4|53.4,49.4|53.6,47.2|54,36.4|54,54.2|54.2,48.6|54.4,34.8|54.4,62.6|54.6,35.6|54.6,37.6|54.6,41.2|54.8,35.2|55.2,51|55.6,35.6|55.6,64.4|55.8,52.4|56,50.6|56.6,58|56.8,23|57.4,26|57.4,51.4|57.4,60.4|57.4,67.4|57.6,23.2|57.6,27.4|57.6,35.8|57.6,54.4|58,23.8|58,24.6|58.4,48.2|58.8,52.8|58.8,56.8|59,48.6|59.2,18.6|59.2,25.6|59.2,40|59.2,48.4|59.4,17|59.4,46.2|59.4,51.4|59.8,21.2|59.8,48.8|60,37.4|60.2,23.6|60.2,24.8|60.2,49.8|60.4,20.2|60.6,57|60.6,58.8|60.8,23.8|60.8,50.2|61,19|61,48.8|61,51.8|61.2,21.6|61.2,23.4|61.4,51|61.4,59.6|61.6,49.2|61.8,25.4|61.8,50.8|61.8,79.8|62,20.8|62,50.4|62,51.6|62.2,59.4|62.2,63.4|62.6,27.2|62.6,32.6|62.6,42.6|62.6,53.6|62.8,27.8|62.8,52|62.8,57.8|63,46.6|63,51.4|63,55.8|63,60|63.2,29|63.2,69|63.4,54.6|64,31.2|64,41.8|64,42.6|64,49.6|64,57|64.2,52.2|64.2,55|64.4,41.4|64.4,49|64.6,49.8|64.6,51.8|64.6,53.6|64.8,54.6|65.2,33.4|65.2,40.2|65.2,41.2|65.2,42|65.2,57|65.4,51.4|65.4,61.8|65.6,57.2|65.8,38.2|65.8,40.8|65.8,43|66,37.2|66,51.4|66,63.6|66.2,39.8|66.2,42.2|66.4,39|66.4,44.2|66.4,60|66.6,35.4|66.6,41.8|66.6,61.4|66.8,39|66.8,45|67,34.4|67,43.6|67.2,35.6|67.2,39.8|67.2,54.6|67.4,36.6|67.4,38.2|67.6,43.6|67.6,46|67.6,53.2|67.6,64.6|68,39|68,52.2|68.2,48.2|68.4,37.8|68.4,62.8|68.6,36.2|68.6,52.4|69,47.8|69.2,49.2|69.2,49.6|69.2,60.8|69.4,69.6|69.6,48.8|69.6,68.4|69.6,69.2|71.6,65.2|72,61.4|75.2,39.4|80.2,75|80.6,75.4|80.8,70|81.4,73.4|82.2,79|84.4,68"
144825,Toxinbelly Croaker,10222,0,1501,Crestfall,"32.8,80.4|33.2,79.4|39.4,61.6|41.2,37.8|43.2,54.4|43.6,55.4|44,65.2|44.6,54.8|45,55.6|45.4,60.4|47.4,70.2|49,54.2|49,66.6|49.8,53|50.2,51.6|50.6,52.4|51.2,55.8|51.6,53|51.6,67.2|52,52.2|52.4,54.2|52.4,55.2|52.4,58.8|52.6,33.4|53.2,34|53.2,51.2|53.2,56.6|53.6,54.6|54.2,68.6|54.6,43.6|55,33.2|55,46.6|55,68.6|55,70.8|55.4,31.8|55.4,46.4|56,55.4|56,66.6|56.2,69.8|56.2,70.8|56.8,36.4|56.8,84.6|57,68.8|57.2,68.2|57.2,71|57.4,44.6|57.6,36.8|57.6,38.8|57.6,44.4|57.6,67.6|57.6,68.6|57.8,43.4|58,55.8|58,70.2|58.2,45|58.2,67.4|58.4,41.6|58.4,55|58.6,41|58.8,54.6|58.8,56.6|59,43.4|59.2,50.8|59.2,55.8|59.2,57.6|59.4,44.4|59.4,46.8|59.4,47.6|59.4,52.2|59.4,54.4|59.4,73.2|59.6,44.6|59.8,53.2|60,50.2|60,64.2|60,78.2|60.2,57|60.2,57.8|60.2,73.6|60.4,50.6|60.4,53.6|60.8,44.6|60.8,53.6|61,60.4|61.2,45.6|61.4,53.4|61.4,55.2|61.4,55.8|61.6,56.6|61.8,49.8|62,52.4|62.2,53.2|62.6,53|62.8,51.2|62.8,58.4|63,51.8|63,82.4|63.2,49.8|63.6,50.4|63.6,51|64,32.8|64,82.2|64.8,56.8|65,58.2|65.2,59.6|65.6,82.8|68.6,67|68.6,73.6|69.8,66.8|71.2,34|72,64|74.8,33|75.2,69.6|75.2,72.6"
144831,Colossal Spadefoot,9469,0,981,Un'gol Ruins,"23,73.2|27,31.6|32.8,39.8|34.6,45|35,46|35.4,40|35.6,46|36.8,43.8|45.4,45.6|48,25.4|48.6,27.4|49,25.4|50.8,29|51.8,49.2|58.8,57.2|60.4,20.4|62,53|62.2,21.4|64.2,50.8|71.6,60.8|72.2,64.8|72.2,65.6|74.4,61|76.2,58.8"
144837,Darkshore Stag,10058,0,1203,Darkshore,"34,82.8|35.8,55.2|36,56.6|36.2,56.2|36.2,85.4|36.4,86|36.6,55.4|36.6,55.8|36.6,56.6|37,54.4|37.6,56.8|38,59.8|38.4,59.4|38.8,59|39,56.4|39,60.2|39.2,55.2|39.4,47.4|39.4,48|39.4,61.2|39.6,57.2|39.6,61.8|39.8,60.4|39.8,60.6|40,46.8|40,47.6|40.2,63.4|40.4,80.2|40.8,46.4|40.8,47.2|41,80.6|41.8,81.2|42.2,49.4|42.2,85|42.4,84|43,84.4|44,54.6|44,87.8|44.2,55.6|44.6,52.6|45.4,52|45.6,28|46,26.4|46.2,51.8|46.6,48.2|47.8,39|49,39.8|49.2,39|49.8,39.2|50,26.4|50.4,40.2|50.4,42|50.8,47.6|51,38.6|51,46.8|51.2,24.4|51.2,24.8|51.2,45.8|51.4,45|51.6,27.2|51.6,45.4|51.6,47.2|51.8,38.8|51.8,46.2|52,38.4|52,41|52,43.4|52.2,23.8|52.2,40.2|52.4,24.6|52.8,38.8|52.8,44.4|52.8,45.2|53,21.4|53.2,24.6|53.2,31.4|53.4,24|53.4,31.8|53.6,24.8|53.6,30.4|53.8,31|53.8,31.6|54,24.2|54,26.8|54.2,26|54.4,43|54.6,31.2|54.8,24.8|54.8,30|56,29|56.2,32.6|56.2,43.6|58.6,47.8|59.6,47.6"
144837,Darkshore Stag,10084,0,1332,Darkshore,"50.8,40.4|53.4,30.2|53.4,31.2|53.4,31.8|53.6,30.4|53.6,31.6|53.8,31.2|54.6,30.6"
144837,Darkshore Stag,10226,0,1333,Darkshore,"47.4,42|47.8,40.6|47.8,42|48.4,39|48.6,40.6|49,41.6|49,43.6|49.2,39.8|50.4,39.2|51.4,37.8|51.4,39|51.4,42.6|51.6,36.4|51.6,37|51.6,37.6|51.8,38.6|52.6,40|53.4,34.2|53.6,40.8|54.4,35.8"
144837,Darkshore Stag,10227,0,1338,Darkshore,"36.4,60|41,64.4|43.8,53.4|46,28.4|46,28.6"
144839,Whitetail Doe,10058,0,1203,Darkshore,"46,34.8|46.4,34.2|46.6,34.8|52.6,52|54.4,51|54.8,50|56.2,52|56.4,36.6|56.8,33.4|56.8,34"
144839,Whitetail Doe,10084,0,1332,Darkshore,"46.6,34.4|49.4,46.6|49.6,46.6|54.8,50.2"
144839,Whitetail Doe,10226,0,1333,Darkshore,"45.2,31|47.2,25.4|47.6,24.4|47.6,40.6|49.2,28.4|49.2,43.8|52.2,35|52.2,45.6|52.4,39.4|53.2,36.2|53.8,39.4|54,32.8|54.6,39.6|55.2,29.6|55.4,29|55.8,29|56.4,35.2|56.6,30.4|56.6,35.2"
144842,Tide Crawler,10058,0,1203,Darkshore,"31.8,79.6|44.4,35.4|44.4,35.8|44.6,35.4|44.6,35.8|51.4,21.2|51.6,20.8|51.6,21.6|52.4,20.4|52.8,20.2|53,20.6|53.4,24.2|53.6,24.2|54.4,21.2|54.4,22|54.4,23.2|54.6,21.2|54.6,21.8|54.8,23.8|55.4,22.8|55.6,22.8"
144842,Tide Crawler,10084,0,1332,Darkshore,"31.8,79.2|44.4,35.4|44.4,35.6|44.6,35.8|51.4,21|52,21.6|52.4,20.4|52.4,20.6|52.6,20.4|52.8,20.6|53.6,20.8|54.4,22.2"
144842,Tide Crawler,10226,0,1333,Darkshore,"44.4,29.8|44.6,28.2|45,30.4|45.4,26.8|45.6,26.6|46.2,37.4|46.2,37.6|46.2,41.8|46.8,42.4|47.8,21.2|47.8,21.6|48.2,22.8|49.2,20.2|50,22.2|50.2,21.4|51.6,20.6|55.6,22.4"
144993,Crazed Thistlebear,10058,0,1203,Darkshore,"50,28|50.2,41.2|51.4,40.2|51.8,40.4|51.8,41.4|53.6,30.4|53.8,31.2|56,37.8|56.2,37.2|56.4,35.2|56.6,35|57.4,41.6|60.2,45.2"
144993,Crazed Thistlebear,10084,0,1332,Darkshore,"50.6,40.4|50.6,40.6|51.6,40.4|51.8,39|51.8,41|53.8,31|54.8,30.2|56,37.4|56.2,37.6"
144993,Crazed Thistlebear,10226,0,1333,Darkshore,"55.8,40.4|56,39.4|56.2,37.2|56.4,35.2|56.4,35.8|57,36.2|57.2,36.8|57.2,37.8|57.2,41.6|57.4,40|57.4,41.4|57.6,41"
145337,Sandclaw Crab,10425,0,1515,The Eternal Palace,
148117,Grong,10076,1,1352,Battle of Dazar'alor,"41.5,63.6"
150154,Saurolisk Bonenipper,10225,0,1490,Mechagon,
150254,Scraphound,10225,0,1490,Mechagon,
150293,Mechagon Prowler,10225,0,1490,Mechagon,
151096,Hati,8161,2,745,Ulduar,"43.4,39.6|43.6,39.6|43.6,41.4"
151353,Mawrat,13412,0,1911,Torghast,0
151639,Crazed Gyreworm,10477,0,1472,The Dragon's Spine,
151773,Junkyard D.0.G.,10225,0,1490,Mechagon,
152464,Caverndark Terror,10052,,1355,Nazjatar,
152708,Mawsworn Seeker,13400,0,1911,Torghast,0
152836,Azerite Borer,10524,,725,The Maelstrom,
154030,Oddly Large Mawrat,13400,0,1911,Torghast,0
155238,Guardian of the Leaf,13400,0,1911,Torghast,0
155483,Faeleaf Shimmerwing,13404,0,1911,Torghast,0
156214,Fire Hound,11400,0,1543,The Maw,
156242,Animated Prowler,13411,67,1911,Torghast,0
157083,Stonewing Ravager,13413,83,1911,Torghast,0
157109,Vampire Bat,13413,120,1911,Torghast,0
157149,Heartseeker,13413,83,1911,Torghast,0
159016,Agitated Gorm,11510,,1565,Ardenweald,
159218,Great Granitefur,10413,,1525,Revendreth,
159323,Stoneward Trampler,13413,83,1911,Torghast,0
160341,Sewer Beastling,10488,0,1470,Vision of Stormwind,"54.8,56.4|56.2,65.4|59,63.2|59.4,61.4|59.6,58.8|59.8,62.6|60,58.2|60,60.2|60.2,61.4|60.2,61.6|60.4,42.8|61,58.2|61,60.8|61,62|61.2,45|61.2,50|61.4,51|61.4,51.8|61.4,52.8|61.4,57.2|61.4,59.2|61.4,59.6|61.6,57.4|61.6,58.4|61.6,58.8|61.8,54.4|61.8,55.4|62,53|62,55.8|62,60.2|62.2,50|62.2,51|62.2,61.6|62.4,52|62.4,61|62.6,50.4|62.6,55.2|62.8,51.2|62.8,52|62.8,52.6|62.8,59.4|63,60|63.2,47.8|63.4,61.2|63.6,49.2|63.8,50.2|64.2,66.6|64.4,51.2|64.4,51.8|64.4,60.4|64.4,60.6|64.6,51|64.6,51.8|64.6,52.6|64.6,60.4|64.8,60.8|65,61.6|65.2,65|65.4,63|65.6,64.2|66,52.8|66.2,62.4|66.2,62.6|66.4,52|66.4,59.4|66.4,60|66.4,60.8|66.6,52.8|66.8,56.6|66.8,58.2|66.8,59.2|66.8,60.8|66.8,62|67,51.4|67,51.8|67,56.2|67.2,60.4|67.2,65.2|67.4,53.8|67.4,54.8|67.4,63|67.4,64.2|67.4,65.8|67.6,58.2|67.6,59.2|67.6,60.4|67.6,64|67.8,54.4|67.8,56|67.8,62|68,51|68,52.6|68,55|68,63|68.2,65.4|68.2,66|68.4,49.8|68.4,52|68.4,60.8|68.6,52.4|68.6,53.2|68.6,62.6|68.8,53.8|68.8,62.4|69,60.2|69.2,67.6|69.6,53|69.6,62.8|70.2,61.8"
160413,Crimson Cobra,2017,0,318,Stratholme,
160786,Tower Shadehound,11400,,1543,The Maw,
161172,Gargantuan Seeker,11400,,1543,The Maw,
161763,Assassin,11400,,1543,The Maw,
162237,Plagueroc,13313,0,1536,Maldraxxus,"65.2,24.4|65.4,27.2|65.8,27.6|66,26.4|66,27.2|66,28.6|66.2,25.4|67,26.6|67.4,24.4|67.4,25.2|67.4,28.8|67.6,28.2|67.8,30.4|68.2,26|68.2,29|68.2,31.4|68.4,23.4|68.4,23.6|68.4,31.6|68.6,23.4|68.8,25.8|68.8,31.6|69,24.2|69,27.4|69,28.2|69,31.4|69.2,25.2|69.4,29.4|69.4,29.6|69.6,22.4|69.6,29.6|69.6,30.6|69.8,25.2|70,26.8|70,34.4|70.2,31.8|70.4,29.4|70.4,35.2|70.4,36.4|70.4,36.6|70.6,27.4|70.6,29.2|70.8,28.2|70.8,34.6|70.8,37|71,34.4|71.2,32.4|71.2,32.6|71.4,29.8|71.4,30.8|71.6,29.6|71.6,30.6|71.6,34.4|71.8,34.8|72,36.6|72.2,35.8|72.4,28.8|72.4,31.6|72.6,31.4|72.6,34.4|72.8,29|72.8,34.6"
162300,Ravenous Galescreamer,13313,0,1536,Maldraxxus,"66.6,26.8|66.6,28.4|66.8,28.8|67.4,25.2|67.6,25.2|67.6,26.6|67.8,25.6|68,28.2|68.2,28.8|68.2,30.4|68.2,30.8|68.6,29|68.8,26.4|68.8,27.4|69,25|69,28.2|69,32.2|69.2,30.2|69.2,30.6|69.4,33.2|69.4,34|69.4,34.6|69.6,29|69.6,30.2|69.8,26.6|69.8,27.6|69.8,33.2|70,25.8|70,30.8|70,32|70.4,33.8|70.4,34.8|70.6,34.6|71.2,36|71.4,29.8|71.4,32.2|71.4,33.4|71.4,33.6|71.6,35.8|71.8,30.4|71.8,30.6|71.8,33.6|72.2,28.6|72.2,32.4|72.2,33.2|72.6,29.4|72.6,29.8|73,30.8"
162363,Temple Scarab,5034,,1527,Uldum,
162624,Neonate Bonetooth,11462,,1536,Maldraxxus,
163157,Amarth,12916,0,1666,The Necrotic Wake,
163503,Etherdiver,12837,0,1693,Spires Of Ascension,
163506,Forsworn Stealthclaw,12837,0,1693,Spires Of Ascension,
164479,Bonefang,12916,0,1666,The Necrotic Wake,"20.5,40.3"
164563,Vicious Gargon,12831,0,1663,Halls of Atonement,
164642,Bloodraged Spitter,11510,,1565,Ardenweald,
164862,Weald Shimmermoth,13309,0,1677,De Other Side,
164873,Runestag Elderhorn,13309,0,1677,De Other Side,
165905,Son of Hakkar,13309,0,1677,De Other Side,
165973,Warren Mongrel,11400,,1543,The Maw,
165974,Crucible Seeker,11400,,1543,The Maw,
166301,Mistveil Stalker,13334,0,1669,Mists of Tirna Scithe,
166304,Mistveil Stinger,13334,0,1669,Mists of Tirna Scithe,
166933,Ventun the Ravenous,13400,189,1911,Torghast,0
166934,Lor the Loyal,13400,189,1911,Torghast,0
166966,Runestag,11510,,1565,Ardenweald,
166967,Juvenile Runedeer,11510,,1565,Ardenweald,
167111,Spinemaw Staghorn,13334,0,1669,Mists of Tirna Scithe,
167113,Spinemaw Acidgullet,13334,0,1669,Mists of Tirna Scithe,
167116,Spinemaw Reaver,13334,0,1669,Mists of Tirna Scithe,
167485,Starving Mawrat,13400,19,1911,Torghast,0
167947,Tremaculum Soulhunter,11400,,1543,The Maw,
167960,Gargantuan Seeker,11400,,1543,The Maw,
167964,4.RF-4.RF,13309,0,1677,De Other Side,
168153,Plagueroc,13228,0,1674,Plaguefall,
168310,Plagueroc,13228,0,1674,Plaguefall,
168361,Fen Hornet,13228,0,1674,Plaguefall,
168457,Stonewall Gargon,12842,0,1676,Sanguine Depths,
168533,Mawsworn Seeker,11400,,1543,The Maw,
168579,Fen Hatchling,13228,0,1674,Plaguefall,
168584,Mawsworn Seeker,11400,,1543,The Maw,
168591,Ravenous Dreadbat,12842,0,1675,Sanguine Depths,
168737,Razorweb Matriarch,11462,,1650,Sightless Hold,
168747,Venomfang,13228,0,1674,Plaguefall,
168837,Stealthling,13228,0,1674,Plaguefall,
168986,Skeletal Raptor,13309,0,1677,De Other Side,
169823,Gorm Behemoth,13404,0,1911,Torghast,0
169857,Monstrous Mawrat,11400,,1543,The Maw,
169871,Hungry Mawrat,13400,0,1911,Torghast,0
170093,Mawsworn Seeker,13400,87,1911,Torghast,0
170161,Burning Fiend,11400,,1543,The Maw,
170192,Shade Hatchling,11462,,1536,Maldraxxus,
170488,Son of Hakkar,13309,0,1677,De Other Side,
170695,Runestag Bull,11510,,1565,Ardenweald,
171074,Subdued Gorm,13329,0,1644,Ember Court,"56.4,48.4|57.4,47.4|57.4,47.6|57.6,47.4|57.6,47.8"
171081,Hungry Gorm,13329,0,1644,Ember Court,"21.8,51|22,50|22.6,50.2|23,50.6"
171181,Territorial Bladebeak,13309,0,1677,De Other Side,
171341,Bladebeak Hatchling,13309,0,1677,De Other Side,
171342,Juvenile Runestag,13309,0,1677,De Other Side,
171343,Bladebeak Matriarch,13309,0,1677,De Other Side,
171455,Stonewall Gargon,12842,0,1676,Sanguine Depths,
171633,Uninvited Bonecrusher,13329,0,1644,Ember Court,"19.4,52.4|20.2,52|20.8,57.2|21.2,57.8|21.4,52|21.8,51|21.8,57.6|22,50|22.2,53.4|22.2,54.4|22.2,56.8|22.4,52.4|22.4,54.6|22.4,56|22.6,50.8|22.8,57|22.8,58.6|23,53.6|23,58.4|23.2,51.8|23.2,55.8|23.4,52.8|23.4,54.6|23.6,51.2|23.6,55.6|23.8,52|23.8,55.2|24.2,49.4|24.2,50.4|24.2,53.2|24.2,53.6|24.4,57|24.4,57.6|24.6,46.6|24.8,45.6|24.8,48.6|24.8,54.8|25,51.8|25,52.8|25,57|25.2,54.2|25.2,55.6|25.4,50.4|25.4,51|25.6,51.8|25.8,56|25.8,57.6|26.2,48|26.2,49.6|26.2,50.6|26.2,54.4|26.2,54.6|26.4,47.4|26.4,48.8|26.4,53.2|26.4,57.2|26.6,47.2|26.6,49|26.6,49.8|26.6,51.4|27,53.4|27.2,42|27.2,45.6|27.2,53.6|27.2,56.6|27.4,43.2|27.4,43.8|27.4,44.8|27.4,47.6|27.4,52.2|27.4,54.6|27.4,56.2|27.6,44|27.6,51.8|27.8,45.2|27.8,56.4|27.8,57.2|28,42.4|28,50.6|28,53.4|28,54.4|28.2,39.4|28.2,46|28.4,26.4|28.4,26.6|28.4,40|28.4,41|28.4,42.8|28.4,50.2|28.4,54.6|28.6,39.6|28.6,42|28.6,42.6|28.6,56.2|28.8,29.6|28.8,44.2|28.8,47.4|28.8,51.4|28.8,57.2|29,27|29,27.6|29,54.2|29,54.6|29.2,31.2|29.2,31.6|29.2,39.4|29.4,29.2|29.4,36.8|29.4,38|29.4,40.8|29.6,27.4|29.6,29|29.6,39.4|29.6,39.6|29.8,33.2|29.8,38|29.8,50.2|30,34.8|30,37.4|30.2,28.2|30.2,30|30.2,34.2|30.2,55.2|30.4,30.6|30.4,32.2|30.4,35.8|30.4,40.6|30.4,57.2|30.4,57.6|30.6,28.2|30.6,29.2|30.6,31.6|30.6,34.8|30.6,40.2|30.8,32.8|30.8,35.6|30.8,37.4|30.8,39.2|30.8,56.6|30.8,58.4|31.2,27|31.2,30.4|31.2,33.6|31.4,30.8|31.4,41.2|31.6,31.2|31.6,41.6|31.6,59.4|31.8,30.4|31.8,33.6|31.8,40|32.2,28.6|32.2,32.6|32.4,28.4|32.4,32.4|32.6,30.8|32.6,32.4|32.6,59|32.8,29.6|33,29.4|33,33|33.2,28.4|33.4,34|33.4,34.6|33.6,30.8|33.6,33.4|33.6,34.2|33.8,34.6|34,39.6|34.2,28|34.2,28.8|34.4,35.8|34.4,36.8|34.4,38.8|34.6,35.4|34.8,26.8|34.8,36.6|35.2,38|35.2,59.2|35.4,35.6|35.4,59.8|35.6,35.4|35.6,37.6|36.2,36.4|36.4,37.2|36.4,58.4|36.4,58.8|36.6,37.4|36.6,58.8|36.8,36.4|37,27.6|37,35.4|37.2,34.4|37.2,59.8|37.4,33|37.6,33.4|37.6,57.2|37.6,59.2|38,35.2|38,36|38.2,58|38.6,55.8|38.8,36|38.8,37|38.8,57.6|39,35.2|39,57.4|39,58.8|39.4,38|40.2,36.8|40.2,58|40.2,58.6|40.4,22|40.4,36.2|40.4,38.4|40.8,22.2|40.8,35.4|40.8,57.6|41,37.6|41,56|41.2,36.4|41.6,20|41.6,57.2|41.8,21.8|41.8,56.2|42,37.6|42.2,19.4|42.2,21.4|42.2,35.8|42.2,38.8|42.4,34.6|42.4,55.2|42.4,57.8|42.6,20.2|42.8,35.6|43,55.2|43,55.6|43.2,18.2|43.2,19|43.2,53.6|43.4,21.2|43.6,37|43.6,39.6|43.8,20|43.8,38.8|43.8,55.6|44,16.6|44,19.4|44,20.6|44,34.8|44,35.8|44,38|44.2,17.6|44.2,41.2|44.2,51.4|44.4,54.4|44.6,38|44.6,40.6|44.6,53.8|44.6,55.8|44.8,16.8|44.8,18.2|44.8,36.4|44.8,42.2|44.8,43.4|45,18.8|45,35.4|45,36.6|45.2,16|45.2,32.8|45.2,44.4|45.2,50.8|45.2,52.6|45.4,20.2|45.4,40.4|45.8,18.6|45.8,43.4|45.8,47|45.8,51.6|46,15.4|46,16.2|46,18.2|46.2,17.4|46.2,30.4|46.2,41.4|46.4,32.2|46.4,44.6|46.4,48.4|46.4,50.4|46.4,50.6|46.6,19.2|46.6,31.4|46.6,32.8|46.6,47.8|46.8,46.6|46.8,50.2|47,15.8|47,17.2|47.2,14.6|47.2,48.6|47.4,18.2|47.6,17.6|47.6,30|47.8,15|47.8,16|48,17.2|48,30.6|48.4,69.8|48.6,30.4|48.6,50.2|48.8,74.2|49,14.4|49,17|49,17.6|49,69|49,70|49.2,16|49.4,49|49.4,72.4|49.6,16.2|49.6,68.6|49.6,74.4|50,16.6|50.2,50.8|50.4,29.4|50.4,51.6|50.6,50|50.6,68|50.8,15.4|50.8,15.8|50.8,29.8|50.8,30.8|51.2,51.8|51.4,17.2|51.4,17.8|51.4,50.8|51.6,17.8|51.6,51.4|51.6,52|52,17|52.2,15.6|52.2,47.6|52.2,63.6|52.2,66|52.2,67|52.4,60.2|52.6,16.4|52.6,31.8|52.6,48.6|52.8,48.4|52.8,51|53,16.8|53,17.6|53,20|53,46.8|53,52.8|53,64.6|53.2,49.8|53.2,51.8|53.2,57|53.2,59.4|53.2,60.6|53.2,65.8|53.4,19|53.4,29.8|53.4,57.8|53.4,60.2|53.4,63.4|53.6,15.2|53.6,19.6|53.6,31.4|53.6,47.4|53.6,51.4|53.6,54.2|53.6,60|53.8,16.4|54,44.6|54,52.8|54,55.2|54,63.6|54.2,34.4|54.4,56|54.4,57|54.6,20.2|54.6,45|54.6,57|54.8,15.2|54.8,43.4|54.8,43.6|54.8,45.6|55,55.2|55.2,20.6|55.2,33.2|55.2,39.8|55.2,54|55.4,15.6|55.4,35.8|55.4,39.4|55.4,41.6|55.6,42|55.8,35.4|56,15.2|56,34.4|56,37.4|56,38|56,55.6|56.2,16|56.2,39.2|56.2,40|56.2,41.4|56.2,65.6|56.4,36.2|56.6,14.4|56.6,34.4|56.6,36|56.8,39.6|56.8,40.8|57,16.8|57,37.8|57.2,16.2|57.2,35|57.4,15|57.4,20|57.4,29|57.4,37.2|57.4,62.8|57.6,13.8|57.6,15|57.6,32.8|57.8,16.6|57.8,31.2|57.8,37.2|58,28|58,32.4|58.2,35.8|58.4,16.4|58.4,35.4|58.4,64.6|58.6,16|58.6,20.2|58.6,35.6|58.8,14.2|58.8,16.6|58.8,27.4|58.8,33.8|59.4,18.2|59.4,34.6|59.6,16.2|59.6,16.6|60,23.6|60,26.6|60,35.4|60.2,15.4|60.2,29|60.2,36.8|60.4,35.6|60.6,61.6|60.8,35.2|61,35.8|61.2,16|61.2,16.8|61.2,18|61.4,19|61.4,22.6|61.6,17.2|61.6,17.6|61.6,21.2|61.6,22|61.8,16.4|61.8,19.4|61.8,29.8|61.8,35.4|61.8,35.8|62,19.6|62,26.2|62.2,22.8|62.2,24|62.2,29.4|62.4,37|62.6,17|62.6,20.4|63,35.2|63,35.6|63.2,21|63.4,34.2|64,34|64.4,35.2|65,34.8|65.4,35.8|66,34.8|66.4,35.6|66.6,35.8|66.8,34.2|66.8,35.2|67.6,34.4|67.6,37.2|67.6,54.2|67.8,35.4|68.4,35.8|68.6,34.8|68.6,42.8|68.6,43.8|68.8,36|68.8,40|69,34|69.2,32.6|69.2,37.6|69.4,36.8|69.6,32|69.6,33.2|69.6,45.6|69.8,34.6|70,40.8|70.2,29.8|70.2,31.4|70.2,34|70.2,36.6|70.2,37.6|70.2,40.4|70.4,36.2|70.4,42.2|70.6,40.4|70.8,34.4|70.8,35.2|70.8,36|70.8,40.8|71,32.6|71.2,27.6|71.2,29.8|71.2,39|71.4,30.8|71.4,32.4|71.4,36.6|71.4,37.6|71.6,34.8|71.6,35.6|71.6,42.2|71.8,34|71.8,37.8|72,32.2|72,37.4|72.2,38.6|72.2,39.6|72.4,27.6|72.4,30.4|72.4,33.4|72.6,35.6|72.6,36.8|72.6,38.4|72.8,38.6|73,31.8|73.2,31|73.2,35.2|73.2,39.6|73.2,40.6|73.4,29.2|73.4,29.8|73.4,33|73.4,34.2|73.6,31|73.6,34.2|73.6,35.6|73.6,36.6|73.6,41.2|73.8,33|73.8,35|73.8,37.6|73.8,41.6|74,28.4|74,30.2|74.2,31.8|74.2,38.6|74.2,40.4|74.4,43|74.6,31.2|74.6,36.6|74.6,38.4|74.6,42.2|74.8,34.4|75,35.8|75.2,35.2|75.6,34.2|75.6,35.6|75.6,37|76,35.4|77.2,34|77.4,33.4|77.4,35.4|77.4,36.4|77.4,37.4|77.4,37.6|77.6,35.2|77.6,36|77.8,34.4|77.8,37.2|77.8,37.8|78,33.2|79,36.6|79.2,35.2|79.2,36|79.6,35.2|79.8,36.4|79.8,36.6|80.2,34.2|80.8,34.4|80.8,35.8|81.2,35.4|81.6,35.6|81.8,33.8|82,34.6|82.6,35.2|83.4,35.6|84.4,34.2|84.4,35.2|84.4,36|84.6,35.2|84.8,35.8|85.4,34.2|85.6,34.2|86.2,35|86.2,35.6|87,34.8|88,35.6|89,35.6|91,35.8|91.4,35.2|96.2,35.4"
171651,Uninvited Intimidator,13329,0,1644,Ember Court,"37.8,65|39.2,67.8|40.2,71.2|40.4,69.6|40.4,72.4|40.8,63.2|40.8,72.4|41.4,71.4|41.6,69.6|41.8,61.8|42,74.4|42.2,71.2|42.4,71.8|42.4,72.6|42.8,71|42.8,74|43.2,63|43.2,68.8|43.2,72.8|43.4,70.4|43.4,72.4|43.6,71|43.6,71.8|43.8,73.6|44,72.6|44.2,70.2|44.6,73.2|44.8,68.2|45,72.2|45.2,52.2|45.4,71.4|45.6,70.8|45.6,71.6|45.8,46|46,64.4|46.2,47|46.2,60.8|46.4,48.6|46.8,50.2|46.8,64|47,70.4|47.2,70.6|47.4,61.8|47.6,70.6|47.8,61.6|47.8,64.8|48,69.6|48.2,46.6|48.2,61.4|48.8,69|48.8,70.4|48.8,71|49,72.2|49.2,62|49.2,63.8|49.2,68.2|49.2,73|49.2,74|49.6,61.8|49.6,68.8|49.6,73.8|49.8,68.2|49.8,72.4|49.8,73.4|50,63.2|50.4,67.4|50.6,48.4|50.6,61.2|50.6,67.6|50.8,67.4|51,73.8|51.2,63.4|51.4,50.4|51.4,62.2|51.4,63.8|51.4,66.4|51.6,65|51.6,68.2|51.6,68.6|51.8,50|51.8,63.8|52,56|52,60.2|52,61.8|52,63|52.2,60.8|52.2,66.8|52.4,65.6|52.6,60.8|52.6,63.4|52.6,67.4|52.8,49.4|52.8,62.4|53,52|53,59.2|53,63.6|53.2,49.8|53.2,59.8|53.2,66.2|53.4,50.8|53.4,57.8|53.4,64.8|53.6,52.2|53.6,53.4|53.6,59.6|53.6,61.4|53.8,61.8|53.8,63|53.8,67|54,30.6|54,54.4|54,57.4|54,58.4|54,65|54,65.8|54.2,55.8|54.2,67.8|54.4,58.6|54.4,64.4|54.6,36.2|54.6,54|54.6,58.6|54.6,60.2|54.6,66.6|54.8,63|55,55|55,65.2|55.2,60.6|55.2,66|55.4,33.8|55.4,35.2|55.4,42.6|55.4,55.8|55.4,61.6|55.4,64|55.6,34.6|55.6,60.8|55.6,64|55.8,63.2|55.8,65|55.8,66.4|56,32.8|56,54.4|56.2,53.2|56.4,38.2|56.4,59.8|56.6,37.6|56.6,64.2|56.6,66|57.6,32.8|57.8,35.4|57.8,36.2|58,33.6|58,64.8|58.2,61.8|58.2,65.6|58.6,64.4|58.6,65.4|59,36.6|59.2,67.2|59.4,35.2|59.6,64.8|61,35.6|62.2,36.6|62.6,34.4|63.2,34.6|64.4,33.2|64.4,35|65,35.2|66.2,35.6|66.4,35.4|66.8,35.2|67.4,36|67.8,33.4|68.2,31|68.2,35.2|68.4,34|68.4,36.4|68.4,36.6|68.8,31.6|68.8,35.4|68.8,36.4|69,33.4|69.4,34.4|69.4,36.8|69.4,38.4|69.6,38.2|69.6,38.8|69.6,44.6|69.8,35.6|70,35|70,36.6|70,39.8|70.2,31.2|70.2,34.2|70.4,30.2|70.4,41|70.6,31.2|70.6,35|70.6,36|70.6,41.6|70.6,43.6|70.8,37.6|70.8,39.2|71,36.6|71,39.6|71.2,33|71.2,34.4|71.6,35.2|71.6,37.4|71.8,28.8|72,32.4|72.2,32.8|72.2,34.4|72.2,36.2|72.2,39.6|72.4,31|72.4,38.2|72.4,38.8|72.6,30.2|72.6,31.2|72.6,31.6|72.6,34|72.6,37.8|72.8,36|73,36.6|73,39|73.2,32.6|73.2,35.2|73.2,40|73.8,30.6|73.8,33.4|73.8,35.6|73.8,40|74,32|74,39.4|74.2,34.4|74.2,35.4|74.2,41|74.6,31.2|74.6,34.2|74.6,35|74.6,35.6|74.6,37.8|75.8,36.4|75.8,36.6|76.4,35.2|76.6,34.2|76.6,35.4|76.8,36.6|77.2,35.8|77.8,35.6|78,34.4|78.4,35.2|78.6,35|79.2,35.6|79.8,35.4|80.4,36|85.2,35.8|88.4,35|90.4,34"
172312,Spinemaw Gorger,13334,0,1669,Mists of Tirna Scithe,
173114,Invasive Decayfly,13404,0,1911,Torghast,0
173720,Mistveil Gorgegullet,13334,0,1669,Mists of Tirna Scithe,
173834,Chilled Crustburster,13496,0,1717,Chill's Reach,
175255,Giant Mawrat,11400,,1543,The Maw,
177336,Zelnithop,13570,0,1961,Korthia,
178626,Mawrat,13561,0,1998,Sanctum of Domination,
178630,Mawsworn Seeker,13561,0,1998,Sanctum of Domination,
178743,Terrified Glitterfeather,13619,0,1565,Ardenweald,"46.8,43.2|47,42|47.4,43.8|48,42.8|48.8,43|52,36.4|52.6,35.8|53,36.8|53.2,34.8|53.8,34.2|53.8,35.2|54,35.8|54,36.6"
179458,Protective Mawrat,13400,18,1911,Torghast,0
180153,Aqir Impaler,13577,0,1989,"Tazavesh, the Veiled Market",
180566,Rat of Unusual Size,13577,0,1989,"Tazavesh, the Veiled Market",
181861,Magmatusk,14011,0,2080,Neltharus,"66.8,63.6"
184023,Vicious Basilisk,13968,0,2071,Uldaman: Legacy of Tyr,
185112,Invasive Decayfly,13575,1966,1911,Torghast,0
185113,Gorm Behemoth,13575,1966,1911,Torghast,0
185114,Faeleaf Shimmerwing,13575,1966,1911,Torghast,0
185125,Heartseeker,13575,1966,1911,Torghast,0
185126,Stoneward Trampler,13575,1966,1911,Torghast,0
185254,Stonewing Ravager,13400,18,1911,Torghast,0
187246,Nullmagic Hornswog,13954,0,2076,The Azure Vault,
189722,Gulping Goliath,14082,1,2083,Halls of Infusion,"54,85.7"
194054,Mistbeetle,13647,,2025,Thaldraszus,
195268,Proud Plumecrest,13647,,2025,Thaldraszus,
199719,Nokhud Wardog,13982,0,2093,The Nokhud Offensive,
201579,Magmorax,14663,0,2166,"Aberrus, the Shadowed Crucible","51.3,46.7"
202339,Ancient Tiger,1977,0,337,Zul'Gurub,
202341,Ancient Bat,1977,0,337,Zul'Gurub,
206008,Shimmering Crystalspine,14663,0,2168,"Aberrus, the Shadowed Crucible",
210410,Tortoise,14529,,2200,Emerald Dream,
210478,Infected Beast,14957,0,2249,Fungal Folly,"24.6,28.4|24.6,28.6|29.4,43|29.6,42.2|29.6,43.4|30.6,38.4|30.8,38.8|30.8,67.6|31.6,67|32.6,67.6|33.4,67.2|37.2,32.2|39,54.8|39.8,32.2|41.2,61.2|41.6,62|42,63.6|42.6,64.6|44.4,63.2|44.4,71.2|44.6,63.4|44.8,63.8|51.4,73.8|51.6,63.4|51.8,63.6|52,74.4|52,74.6|52.8,74.4|52.8,74.6|54.2,74.4|54.4,75|54.6,75"
210478,Infected Beast,14998,0,2312,Mycomancer Cavern,"68.8,45.4"
210478,Infected Beast,15002,0,2251,The Waterworks,"44,19.8|44.6,20|46,35.4|46.4,35.8|46.6,35.4|46.6,36|46.6,41|46.6,60.6|48.2,25.6|48.4,25.4|49,25.4|49.2,26.2|49.4,26.6|49.6,26.4|49.6,26.8|49.8,28.4|49.8,29|49.8,29.6"
210478,Infected Beast,15007,0,2313,The Spiral Weave,"36.6,39.4|43.4,21.2"
212480,Murkfur Bakar,14969,0,2239,Amirdrassil,"58,30.4|63.4,17.4|63.4,25.6|67.4,13"
212481,Murkfur Alpha,14969,0,2239,Amirdrassil,"44.2,14.6|64,16.2|64,16.6"
212484,Brushwalker Bruffalon,14969,0,2239,Amirdrassil,"38.8,56.4|41.6,67.4|42.4,69|48.6,49.6|52,57|52.8,57|53,59.2|53.6,58.2|53.8,59.6|54,59.4|58.6,52"
212485,Leafcrusher Bruffalon,14969,0,2239,Amirdrassil,"51.2,65.4|52.2,62.4|52.4,57.2|52.6,57.2|54,59.4|54.2,59.6|54.4,60.8|54.6,60.6"
212486,Shallows Hornstrider,14969,0,2239,Amirdrassil,"22.2,56.8|57.6,37.2|60.2,37.2|61,35|61.6,36.6|62,42.2|62.6,36.4"
212487,Puddlesplish Hornstrider,14969,0,2239,Amirdrassil,"17.8,62.4|21,56.6|21.2,66.8|21.6,67.2|21.6,67.6|59.2,36.6|59.6,42.6|61,46.2|61.2,29.8|61.2,38.6|61.8,39|62.2,36.8"
212488,Poolcrash Hornstrider,14969,0,2239,Amirdrassil,"18.6,61.4|20.6,67.6|20.8,58|21.2,66.8|22.2,60.2|22.4,56.8|57.6,37.2|61,45.2|61.2,30|62,39.4|62,42.2"
212490,Coastwinged Slyvern,14969,0,2239,Amirdrassil,"36.6,72.8|42.8,76|45,89.2|46.8,79|58,15.2|63.4,8.8|63.4,25.6|64.4,27.4|64.6,23.6|65.4,10.2|65.8,12.2|66.2,10.2|67,18"
212493,Drowsy Crystalspine,14969,0,2239,Amirdrassil,"69.4,40.2|70.2,41.4|70.8,43.2|71,41.2"
212495,Shadelapper Duck,14969,0,2239,Amirdrassil,"49.4,28.6|51,27.6|52.2,37.4|52.2,38|52.8,23.8|53,19.2|54,29.2|56.4,32.4|56.6,25.6|56.8,24.8|61.6,86|62.8,87.8|63,82.4|65.4,7.4|67.8,5.4|73.6,21.8"
212499,Dapplecoat Bear,14969,0,2239,Amirdrassil,"54.4,62.8|55,62.8|56.4,64.8|56.6,78.8|57.4,63.6|57.6,54|58.6,54.6|66.4,76.4|68.2,55.4"
212502,Petaldancer Salamanther,14969,0,2239,Amirdrassil,"30,13.6|43.8,44.4|44,25|44.4,85.2|49.6,14.2|72.4,27.6|76.6,35.4|77,33"
212503,Earth-Plumed Eagle,14969,0,2239,Amirdrassil,"23,42.4|23.8,20.6|26.8,23.8|27.6,18.8|28.6,36.2|29.8,37.4|31.4,24.2|31.4,31.2|32,24.6|34.4,72.6|40.2,43|60.2,68.4|60.2,73|62.6,18.8|63.8,52.4|64.4,30.8|64.8,47.4|65.4,75.4|66.6,49|66.8,13|67,70.4|67.6,66.4|68,67|70.8,42.4|71.4,67.6|71.6,67.4"
212504,Keen-Eye Ohuna,14969,0,2239,Amirdrassil,"38.4,17.6|38.8,17.8|39.4,19.4|41.2,23.6|41.4,23.4|43.4,23.8|45.8,65.6|46,65.4|47.8,65.8|49,23|49.8,23.2|50.6,53.4|52.8,59.8|52.8,60.8|53.8,64.4|53.8,79.8|54,55.6|54.2,58|55.2,56.8|55.2,58.6|55.4,57.6|56,76.6|56.6,82.2|62.4,41.4|70,32.6|72.4,27.8"
212779,Umbraclaw,14643,0,2232,Amirdrassil,
212781,Dreamtalon,14643,0,2232,Amirdrassil,
212787,Gladehart,14643,0,2232,Amirdrassil,
213428,Aradan,14938,0,2315,The Rookery,
213834,Candleclaw Mole,14882,,2303,Darkflame Cleft,
214200,Shadehewn Bull,14969,0,2239,Amirdrassil,"26,19|30.4,30.6|30.6,24.6|31.4,20.2|31.4,32.8|32.2,23.2"
214201,Shadehewn Bruffalon,14969,0,2239,Amirdrassil,"29.2,28.6|31.2,23.6|35.2,25.8"
214202,Thicketclaw Bear,14969,0,2239,Amirdrassil,"31.4,73.2|44.8,33.8|45.8,29.4|46.4,26.4|46.4,79|52,84.4|53.6,84.6"
214214,Vigilant Turtle,14969,0,2239,Amirdrassil,"62.4,89|65.4,84.6|67.6,11.2|69.2,14.2|71.8,27.2|73.6,21.8|73.6,29.2|74.2,48|75.8,50.8|76.4,45.4"
214215,Vigilant Snapper,14969,0,2239,Amirdrassil,"63.4,88|63.8,88.2|68.4,89.2|71.4,27.4|73.2,29|77,43.6|77.4,48.8|78,50|82.4,58.8|82.6,58.8"
214225,Opportunistic Timbertooth,14969,0,2239,Amirdrassil,"30,48|31.2,50"
214226,Shadechaser Snapper,14969,0,2239,Amirdrassil,"28.2,30.6|31.2,17.8"
214227,Shadechaser Turtle,14969,0,2239,Amirdrassil,"22.6,38|30,81.8|31,78.6|31.2,17.8"
214801,Skipper,14980,0,2298,Nerub-ar Palace,
216340,Sentry Stagshell,15093,0,2357,City of Echoes,
216555,Heelripper,-14,,2255,Azj-Kahet,
219653,Pestilent Drone,15177,0,2305,Dalaran,"51.4,63.6|51.6,63.6|52,54.8|52.2,54.4|52.2,56|52.2,57.2|52.2,57.6|52.8,55.4|53.2,54.2|53.4,56.2|53.4,56.6|53.6,54.4|53.6,54.6|53.6,56.4|53.6,56.6|57.4,54.2|58.4,54.2|58.4,54.6|58.6,54.2|58.6,54.6|60.2,54.2|60.2,54.8|60.2,57.4|60.4,57.6|60.8,57.6|61,55|61.4,57|61.4,58.6|61.8,56.4|62,55.2|62,56.6|62.6,57.2"
219654,Drone Bomber,15177,0,2305,Dalaran,"47.4,59.8|48,60|49,59.8|49.2,59.2|50.4,59.6|51.2,60|51.8,59.4|52.2,54|52.4,60.2|53,61|53.4,56.2|53.4,59.8|53.6,60.8|53.8,56.2|54.2,58.6|54.8,59|55,60.4|55.4,61.8|55.6,52.2|55.8,55.6|55.8,57|55.8,61.4|56,63.2|56.2,64.4|56.4,54.2|60.6,66.8|61.4,67.6|62.4,53.6"
219662,Small Threadling,15177,0,2305,Dalaran,"35.8,71|43.8,53.8|44,54.8|45.4,60.2|45.4,61.8|45.6,61.8|50.6,64.6|51.4,61.4|51.4,61.8|51.4,64.2|51.6,61.4|51.6,61.6|51.8,56.6|52,53.8|52,55.2|52,66.4|52,67|52.2,56.4|52.2,57.8|52.6,55.6|52.8,55.4|53.2,54.2|53.2,62.8|53.2,63.6|53.6,54.6|54,60.8|54.2,54.4|54.6,54.4|54.8,54.6|54.8,60|55,58.4|55.2,58.8|55.2,61.2|55.4,61.6|55.6,61.6|57.4,51|57.4,56.8|57.6,56.4|57.8,56.8|58.4,51|58.6,50.8|58.8,56.8|60.4,51.2|60.6,51|61,50.4|61.4,48.4|61.4,48.6|61.4,58.4|61.4,58.6|61.6,47.8|61.6,56.6|62,46.4|62,46.6|62.2,56.4|63.4,58.4|63.4,58.6|63.6,58.8|63.8,54.6|64.2,53.8|64.8,47.6|64.8,54|65,47.4|67,50|67.4,50.6"
219664,Rampaging Threadling,15177,0,2305,Dalaran,"43.8,54|44,55|44.2,61|44.4,56.4|44.4,56.6|45.2,57|45.8,60.4|46,57.4|47,59.8|48,59.8|49,59.4|49.4,59.8|49.6,59.6|51.2,55.2|51.4,64.4|51.4,65.2|51.4,65.6|51.6,54.8|51.6,60.8|51.6,64.4|51.6,64.6|51.8,54.4|51.8,63.2|52,61.6|52.8,54|53.2,50.6|53.2,62|53.2,62.6|53.2,63.6|53.4,50.4|53.6,50.4|53.8,50.8|54.6,50.6|54.8,50.2|56.4,51.4|56.6,51.6|57,66|57,66.6|57.4,51.2|57.6,51.2|58.6,50.8|59,57|59,62.4|59.2,60.6|59.4,57.8|59.4,58.6|59.4,59.6|59.4,63|59.6,59|59.6,63|60.2,54.4|60.2,54.6|60.4,51.2|60.6,51.4|60.6,54.8|60.8,51.6|61,50.4|61.2,48.8|61.4,48.2|61.6,47.8|62,46.4|62,46.6|62,56.4|62.4,55.2|62.4,57|62.6,57.2|62.8,50.6|63.2,49.8|63.2,58.4|63.4,49.4|63.4,58.6|63.6,49|63.6,58.6|63.8,48.4|64.2,60.4|64.2,60.6|64.4,52.2|65.4,51.4|65.4,51.6|65.6,51.4|65.6,51.6"
220707,Staglette,15145,0,2215,Hallowfall,"57.2,51.4|57.6,51.4|59.4,50.4|59.4,51.2|59.4,51.6|59.6,51.4|60,50.2|60.4,49.4|60.4,51.6|60.6,51.8|61.2,49.4|61.2,50.8|61.4,50.4|61.6,49.4|61.6,51|62.2,50.4|63,49.4|63,50.6|63.4,49.8|64.4,49.2|64.4,50"
222235,Bloodthirsty Swarmer,14980,0,2298,Nerub-ar Palace,
222936,Sweet-Sting Worker,14954,0,2308,Priory of the Sacred Flame,
223613,Weave Drone,15007,0,2347,The Spiral Weave,"42.2,22|42.2,26|42.2,29.6|42.4,23.6|42.4,25.4|42.4,27.4|42.4,27.6|42.4,29.2|42.4,31.6|42.6,18|42.8,18.6|42.8,27.2|43,20|43,26.4|43.2,21|43.2,25|43.2,30.2|43.4,22.4|43.4,23.2|43.4,24.4|43.4,28.2|43.4,29.2|43.4,30.8|43.4,31.8|43.6,23|43.8,21.6|43.8,26|43.8,30|43.8,31.2|44,20.6|44,24.4|44,26.8|44,28.2|44,28.6|44,33|44.2,31.8|44.4,25.4|44.6,21.8|44.6,24.4|44.6,28.2|44.6,28.6|44.8,22.8|44.8,24.8|44.8,26.4|44.8,27.2|44.8,30.6|44.8,34|45,30|45,31.6|45.4,33|45.4,35|45.6,23.2|45.6,33.6|45.8,25.8|45.8,31.8|46,28.2|46,28.6|46,30.4|46,35.8|46,36.6|46.2,27.2|46.2,33|46.4,25.2|46.4,31.2|46.6,29.6|46.6,31|46.6,31.6|46.8,28|46.8,29.4|47,26.4"
224106,Hallowfall Bear,14838,,2215,Hallowfall,
224109,Hallowfall Matriarch,14838,,2215,Hallowfall,
224496,Hallowfall Bear,14838,,2215,Hallowfall,
224663,Mesmerized Flyer,-14,,2255,Azj-Kahet,
226625,Cave Skipper,14957,0,2249,Fungal Folly,"37.6,58.6|39,56.2|39.4,51.8|39.6,52.6|40,51.8|40.2,50.4|40.4,50.6|40.6,50.4|40.8,51|41.4,41.4|41.4,41.6|41.6,40.4|42,41.8|42,43|42.2,41"
226625,Cave Skipper,14998,0,2312,Mycomancer Cavern,"23.4,34|25.2,33.2|26,33.2|26.4,33.8|26.6,33.4|31.2,31.6|36.8,27.2|37.6,26.6|38,24.2|46.4,27.2|46.6,27.4|48.2,28.6|48.4,28.4|51.4,77.8"
226625,Cave Skipper,15005,0,2277,Nightfall Sanctum,"51.4,45.4|51.4,45.6|51.8,45.4|51.8,45.8|53,46.4|53.2,46.8|53.6,46.2|53.6,46.6|60.4,47.4|60.6,49|60.8,47.6|61.4,47.4|61.6,47.4|61.6,47.6"
226625,Cave Skipper,15008,0,2259,Tak-Rethan Abyss,"55.4,27.2|55.4,27.8|55.4,28.6|55.6,27.6|55.6,28.8|56.4,26.4|56.4,27|56.8,26.4|56.8,27|57.6,26.4|57.6,26.8"
226625,Cave Skipper,15175,0,2301,The Sinkhole,"52.4,17.2|52.4,18.4|52.4,19|52.4,19.8|52.4,20.6|52.6,17.2|52.6,18.4|52.6,18.6|53,20.6|53.2,20.2"
227373,Vicious Spiderling,14957,0,2249,Fungal Folly,"20.6,31.4|20.8,32.4|21,27.4|21,33.6|21.2,30|21.4,32.8|21.6,33.6|21.6,34.6|21.8,32.4|21.8,41.2|22.2,31.2|23,30.4|23.2,30.6|23.2,33|23.6,34.2|24.4,28.8|25.2,32.4|25.4,29.2|26,31.6|26,38.6|26.2,30|26.2,30.6|26.8,31.4|27,28.6|27.2,32|27.4,41.2|28,43|28,45.2|28.4,41.6|28.4,44.2|28.6,40.2|28.6,42.4|28.6,44.6|28.8,41|29.2,29.2|29.2,43|29.4,38.8|29.8,42.2|30,38.8|30,41.2|30.2,68|30.4,39.8|31,40.4|31,68.4|31.4,66.4|31.6,64.8|31.6,68|32,65.8|32,66.6|32.2,39|32.2,41.2|32.2,68.6|32.4,36.8|32.8,35.8|33,38.6|33.2,35.4|33.2,37.6|33.2,67|33.4,34|34,33.6|34,35.4|34.2,35.6|34.2,36.6|34.6,68.2|35,37.8|36.2,30.2|36.2,32|36.2,42.2|36.8,32.4|37.2,65|37.4,31|37.6,57.6|38,30.6|38,65.8|38,69.6|38.2,32|38.2,73.4|38.8,54|38.8,73.2|39.4,29|39.4,55|39.6,28.4|39.6,31.2|39.8,67.8|40,53.4|40.2,49.8|40.6,28.4|40.8,49.8|41,26|41,67.4|41.2,25.4|41.2,60.4|41.2,62|41.2,68.2|41.4,31|41.4,60.8|41.4,65.4|41.4,65.8|41.4,68.6|41.4,70|41.6,26.2|41.6,62.4|41.6,63|41.6,65.8|41.6,67.6|41.8,44.6|41.8,59.8|41.8,71.2|42,31.2|42,47.8|42,59|42.2,28.4|42.2,28.8|42.2,29.6|42.2,64.4|42.2,65.4|42.2,69.8|42.4,27.4|42.4,66.8|42.6,29.2|42.6,67.8|42.8,27|42.8,63.4|43,26.2|43,28.2|43,29.6|43,66.6|43,72|43.2,65|43.4,63.8|43.6,29|43.6,47.6|43.8,65|44,26.8|44,28.2|44,66|44.2,26|44.2,64.2|44.2,68|44.2,77.4|44.6,64.6|44.6,72.6|44.8,69.2|44.8,70.2|45.2,64.4|45.4,66.8|45.4,78|46.6,68.4|47,66.4|47,71.4|47.4,72.4|47.8,67.6|48.4,64.2|48.6,64.8|48.6,66.4|48.8,64.2|49.8,62.4|50,64.4|50,70.8|50.2,62.8|50.2,71.8|51,69.8|51.2,71.4|51.4,61.2|51.4,62.2|51.4,62.6|51.4,64|51.4,73|51.8,60.4|51.8,63.8|51.8,72.4|52,62|52,63.4|52,68.6|52.2,61|52.4,70.6|52.4,73|52.6,62.8|52.6,63.8|52.6,72.6|52.8,70.6|53,60.8|53,74|53.2,62.2|53.2,71.6|53.4,75|53.6,59.2|53.6,60.6|53.6,73.8|53.8,72.2|54,62.6|54.4,61.6|54.4,74.8|54.6,62|54.6,75|55,57.6|55,61.4|55.2,65.4|55.4,65.6|55.6,59.2|55.6,65.4|56,65.8|56.2,67|56.6,66|56.6,67.4|57,61.4|57,64|57.2,65.4|57.4,62.8|57.6,62.6|57.8,62.2|57.8,63.8|58.2,61.2|58.4,59.2|58.6,61.2|58.6,64.4|58.8,56|59.2,58.8|59.4,62.4|59.4,63|59.8,57.2|59.8,57.6|60,56.2|61,55|61,59.4|61.2,55.8|61.8,55.2|62,56|62.6,53.8"
227373,Vicious Spiderling,14998,0,2312,Mycomancer Cavern,"23.2,34.6|26.2,33|27,34.6|27.4,36.6|27.8,32.4|30,33.6|33.2,33.4|33.4,34.6|33.6,33.2|34.8,31|35.8,30.2|39.2,68|39.4,69|39.4,71.8|40,44.4|40.4,51|41.6,63.4|41.8,20.2|41.8,25.8|41.8,69.6|42,41.2|42.2,21|42.2,24.2|42.2,66.4|42.2,66.8|42.8,24.6|42.8,51.2|42.8,64|42.8,68.2|43,63.2|43.2,21.4|43.4,58.2|43.4,66.2|43.6,25.8|43.6,69.2|43.8,61.2|43.8,66.8|44,66.2|44.2,22.2|44.4,24.6|44.4,68.4|44.6,20|44.6,21.4|44.6,70.8|44.8,74|45,66.4|45,68.8|45,70|45.2,24.8|45.4,72.2|45.8,27.4|45.8,69.2|45.8,75.8|47.4,73.4|47.8,22.6|47.8,78.2|48.2,22|48.4,73.2|48.6,78.4|49,22.2|49,29|49,79|49.4,74.6|49.6,22.8|49.6,77.2|49.8,74.6|50.4,72.4|50.6,32.8|50.6,34.8|50.6,76|50.8,68.6|50.8,74.4|51,29|51.2,26.2|51.2,31.6|51.4,30.2|51.4,35.8|51.4,80.2|51.8,27.8|51.8,32.4|51.8,80|52.2,70.4|52.6,28.8|52.8,29.6|53,35.8|53.2,28|53.2,35.2|53.4,32|53.8,29.8|53.8,79.2|54.6,33.2|54.8,29.4|55,32|55,35.2|55,36|55.4,34.2|55.4,38|55.4,38.6|55.6,29.4|55.8,31.8|56.4,30.2|56.6,37.6|56.8,31.8|57,36.8|57,78|57.2,31.2|57.2,38.8|57.6,34.6|57.6,40.2|57.8,32.4|57.8,73.2|58,36.8|58,39.2|58.2,73.8|58.6,37.4|59,33|59.2,37.6|59.2,68.4|60.2,76.6|60.6,34.4|62,34.6|62.2,37.2|62.2,65.2|62.2,71|62.8,64.6|63.2,54.6|63.4,38|63.4,55.6|63.6,54.2|63.8,55.8|64,66.8|64.2,53.4|64.2,54.8|64.2,61.8|64.2,72.2|64.2,74|64.4,73|64.4,76.2|64.6,56.6|64.8,66.8|65,75.4|65,77.2|65.2,49.6|65.8,53|65.8,73.8|66.2,63.4|66.2,63.8|66.2,67.6|66.2,72.4|66.4,51.4|66.4,57.4|66.6,52.8|66.8,59.6|67,68.6|67.2,52|67.2,66.8|67.2,69.8|67.4,51.4|67.4,57.4|67.4,59|67.6,52|67.8,58.2|67.8,59.6|68,43.6|68,53.2|68.2,60.6|68.4,67.2|68.6,66.6|68.8,63|69,61.4|69.4,62|69.8,43.6|70.4,62.6|71.2,62.6"
227373,Vicious Spiderling,14999,0,2269,Earthcrawl Mines,"31.4,40.2|32.2,41.8|32.4,34.6|32.4,40.4|32.4,41.2|32.6,39.6|32.6,41.4|32.8,37.2|32.8,41.6|33,35.8|33,38.8|33.2,38|33.6,38|33.6,38.6|33.6,43|33.8,36.8|34,41.2|34.2,36|34.2,41.6|34.6,35.8|34.8,37.2|34.8,44.6|35,35.2|35.2,37.8|35.2,39.2|35.2,40.4|35.8,44.8|36,39.2|36.2,41.8|36.4,35|36.4,37.6|36.4,40.6|36.4,44|36.6,38.2|36.6,38.8|36.6,40.8|36.8,39.8|36.8,44.8|37,42.8|37.4,44|37.6,40.8|37.6,45.4|37.8,37.4|37.8,38.8|37.8,43|38.2,47.4|38.4,38.2|38.4,39.8|38.4,44|38.6,24|38.6,39|38.6,42.2|39.2,23|39.2,24.6|39.2,39.8|39.2,42.8|39.4,25.6|39.6,24|39.6,25.6|39.6,40.4|39.6,43|39.8,43.8|39.8,45.8|40,28.2|40.2,25.4|40.2,26.8|40.2,38|40.4,44.8|40.6,26|40.6,26.6|40.6,28.6|40.6,42|40.8,28.4|40.8,37.6|40.8,40.8|40.8,46.2|41,43.8|41,44.8|41.2,30.2|41.4,38.6|41.6,18|41.6,29.6|41.6,39|41.6,40.2|41.6,41.8|41.6,43.2|41.8,44.2|42,45|42,45.8|42.2,46.8|42.4,48|42.6,39.8|42.6,46.6|43,28.4|43,47.8|43.2,17.4|43.2,28.6|43.2,46.2|43.6,28.8|43.6,48|43.8,46.8|43.8,59.4|43.8,61.8|44,28.2|44,48.6|44,60.2|44.4,49.8|44.4,58|44.4,63.2|44.6,50|44.6,62.4|44.6,64.6|45,48.2|45,49.4|45,57.4|45,57.8|45,59.4|45.2,61|45.2,62.8|45.2,64.4|45.4,51.6|45.4,55.8|45.6,49.4|45.6,56.2|45.6,59|45.6,62.6|45.8,57.6|45.8,64.4|46,51|46,52.2|46,52.6|46,54|46,54.8|46.2,50.4|46.2,65|46.4,66|46.6,50.2|46.6,51|46.6,65.2|46.8,51.6|46.8,53|46.8,55.6|47,54.4|47,65.8|47.4,67.2|47.6,66.8|48,68.8|48.2,68|48.4,69.8|48.6,67.6|49.2,68.8|49.4,69.8|49.6,70|50.2,69.4|50.2,70.6|50.4,72|50.8,70|51,70.6|51,72.2|51.4,72.8|51.6,70.4|51.8,71.2|52,72|53.2,73.4|56.4,78.6|57,76.8|58.4,82.2"
227373,Vicious Spiderling,15000,0,2250,Kriegval's Rest,"47.2,20.8|47.2,27.2|47.4,19.4|47.4,31.2|47.4,35.4|47.6,22|47.6,23.2|47.6,31.2|47.6,35.2|47.8,27|48.2,32.4|48.2,32.8|48.4,27.6|48.6,28.4|48.8,25.2|48.8,34.2|49,28.8|49.2,35.2|49.6,27.2|49.6,35|49.8,21.2|50,23.2|50,28.4|50,31.2|50.2,22.2|50.2,25.2|50.2,30.4|50.4,23.6|50.6,21.8|51,22.8|51.6,19|51.6,30.2|51.8,23|52,25.2|52,26.4|52,28.2|52,31.2|52.4,24.4|52.6,27.4|52.8,21.8|52.8,26.4|53,81.6|53.2,32.6|53.4,20.4|53.4,29|53.8,23.2|53.8,81.6|54.2,28.2|54.2,81|54.4,71.8|54.4,80.4|54.6,26.8|54.6,27.6|54.6,79.2|54.6,80.6|54.8,80|55.2,24.8|55.2,25.8|55.2,29|55.2,30.8|55.2,33.4|55.2,34.4|55.4,20.2|55.4,23.4|55.6,19.4|55.6,21.2|55.6,23.2|55.6,83.2|56.2,81.2|61,27.2|61,86.2|61.2,85|61.2,86.8|61.4,87.6|61.6,85.2|61.6,86.4|62,27.2|62,83.6|62,87.6|62.2,79.8|62.4,82.2|62.4,86.6|62.6,82.2|62.6,86.6|63,86.2|63,87.6|63.2,27.6|63.2,37.8|63.2,47.8|63.2,49.8|63.2,64|63.4,38.6|63.4,48.6|63.6,33.2|63.6,38|63.6,48.8|63.6,51.6|63.6,53.2|63.6,87.2|63.8,34|63.8,37.4|63.8,39.2|63.8,51|63.8,86.4|64.2,32.2|64.2,35|64.2,40|64.2,43.6|64.2,44.8|64.2,47.4|64.2,49.8|64.2,53.8|64.4,40.6|64.4,46.4|64.4,47.6|64.4,54.6|64.4,67.8|64.6,41.6|64.6,43.2|64.6,44.6|64.6,54.4|64.8,28.2|64.8,28.8|64.8,34.6|64.8,41.2|64.8,45.8|64.8,47|64.8,64.6|64.8,67.4|64.8,86.4|65,38.6|65,47.6|65.2,69|65.2,69.6|65.2,87.2|65.4,48.8|65.6,69.6|65.6,86.2|65.8,47.2|65.8,62|65.8,63.6|66,37.2|66,39.8|66,61.2|66,63.4|66,67.2|66.2,48.2|66.2,53.4|66.4,46.2|66.6,47.8|66.6,53.8|66.6,61|66.6,87.2|66.8,46.6|66.8,53.4|67,49.2|67,62.4|67,67.2|67,69.8|67.2,51|67.2,63.4|67.4,65.2|67.4,65.8|67.4,67.6|67.6,68|67.6,88.8|67.8,47.2|67.8,83|68,53.2|68,61.8|68.2,62.8|68.2,65|68.2,65.8|68.2,82|68.4,46.4|68.4,55.6|68.4,59.2|68.4,61|68.4,64|68.4,66.8|68.4,84.2|68.4,85.4|68.4,86.4|68.6,48|68.6,54.2|68.6,55|68.6,55.8|68.6,59.6|68.6,62.8|68.6,64|68.6,67.4|68.6,83.6|68.6,86|68.8,82|68.8,88.2|69,61.2|69,62.2|69.2,53|69.4,47.4|69.4,49.4|69.4,50|69.4,51|69.4,66.2|69.4,71.6|69.6,47.8|69.6,50.2|69.6,71.4|70,47.4|70,50.6|70,62.4|70,63.6|70.2,51.6|70.2,53|70.8,69.6|71,62|71,66.8|71,72.8|71.2,60.8|71.2,62.8|71.4,66.2|71.4,69.4|71.4,71.2|71.6,61.8|71.8,66.4|72.2,65.2|72.2,68.6|72.2,70|72.4,64.4|72.6,70|73,63.4|73,66.2|73,67.4|73,68|73.2,69.2|73.8,68"
227373,Vicious Spiderling,15002,0,2251,The Waterworks,"43,19|44.4,20.4|45,20.8|45.2,22.6|45.2,23.8|45.6,20.8|45.6,35|45.6,43|46,25|46.2,22|46.2,53|46.2,60.6|46.4,20.2|46.4,35.6|46.4,39.4|46.4,40.2|46.4,41.2|46.4,41.6|46.4,67.2|46.4,68.6|46.4,73.4|46.6,19.2|46.6,20.4|46.6,21.4|46.6,23.6|46.6,42.6|46.6,47.4|46.6,47.6|46.6,54|46.6,67.4|46.6,71|46.6,74.8|46.8,22.4|46.8,40.2|46.8,49.2|46.8,53.2|46.8,54.8|46.8,66.2|46.8,68.4|46.8,74|47,17.6|47,25.6|47,46.4|47.2,42|47.2,52.4|47.2,73.4|47.4,25.2|47.4,36.4|47.4,41.4|47.4,59|47.4,65.2|47.4,68.6|47.6,19.6|47.6,25.2|47.6,37.6|47.6,64.8|47.6,67.8|47.6,69.2|47.8,39.8|47.8,42.4|47.8,52.6|47.8,56.2|47.8,57|47.8,58.8|47.8,63.6|48,21|48,36.4|48,37.4|48,61.8|48.2,22|48.2,40.8|48.2,43.2|48.2,63.2|48.4,23|48.4,26.2|48.4,39|48.4,58.2|48.4,60.8|48.6,24.8|48.6,40.6|48.6,64|48.8,26.6|48.8,61.4|48.8,62.4|49,59.4|49,63.4|49.4,21|49.4,25.8|49.4,27.6|49.4,35.8|49.4,39.6|49.4,60.4|49.6,25.2|49.6,26.4|49.6,26.8|49.6,29.2|49.6,30.8|49.6,32.4|49.6,35.8|49.6,36.8|49.6,59.8|49.8,27.8|49.8,30.4|49.8,33|49.8,33.8|49.8,34.6|49.8,58.8|49.8,62.4|50,23|50.4,58.4|50.4,63.4|50.4,63.6|50.6,61.6"
227373,Vicious Spiderling,15003,0,2302,The Dread Pit,"29.6,57|30,54.8|30.4,54.2|30.6,54|31.2,48.4|31.2,53.4|31.6,46.8|31.6,52.6|31.8,51|31.8,66.4|32,49.2|32.2,52.4|32.4,50.4|32.8,44.4|32.8,46|32.8,46.6|32.8,47.6|32.8,49.2|33.4,50.8|33.4,62.8|33.6,51.6|33.6,74.4|33.8,46.2|33.8,47|33.8,49|33.8,60|33.8,64.6|34,44.6|34,47.6|34,50.8|34,61.2|34,75|34.2,66|34.2,71.4|34.4,43.6|34.4,57|34.4,61.8|34.4,68|34.4,73.2|34.6,45|34.6,51.4|34.6,65.4|34.6,68.6|34.6,70.4|34.6,70.6|34.6,72.8|34.8,44.4|34.8,49.4|34.8,64.2|34.8,73.6|35,76.2|35.2,62|35.4,46.4|35.4,51.8|35.4,76.6|35.6,48.2|35.6,75.2|35.8,51.4|35.8,63|35.8,75.8|36,50.2|36,60.4|36.2,64.4|36.2,67.8|36.2,71.8|36.4,45.4|36.4,48.8|36.6,51.2|36.6,66.4|36.6,75.4|36.8,50.2|36.8,75.6|37,49|37.2,21|37.2,54.8|37.2,77.8|37.4,57|37.4,77.4|37.8,45|37.8,50.6|37.8,53.6|38,49|38,50.2|38.2,55|38.2,77.6|38.4,20.4|38.4,48.2|38.4,52.4|38.4,56|38.6,45.6|38.6,56.8|38.6,78.4|38.8,49|38.8,50|38.8,58|39,21.2|39.2,23.6|39.2,45.4|39.2,50.6|39.2,53.6|39.2,79.2|39.4,47|39.6,47.6|39.6,56.8|39.6,81.4|39.8,62.2|39.8,77.4|40,49.6|40.2,78|40.4,59|40.6,21.2|40.6,55.2|40.6,58.8|40.6,62.6|40.6,80.2|40.8,54.4|40.8,55.8|40.8,78.2|41,22.4|41,58.4|41.2,82.4|41.4,25|41.4,25.8|41.4,63.8|41.6,23|41.6,58|41.6,61.8|41.6,80|42,25.4|42,59.4|42,63|42.2,27.6|42.2,84.6|42.6,62.4|43,24|43.2,79.2|43.4,81.6|43.6,78.4|44.4,23.6|44.6,22.8|44.8,78.4|45,24.6|45.4,82.4|45.4,83.4|45.4,85.6|45.8,83.8|46.4,87|46.8,85.8|47.2,25.4|47.4,85.4|47.6,25.6|48.8,27.2|49,26.4|49.2,25.2|49.2,27.6|49.6,26.6|49.6,81.8|50,28.4|50,84.2|50.2,70.4|50.2,71.4|50.6,30.6|50.6,81.2|50.8,28.8|51,72|51.2,70.6|51.2,82|51.4,30|51.4,74.6|51.4,82.6|51.6,83.4|51.8,31.4|51.8,45.4|51.8,76.6|51.8,84.6|52,69.4|52,74.2|52.2,32.2|52.2,69.6|52.2,70.6|52.4,68.4|52.4,82.2|52.6,31.8|52.6,36.2|52.6,66.2|52.6,69.6|52.6,74.4|52.6,81.4|52.6,82.2|52.8,42.8|53,29.4|53,40|53,44|53,71.4|53,72.6|53,76.8|53.2,30.2|53.2,33.4|53.2,37.6|53.2,47|53.2,75.8|53.4,35|53.4,36.8|53.8,32.8|53.8,72.6|53.8,73.6|53.8,81|54,33.6|54,35.2|54.2,35.6|54.2,38|54.2,77.8|54.2,79.6|54.4,31.2|54.4,69|54.4,70.4|54.6,37.2|54.6,51.2|54.6,78.4|54.6,80.4|54.8,38.6|54.8,40.4|54.8,45.8|54.8,71.4|54.8,79|54.8,80.6|55,43.2|55,44.4|55,44.6|55.2,48|55.2,72.8|55.4,77|55.6,69.8|55.6,79.8|55.8,28|55.8,43.6|55.8,69.2|55.8,72.8|55.8,79.4|56,45.2|56,71.6|56.2,31.6|56.2,45.6|56.2,53.6|56.2,66.2|56.2,67.2|56.2,76.6|56.4,65|56.4,68.4|56.4,76|56.6,54|56.6,64.2|56.6,65.4|56.6,75.8|56.8,44|56.8,71.2|56.8,76.8|57.2,47.4|57.2,62.8|57.4,31.8|57.4,35.8|57.4,46.2|57.4,49|57.4,65.6|57.6,32.2|57.6,46.8|57.6,71.2|57.6,73.4|57.8,48.8|58,63|58.2,46|58.2,52.8|58.2,62.4|58.4,57.2|58.4,60.2|58.4,61.4|58.6,42.2|58.6,47.6|58.6,49.6|58.8,46.8|58.8,58.6|59,50.8|59,53.2|59,54.2|59,54.8|59.2,49.2|59.2,56.2|59.4,58.4|59.6,51.2|59.6,54.2|59.6,56.6|59.8,49.8|60,52.8|61,53"
227373,Vicious Spiderling,15004,0,2310,Skittering Breach,"24.6,30|25,27.8|25.4,32|25.8,25|25.8,32.2|26,26.6|26.2,23.4|26.4,23.8|26.4,29.4|26.8,29.8|26.8,34|27.2,29|27.2,30.6|27.4,23.4|27.6,29|28,20.6|28.4,32|28.4,34.4|29.2,18.2|29.4,31.4|30.8,15.6|31,32|31,34|32.6,40.8|32.8,55.6|33.2,31.4|33.2,35|33.2,37.6|33.4,41.6|33.6,39|33.8,28|33.8,38.2|34,19.4|34,42.4|34,45.2|34.2,25.4|34.4,29.4|34.4,31|34.4,39.6|34.4,44|34.6,18.4|35,19.4|35,19.8|35.2,29.6|35.4,16.2|35.8,30.6|36,16.6|36.2,19|36.2,44.4|36.2,46.6|36.4,45.2|36.6,13.6|36.6,45|36.8,50.2|37,47.4|38.2,14.4|38.2,15.6|38.6,55.6|39.2,49.8|39.2,53.4|39.6,51.4|39.8,53|40.4,24|40.6,22.8|40.8,54.4|40.8,55.8|41,52.2|41,55|41.2,22.2|41.6,14.4|41.6,17.4|41.6,18.2|41.6,27|41.6,57|42,53|42,54.4|42.2,15.8|42.4,19|42.4,56|42.8,15|43.6,31.6|43.8,18.2|44.2,19.4|44.4,52.8|44.8,53.2|45.2,33.4|45.4,22.2|45.6,15.6|45.6,23.8|45.8,34.6|45.8,52.6|46.6,34.8|47,16.2|47,52.8|47.4,52.4|47.6,19.8|47.8,16.4|47.8,53|48,19|48.2,52.4|49,25.4|49.2,53|49.2,53.8|49.4,27|50.4,22.8|50.4,25.8|50.4,29.8|50.6,26.4|50.8,62.8|51,28.4|51.2,54.6|52,20.2|52.2,27.4|52.2,54.4|53,25.6|53.2,18.2|53.2,18.8|53.2,26.8|53.2,30|53.4,50.2|54,15.8|54.4,17.4|54.4,54.4|54.6,60.6|55,18|56,55.2|56.4,58.6|57,55.4|57.2,54.4|57.2,63.4|57.4,61|57.8,80.6|58,63.8|58.8,55.4|59.4,65.2|59.6,80.6|59.8,59|59.8,63.4|60.2,64|60.2,81.6|61.6,49.2|62,50.4|62.4,54|62.6,55.6|63,51.6|63.4,54|63.4,57.8|63.8,57.4|65,54.6|65.6,54|66,54.6|67.2,55.2|70,55"
227373,Vicious Spiderling,15005,0,2277,Nightfall Sanctum,"36,64.2|36.2,57.2|36.4,64.8|36.8,65.4|37,61.6|37.2,52.8|37.8,47.2|37.8,61.8|38.2,60.4|38.2,65.8|38.8,70.8|39,57|39,59.4|39.4,63.8|39.8,52.4|39.8,63.8|40.6,45.6|40.8,54|40.8,61.8|41,44.4|41.6,45.8|41.8,45.2|41.8,60.4|41.8,62.8|42,57.2|42.2,48.6|42.2,64|42.4,61|42.8,57.2|43,58|43,67.2|43.2,51.6|43.2,58.6|43.4,56.2|43.6,57.6|44,69.4|44,69.8|44.6,53.4|44.6,71.8|44.8,58.2|44.8,70.4|45,65|45.2,59|45.2,66.8|45.2,68.2|45.4,64.4|45.4,71.4|45.6,65.2|45.6,71.4|45.6,71.8|46,51|46,60.8|46.4,59.2|46.4,60|46.6,59.6|46.6,72|46.6,73.4|47.2,61.8|47.6,60.4|47.8,65.4|47.8,71.2|48,70.4|48.4,44|48.4,60.8|48.6,44.6|48.6,71.2|48.6,72.2|48.8,43.6|49,64.6|49,68|49.4,75.4|49.8,45.2|50.2,69.6|50.2,72.6|50.6,64.8|50.8,44.4|51,72|51.6,62.4|51.6,71|51.8,64|53.2,75.4|53.6,47|54.2,47.6|54.6,75|54.8,49.2|54.8,75.6|55.8,76.8|56.6,32.6|56.8,47|57.2,26.6|57.4,19.4|57.4,23|57.4,23.8|57.6,24.2|57.8,22.6|57.8,26.4|58,26.6|58,28.4|58.2,20.4|58.2,46.8|58.4,24.8|58.4,29.6|58.6,46.4|58.8,20.4|58.8,22|58.8,25|58.8,28.6|58.8,30.8|59,26.2|59,30.4|59.2,19.4|59.6,23.8|59.6,33.2|59.6,47|59.8,19.6|60.2,23.4|60.2,45.8|60.2,47.8|60.6,19.6|60.6,24|60.6,39|60.8,34|61,22.8|61.2,25.6|61.6,22.4|61.6,22.8|61.8,46.8|62.2,16.6|62.2,39|62.2,46.4|62.8,20.2|62.8,47|63,32.4|63,35.8|63,37.6|63.2,22.2|63.2,22.6|63.4,20.8|63.6,17.8|63.6,23.2|63.6,46.2|63.8,18.6|63.8,44.8|64,20.6|64,37.4|64.2,20.4|64.2,44|64.4,23.8|64.8,16.4|65.2,21.4|65.6,23.2|66,27.2|66,40.4|66.8,22.8|66.8,44|67,25.4|67,43.2|67,48|67.2,27|67.6,43.2|67.8,48.6|68.4,28.8|69.4,24.4|69.4,32.6|69.6,32.4|70.2,27.4|71.6,27.4|72.2,28.8|72.2,29.8|72.2,32|72.6,30.6"
227373,Vicious Spiderling,15007,0,2347,The Spiral Weave,"32,17|32.4,16|32.6,16.4|32.8,17.6|32.8,21.4|32.8,27.8|33,14.8|33,22|33,27.2|33,28.6|33.2,13.8|33.2,19|33.2,26.4|33.4,22.8|33.4,24.4|33.6,19.8|33.8,21.4|33.8,25.2|34,26|34.2,13.6|34.2,24.4|34.2,29|34.4,27.8|34.4,29.6|34.6,30.8|34.8,25|34.8,26.6|35,13.2|35,14|35,31.8|35.2,27.6|35.2,33.6|35.4,29.2|35.4,29.8|35.4,33.4|35.4,34.8|35.6,13.2|35.6,13.6|35.6,26.2|35.6,29.8|35.6,32.6|35.6,34.6|35.6,36.6|35.8,34.2|36.2,11.8|36.4,27.4|36.4,38.6|36.4,40.2|36.6,28.4|36.6,28.8|36.6,40.6|36.8,13|36.8,13.8|36.8,38.2|36.8,39.2|37.2,39.8|37.6,13|37.6,41.2|37.8,14.2|38.4,38.2|38.4,38.6|39,12.6|39,38.4|39,40|39.2,39|39.6,38.4|40,11.4|40,12.8|40,40.4|40.2,11.8|40.4,10|40.8,11.8|41,40.4|41,40.6|41.2,10.6|41.6,39.4|41.6,39.8|41.6,40.8|41.8,10.6|41.8,11.8|41.8,13.4|41.8,13.8|42,16.6|42.2,15|42.2,16.2|42.6,27.4|42.6,40.2|42.6,47.8|42.8,48.6|43,19.4|43,41.8|43.2,40.6|43.2,45.2|43.2,46.2|43.4,21.4|43.4,22.2|43.4,47.2|43.6,20.8|43.6,22|43.6,30.2|43.6,45.2|43.6,49.4|43.8,22.6|43.8,31.4|43.8,46|44,23.6|44.2,47.4|44.2,51.8|44.4,25.8|44.4,27.2|44.4,44.4|44.4,51|44.8,28.2|44.8,30.4|45,39.2|45,40.2|45.2,40.8|45.4,53.2|45.6,39.2|45.6,40|45.6,40.6|45.6,44.4|46,28|46,44.6|46.6,41.2|46.8,29.6|46.8,39.8|47,39.2|47,42.4|47.2,43|47.2,43.8|47.4,53.4|47.6,39.8|48,53.8|48.2,53.2|48.4,39.2|48.6,52.8|48.8,55.4|49,55.8|49.4,38.8|49.4,43|49.6,36.6|49.6,54.4|49.6,54.8|49.6,57|50,63|50.4,42.6|51,43.8|51,62.4|51.2,42.4|51.2,44.8|51.2,52.2|51.2,62.8|51.2,66|51.4,43|51.4,47|51.4,71.2|51.8,42.8|51.8,67.2|52,41.8|52,46|52.2,45.2|52.4,51|52.4,70.8|52.4,73.8|52.6,73|52.8,69.2|53,46.6|53,71.8|53.2,50.2|53.4,48.2|53.4,51.4|53.8,49"
227373,Vicious Spiderling,15008,0,2259,Tak-Rethan Abyss,"35,63.6|35.8,63.4|36,66|36,67.2|36.4,54.6|36.4,64.8|36.6,67.4|37,58.8|37.2,55.6|37.2,62.2|37.2,68.4|37.4,55.4|37.4,63.6|37.6,54.8|37.8,53.6|37.8,57|37.8,64.4|37.8,69.4|37.8,70.2|38,52.8|38,58.8|38,59.8|38,61.4|38.2,56.4|38.2,65.4|38.4,62.6|38.4,68|38.4,71.4|38.6,51.8|38.6,55.2|38.6,56.8|38.6,62.2|38.6,69.2|38.6,70.4|38.8,60.6|38.8,62.8|38.8,71.2|39,51.2|39,54.4|39,56|39,57.8|39,64.2|39,71.8|39.2,65.4|39.2,67.6|39.4,53|39.6,48.4|39.6,54.2|39.6,64.8|39.6,72.2|39.6,73.2|39.8,65.8|39.8,68.6|40,53.4|40.4,50.6|40.4,51.8|40.8,53|41,51.8|41.4,48|41.4,49.2|41.8,45.8|41.8,48.4|42,44.6|42,47|42,69.6|42.2,49.2|42.2,49.8|42.2,51.2|42.2,52.4|42.6,48.8|42.6,69|42.8,43|42.8,44.4|42.8,44.6|42.8,46|43,49.6|43.6,44.6|44,44|44.4,43|44.6,42.4|44.8,43|44.8,43.8|44.8,69.6|45.4,45|46.2,44|46.4,43|46.4,52.2|46.6,43.8|46.8,50.4|46.8,52.6|47,51.8|47.4,48|47.4,51.2|47.6,45.8|47.8,50.8|48,48.6|48.2,46.6|48.2,52.8|48.4,44.2|48.6,46.2|48.8,46.6|49,44|49,51.4|49,51.8|49.4,50.4|49.6,48.2|49.6,50|50,52|50.4,29.8|50.8,52.2|51.2,47|51.2,49.2|51.2,49.6|51.4,50.6|52,47.2|52,52|52.2,30.2|52.2,31|52.2,49.4|52.4,49.8|52.8,30.8|52.8,47.4|52.8,48.6|52.8,51.4|53,29.4|53,49.6|53.6,48.4|53.6,49.6|53.8,49|54,30.8|54,47.4|54,50.6|54.2,29.6|54.4,28.2|54.4,29.2|54.6,50.4|55,29|55,49.2|55.4,28|55.6,50|56,38.8|56.2,27.6|56.2,48.2|56.2,50.6|56.4,26.2|56.4,40.4|56.4,41|56.4,42.4|56.4,43|56.4,46.8|56.4,49.2|56.6,40.6|56.6,46|56.8,37.4|56.8,38.6|56.8,43.2|57,26.6|57,48|57,51.2|57.2,25.8|57.2,36.4|57.2,38.2|57.2,43.6|57.2,48.8|57.4,34.2|57.4,35.2|57.4,46.8|57.4,50.2|57.6,34.8|57.6,42.6|57.6,51.8|57.8,26.2|57.8,33.6|58,26.6|58.2,33.4|58.4,51.2|58.4,52.8|58.8,32.4|58.8,32.8|58.8,53.4|58.8,53.6|58.8,56.6|59.2,33.6|59.2,52|59.4,27.4|59.4,29|59.4,31.2|59.4,56.2|59.6,27.8|59.6,31|59.8,30.2|59.8,54.6|59.8,57.2|60,29.2|60,53.4|60.4,56.4|60.6,30.8|60.6,57|60.8,47.6|61,59.2|61,59.8|61.4,49.4|61.4,49.8|61.4,51|61.6,51.4|61.8,49.4|61.8,56|62,57.2|62,58.2|62.2,48.4|62.4,49.6|62.4,59|62.6,49.6|62.8,49.2|62.8,50.6|62.8,55|63,58.2|63.2,57.4|63.4,56|64.2,53.6|64.2,54.6|64.4,53|64.6,55|64.8,54|65,52.6|65.4,51.6|65.6,52.2"
227373,Vicious Spiderling,15009,0,2299,The Underkeep,"27,62.2|27.6,64.2|28.2,65|28.4,56.6|29,61|29.6,63.2|29.6,64.6|30.2,60.8|31,55.8|31.2,59.6|31.4,62.4|31.6,58.2|31.8,55.8|31.8,60.8|32.4,54.8|32.4,63.6|33.8,65.8|34.2,64.4|34.4,58.2|35.4,27|36,60.6|36,63.2|37,31|38.2,32.2|38.8,32.2|39.2,71.2|39.4,80|40.2,34.2|40.2,36|40.4,37.4|40.8,33.8|40.8,36.8|41,35|41.4,38|41.8,76.4|42,37|42.2,36|42.6,79.6|42.8,40.6|42.8,86.6|43.2,36.2|43.2,75.8|43.4,38.4|43.6,38|43.6,41.4|44.6,75.2|45,38.8|45.2,38|45.2,42.2|45.4,40|45.4,43.8|45.4,83.2|45.6,40.4|45.6,41.2|45.8,42.8|46,44|46.2,85|46.6,43.8|46.8,83|46.8,86.2|47.2,37.4|47.2,39.4|47.8,36.6|47.8,80.2|47.8,82.4|48.2,45.6|48.4,48.2|48.4,79.2|48.4,81.4|49.2,47.2|49.6,49.4|49.6,67.6|49.6,71.8|49.8,54.2|49.8,67.2|50.2,47.6|50.2,65.6|50.2,70.2|50.4,47|50.4,57.6|50.4,58.6|50.4,63.4|50.6,50.2|50.6,68.6|50.6,70|50.6,73.2|50.8,48.8|50.8,58.2|51,60.2|51,66.2|51.2,51.6|51.4,52.8|51.4,63.8|51.4,68.2|52,49.6|52,51.6|52,67.8|52,73.4|52.6,30.2|52.6,56.6|52.8,58.2|52.8,61.4|53,49.8|53.2,27.8|53.2,29.4|53.4,49|53.4,50.6|53.4,62.8|53.6,50.8|53.8,58.4|54,49|54,51.6|54,70.4|54,71.2|54.2,21.6|54.2,27|54.6,22.2|54.6,24.2|54.6,50.2|54.8,24.8|55,18.8|55,54.4|55.2,52.8|55.4,51|55.4,58.4|55.6,57.6|55.8,24.8|56,61.2|56,63|56.2,23.8|56.2,71|56.2,72.6|56.6,15.4|56.6,23.8|56.8,58.8|57,67.2|57.2,62.8|57.4,26|57.4,71.2|57.6,20.6|58,14.4|58.2,16|58.2,17.4|58.2,72|58.4,18.4|58.4,66.8|58.4,71.4|59,48.6|59.2,14.6|59.2,18.6|59.2,26.4|59.4,50.2|59.6,65.4|59.8,27|60,57.4|60,72|60.4,16.6|60.4,63.8|60.6,21.2|60.6,64.6|60.8,22.2|61,23.4|61,67|61,71.4|61.2,60.2|61.4,59.2|62,50.2|62,57.8|62.2,64.4|62.4,20.6|62.4,62.4|62.4,70.4|62.4,71.6|62.8,52|62.8,62.6|63.2,66.4|63.4,47.2|63.4,70|63.6,49.4|63.6,50.8|63.8,54.6|63.8,67.4|64,68.8|64.2,66.2|64.2,67.6|64.4,47.4|64.4,48.4|64.4,50.4|64.4,52|64.6,29.6|64.6,32|64.8,53.6|64.8,68.6|65,60.4|65.2,67.2|65.4,52.6|65.4,58.4|65.6,54.8|65.8,47.4|65.8,49.2|65.8,60.4|65.8,69.2|65.8,72.6|66,72.4|66.6,73.4|66.8,39.2|67,33.4|67,46.2|67.2,73.6|68,33.8|68,38.6|68,44.2|68.4,38.4|68.8,44.2|68.8,44.8|69.4,41|70.4,39.6|70.6,39.4|71.2,34.8|71.2,41.8|71.4,37.8|71.8,34.6|72.2,40|73,35.2|73,40.8|73,41.6|73.6,38|74.2,40.8|74.4,40|75,42"
227373,Vicious Spiderling,15175,0,2301,The Sinkhole,"39.4,56|39.6,54.4|39.8,56.2|40.2,56.8|41,52.4|41,56|41,61|41.2,54|41.2,55.2|41.4,51.2|41.4,53.4|41.6,51|41.8,55|41.8,62|42,60.4|42,60.8|42.2,58|42.2,59|42.4,50.2|42.6,51|42.6,57.4|43,50.2|43.6,48.6|43.6,49.6|44,50.8|44,57.4|44.2,48|44.8,48|45,56.8|45.4,47.4|46,44.4|46.6,43.4|47,44.6|47.2,44|47.4,55.6|48,42.2|48,55.8|48.4,43.2|49,42.2|49,56|49.2,43|49.6,55.8|50.2,41.2|50.2,56.6|50.4,39.6|51,43|51.2,39.8|51.2,57|51.4,24|51.4,24.6|51.6,57|51.8,19.2|51.8,33.8|51.8,42.4|51.8,42.8|51.8,56.4|52,26.2|52,41.2|52.2,35.2|52.2,35.6|52.2,37|52.4,19.6|52.4,20.8|52.4,28.2|52.4,29|52.4,31.8|52.4,37.8|52.4,40.4|52.6,20.8|52.6,39.2|52.6,42.4|52.6,42.8|52.8,34.2|52.8,41|52.8,58.8|53,30.4|53,34.8|53,58.4|53.2,32.6|53.2,59.8|53.2,77.4|53.4,32.4|53.6,30.2|53.6,44.4|53.8,31.4|53.8,57.2|54,55.8|54,78.8|54.2,58.2|54.2,59.8|54.4,59|54.6,56.6|54.8,58.2|54.8,79.4|55,56|55.4,58.8|55.4,60|55.8,52.2|56,53.4|56,56.6|56.2,56.4|56.2,58|57,81.6|57,83.6|58,82|58.4,52.4|58.8,85.8|59.2,50|59.4,49.4|59.4,84.8|59.4,87.8|59.8,84.6|59.8,85.6|59.8,88.2|60,49.6|60.2,48.4|60.2,51|60.2,82.6|60.4,49|60.4,84|60.4,87.2|60.6,48.8|60.6,83|60.6,87.4|61,83.6|61.2,87.6|61.4,48|61.4,85.2|61.4,86.2|61.6,47.6|61.6,83.8|61.6,86.4|61.6,87.8|61.8,87|62,47.2|62,82|62,83.2|62,84.6|62.4,81|62.8,83.8|63,80.2|63,82.4|63.2,72|63.2,80.8|63.2,83|63.4,48.2|63.4,70.2|63.4,71|63.4,79.2|63.6,65.6|63.8,69.8|63.8,78.8|64,68.8|64,78|64.2,71.2|64.2,74.6|64.4,67.4|64.4,74.2|64.4,76.4|64.4,77.2|64.6,68.4|64.6,69.2|64.6,75.6|64.8,65.2|64.8,67.4|64.8,74.8|65,66.2|65.2,63|65.4,48.4|65.4,64.2|65.6,63.8|65.6,64.6|65.6,74.2|66.2,62.6|66.6,63|66.8,48.6|68,51|68,52|69.4,52.6|69.4,60.2|70,55.2|70.4,56.2|70.4,57.4|70.4,59|70.6,56.6|70.6,57.6|70.8,55.4|71.4,55.8"
227373,Vicious Spiderling,15836,0,2396,Excavation Site 9,"35.4,54.6|35.8,55.6|38.4,51.2|38.6,51|39.6,61.2|39.6,62.4|40,60.4|41.6,55.2|42.8,58.4|45.2,62.6|45.4,66.6|45.6,66.4|45.8,65.2|48.8,60.4|50.2,27.8|50.2,61.4|50.8,23.8|51.2,19.2|51.6,34.8|55,30.4|56.4,34.4|56.8,51.4|57.8,51.8|58.4,49.8|59.8,52.8|61.4,54|65.2,38.8|65.4,33.8|65.6,40.8|66,33.6|66.6,53.4|66.8,51.6|67,40.6|68,43.8|69,43.2|69.6,40.8|70,44.2|70.2,37.6|71.4,41.2"
227373,Vicious Spiderling,15990,1,2422,Sidestreet Sluice,"27.2,62.6|28.2,33|29.2,69.4|32.8,31|34.2,32|39.4,63|39.4,64|39.8,62.6|44,64.2|58.2,32.8|60.2,30"
227373,Vicious Spiderling,15990,2,2421,Sidestreet Sluice,"25,55.6|27.4,57|35.2,70.2|37.2,71.2|37.2,71.6|40.2,75.2|40.6,19.4|40.8,72.4|42,72.4|43,73.6|44.2,21.8|45.2,19.4|45.2,23.2|45.4,26.4|46,72.8|47.4,74.6|48,23.8|49,22.6|50,73.6|52,22.6|52.8,19|55.8,43.4|56.4,36|56.6,46|57.6,34.8|57.6,75.4|58,31.2|58,38.6|58,51.8|58,63.6|58.2,61.2|58.6,34|58.8,36.2|58.8,71.8|59.2,44.2|59.2,76.6|74,18.8|76.6,18.2|78.6,28.4|78.8,16.2"
227373,Vicious Spiderling,15990,3,2420,Sidestreet Sluice,"26.2,17.4|27.8,18.4|28,36.2|28.2,39.6|29.2,41.8|30.4,19.8|30.8,39.8|31.2,25|31.8,39.8|33.4,24.8|33.8,54.8|34.2,43.8|34.4,23|35,56.8|40.4,59.4|50.6,63.2|52,62.8|62.2,55|64.8,57|68.8,58.2"
227903,Darkfuse Growler,15522,0,2406,Undermine,
228427,Stagshell Swarmer,15177,0,2305,Dalaran,"38.2,39.2|38.6,40|39.2,39.2|39.4,37|39.4,38.4|39.8,40.4|40.2,35.4|40.4,33.8|40.4,36.2|40.4,37.2|40.4,38.2|40.4,39.2|40.8,36.4|40.8,38.2|40.8,39|41,39.6|41.2,33.4|41.2,34.4|41.2,34.8|41.2,40.8|41.4,37.4|41.6,34.2|41.6,36|41.6,36.6|41.6,38|41.8,39|41.8,39.8|41.8,41.6|42.2,32.2|42.4,33.4|42.4,34.6|42.4,40.6|42.8,35.2|42.8,38.2|42.8,40.4|43,31.6|43,33.8|43.2,32.8|43.2,37|43.2,39.2|43.4,35.6|43.4,40.8|43.6,32.8|43.6,33.8|43.8,35|44,35.6|44,37.2|44,39.2|44,40|44.2,32.2|44.2,37.6|45,27.6|45,30.8"
231316,Whitefeather Crane,5736,,2366,The Wandering Isle,
231322,Lambent Waterstrider,5736,,2366,The Wandering Isle,
231380,Undercrawler,15452,0,2387,Operation: Floodgate,
232106,Brightscale Wyrm,15829,,2511,Magisters' Terrace,
236640,Dustseeker Spiderling,15968,,2395,Eversong Woods,
236645,Shadetooth Bat,15968,,2395,Eversong Woods,
237753,Void Stalker,16505,0,2477,Voidscar Cavern,"30.8,53.2|31,56|31.8,48.8|32,51.2|32.2,45.8|32.2,47.8|32.2,49.8|32.8,46.6|33,45.6|33.2,43.8|33.4,41.4|33.4,42.4|33.4,43|33.4,45.2|33.6,43.8|33.6,44.6|33.6,48|33.8,38|33.8,42.8|34,36.4|34.2,32.6|34.2,34.4|34.4,39.2|34.4,39.6|34.4,41.4|34.4,42.4|34.6,31.4|34.6,40.8|34.6,42|34.6,45.2|34.6,64.2|34.8,43.6|35,30.2|35,32.2|35,32.6|35,35.8|35.2,37.2|35.2,39.4|35.2,39.6|35.2,43|35.4,35.4|35.4,38.4|35.6,29.4|35.6,39.8|35.8,33.6|35.8,43.2|36,33.2|36,41|36,41.8|36,66.4|36.2,30.2|36.2,31.6|36.2,36.4|36.2,38.6|36.4,35.4|36.4,36.8|36.4,37.6|36.6,36.6|36.6,37.6|36.6,38.6|36.6,40.4|36.8,28.6|37,36.2|37,67.8|37.2,32|37.2,33.4|37.2,40.6|37.2,41.6|37.4,30.6|37.4,34.2|37.4,35|37.6,36.2|37.6,36.6|37.6,38.2|37.6,41|37.6,68|37.8,38.6|37.8,40|38.2,33.4|38.2,34.2|38.2,71.6|38.4,32.4|38.4,35|38.4,68.6|38.4,69.8|38.6,34.4|38.6,35.2|38.6,35.8|38.6,78.6|38.8,33|38.8,40|38.8,69.2|38.8,70|39,37.4|39,38|39,78.2|39.2,32.2|39.2,71.2|39.4,31.4|39.4,76.8|39.6,33.6|39.6,36|39.6,37.2|39.6,70.2|39.8,31.6|39.8,39|39.8,40.2|39.8,77.8|40,31|40,33.2|40.2,71.8|40.2,73.4|40.4,30.4|40.4,70.8|40.6,29.2|40.6,31.8|40.6,70|41,30|41,30.6|41,36|41,72.4|41.2,39|41.2,77.2|41.4,38.2|41.4,71|41.6,28.6|41.8,28.2|41.8,30|41.8,38.8|42,36.8|42,70.4|42,71.4|42,71.6|42.4,72.8|42.4,75.2|42.4,77.4|42.6,27.2|42.6,38.4|42.8,71.6|43,27.6|43,36.6|43,39.4|43,71.4|43,74.8|43,76.4|43.4,76.8|43.6,24.6|43.6,71|43.6,77.2|43.6,79|43.8,25.8|43.8,37.4|43.8,39.4|43.8,76.4|44,36|44,78.4|44.2,71.8|44.6,77.2|44.6,78|44.8,70.8|45,34.6|45,37|45,72.6|45.2,33.2|45.2,74|45.2,75.2|45.2,78.8|45.4,24.2|45.4,71.6|45.4,75.8|46,25|46,26|46.2,33|46.2,72.2|46.2,73.4|46.2,76.8|46.2,77.8|46.4,22.4|46.4,71.4|46.4,74.4|46.4,75|46.4,75.6|46.6,72.4|46.6,77.6|47,71.2|47,73.4|47.2,75|47.2,76.6|47.4,74.4|47.4,75.6|47.6,72.4|47.8,73.4|47.8,76.6|48,74.8|48.2,74.4|48.4,75.6|48.4,77.6|48.6,73.4|48.6,75.8|48.8,72.4|48.8,74|48.8,74.8|49.2,76.8|49.4,78.2|49.6,76.2|49.8,73.4|49.8,74.2|49.8,75.2|49.8,76.6|50.6,75.8|50.6,77.8|50.8,75.2|51,17.6|51,74.4|51.2,76.6|52,74.8|52.2,76.6|52.2,78|52.4,76|52.6,77.2|53,76.4|53.4,75.4|53.8,75.8|54,77.6|54.2,75.4|54.4,77.2|54.6,74.4|55.2,76.4|55.2,77.6|55.4,77.2|55.6,75.4|55.8,77.8|56.4,76.2|56.4,77|58.2,74.8|58.6,79|59.4,18.4|59.6,79|60.4,62.4|61,20.2|63.4,74.8"
241354,Void-Infused Brightscale,4131,,2511,Magisters' Terrace,
241354,Void-Infused Brightscale,15829,,2511,Magisters' Terrace,
242374,Void Crawler,16505,0,2477,Voidscar Cavern,"30.4,47.2|31,47.8|31,52|31.2,56.4|31.4,45.4|31.4,50.4|31.4,50.8|31.4,53.2|31.4,54.6|31.4,57.4|31.4,57.6|31.4,58.8|31.4,59.6|31.6,48.6|31.6,50|31.6,53.2|31.6,60.8|31.8,55.4|31.8,56.4|31.8,57.2|31.8,59.6|32,51.2|32,52|32,63.4|32,84.6|32.2,62.4|32.4,44.2|32.4,44.8|32.4,46.2|32.4,46.8|32.4,47.6|32.4,53.6|32.4,57.8|32.4,59.2|32.4,64.2|32.4,83.4|32.4,83.8|32.6,52.6|32.6,56.6|32.6,60.4|32.6,60.8|32.6,63.6|32.6,83.2|32.6,83.6|32.8,47|32.8,47.6|33,42.8|33,44.4|33,49.8|33,61.6|33,85.2|33.2,40|33.2,41.8|33.2,50.6|33.2,63.2|33.4,45|33.4,46.2|33.4,48.6|33.4,82.4|33.6,48.2|33.6,49.2|33.6,62.8|33.6,83.6|33.8,38|33.8,46.6|33.8,82.6|33.8,84.8|34,29.6|34,32.6|34,35.8|34,39.2|34,44.8|34.2,39.6|34.2,42.8|34.2,44|34.2,45.6|34.4,31.2|34.4,41.4|34.4,42.4|34.4,80.6|34.4,82|34.6,26.6|34.6,44.4|34.6,83|34.8,30.2|34.8,42|34.8,43.2|34.8,82.2|35,34.8|35,39.2|35,81.2|35,84.2|35.2,33.4|35.2,37.6|35.2,41|35.2,64.2|35.4,30.6|35.4,35.8|35.4,36.8|35.4,39.6|35.4,65|35.4,80.4|35.6,29.4|35.6,29.6|35.6,31.2|35.6,40|35.6,41.4|35.8,34.2|35.8,81|36,31.6|36,33.2|36,36.4|36,39.4|36,43.2|36,79.4|36,82|36.2,42|36.2,68|36.2,80.4|36.4,25|36.4,35.4|36.4,36.8|36.4,38.4|36.4,66.4|36.4,66.6|36.6,27|36.6,29.6|36.6,30.8|36.6,37.8|36.6,78.4|36.6,80.6|36.6,81.6|36.8,34|36.8,35.8|36.8,37.4|36.8,39.4|36.8,65.4|36.8,80.4|37,40.2|37,68|37,78.6|37.2,33.2|37.2,41.4|37.2,41.6|37.4,34.6|37.4,69|37.4,70.2|37.6,31.4|37.6,37.2|37.6,67.4|37.6,68.8|37.6,78|37.6,79|37.6,80.4|37.8,37.8|38,35|38,35.6|38.2,33.2|38.2,33.6|38.2,39|38.2,69.6|38.2,70.6|38.4,68.4|38.6,31.6|38.6,35.2|38.6,68.8|38.8,35.8|38.8,68.4|39,34|39,37.6|39,70.6|39,75.4|39.2,30.8|39.2,33.4|39.2,69.8|39.2,76.2|39.4,72.4|39.4,72.8|39.4,74|39.4,77.2|39.4,78.2|39.6,31.6|39.6,32.6|39.6,73.8|39.8,36.4|39.8,36.6|39.8,69.2|39.8,70.8|39.8,77.4|40,72.8|40.2,30|40.2,76.2|40.2,77.8|40.4,31|40.4,70.4|40.4,74.8|40.6,70.2|41,30.8|41,77.6|41.2,72.8|41.2,76.4|41.4,70.8|41.4,71.8|41.4,77.2|41.6,58.4|41.6,70.2|41.6,77.4|41.8,78.2|42,36.8|42,71|42,71.8|42.2,73.4|42.4,74.4|42.4,75.4|42.4,76.4|42.6,80.4|42.8,71.6|43.2,37|43.2,76.4|43.2,79.2|43.4,75.2|43.4,76.6|43.8,79|44.2,75|44.2,76|44.2,78.2|44.4,76.6|44.4,79.8|44.6,77.6|44.8,74.8|45,76.8|45.2,30|45.2,71.6|45.2,76.2|45.4,31|45.4,32.2|45.4,33.4|45.4,34.4|45.4,72.6|45.4,74.4|45.6,29.8|45.6,31|45.6,32.4|45.6,32.8|45.6,33.6|45.6,71.8|45.6,75|45.6,76.6|45.8,29.4|45.8,76.2|45.8,77.6|46,34.6|46,73.6|46.2,27.4|46.4,28.4|46.4,73.2|46.6,30.2|46.6,32.4|46.6,72.8|46.8,27.4|46.8,31|46.8,34|46.8,72.2|46.8,73.6|46.8,77|47,28|47,75.6|47,77.6|47.2,75|47.4,34.6|48,73.4|48,75|48,75.6|48.2,74|48.2,76.6|48.8,74.8|49,73|49,75.6|49.2,74.2|49.4,20|49.4,76.8|49.6,75.4|50.2,19.2|50.2,74|50.2,75.6|50.4,77|50.6,74.4|50.8,18.2|51,18.6|51,77.2|51.2,75.2|51.2,76|51.4,19.8|51.6,19.6|51.6,75.8|51.8,75.4|52,16.6|52,19|52,74.4|52.2,18.4|52.2,77|52.6,20.6|52.6,74.8|52.6,77|52.8,20.2|52.8,74.2|52.8,76.2|53.2,18.4|53.4,19.4|53.4,77.6|53.6,18.4|53.6,76.4|53.8,19|54,74|54,76.8|54,77.8|54.2,75.4|54.8,20.8|54.8,75.8|54.8,77.6|55.2,18.6|55.4,17.4|55.4,19.6|55.4,74.8|55.4,76.6|55.8,19.8|55.8,70.4|56,19|56.2,74.6|56.2,75.6|56.2,77.2|56.4,18.4|56.4,73.4|56.4,77.8|56.6,58.2|56.8,18.8|56.8,75|57,75.6|57.2,76.8|57.2,78.2|57.4,50.6|57.4,74|57.4,79.2|57.6,76.2|57.6,78.8|57.8,75.4|58,72.6|58,74.2|58.4,77.2|58.4,77.6|58.6,75|58.6,76.4|59.2,18.8|59.2,74|59.2,76.8|59.2,77.8|59.4,18.4|59.6,75.2|60,76.2|60,77.8|60.2,21.6|60.2,41.8|60.4,73.8|60.4,76.6|60.6,21.2|60.6,40|60.6,75.6|60.8,32.4|60.8,32.6|61,20.4|61.2,17.6|61.2,42.6|61.2,75|61.4,36.2|61.4,36.6|61.4,49|61.4,52.2|61.4,77|61.6,36|61.6,51.4|61.6,74.4|61.8,25.6|61.8,52.2|61.8,52.6|61.8,75.2|61.8,77.2|62,24.4|62,30.4|62,32.8|62,35|62,37|62.2,47|62.2,75.8|62.4,24.8|62.4,27|62.4,29.4|62.6,26.6|62.6,27.6|62.6,34|62.6,47.8|62.8,23|62.8,25.4|62.8,26.4|62.8,30|62.8,49.2|62.8,54.8|63,29|63,37.4|63,39.2|63,50.4|63,51.4|63,52.6|63.2,24.4|63.2,39.8|63.2,51.6|63.2,53.6|63.4,35|63.4,36|63.4,38.2|63.4,41.6|63.6,26.2|63.6,38|63.8,24|63.8,27.4|63.8,27.6|63.8,32.4|63.8,33.8|63.8,48.6|63.8,71.6|64,22.6|64,28.8|64,36|64.2,73.8|64.4,29.6|64.4,30.6|64.4,33.2|64.4,34.8|64.4,39.4|64.4,40.2|64.4,40.6|64.8,38|64.8,39.4|64.8,39.8|65.2,37.4|65.4,67|65.4,68.2|65.4,70.8|65.6,38|65.6,38.6|65.6,39.6|65.8,46.6|66,71.2|66,74.6|66.2,45|66.2,64.2|66.2,65.2|66.2,66|66.2,67.8|66.2,69.4|66.4,43.2|66.4,44.2|66.4,67.4|66.4,70.4|66.6,64|66.6,66.6|66.8,43.4|66.8,45.2|66.8,66.2|66.8,69|67,67.8|67.2,69.8|67.4,43.8|67.4,47|67.4,47.8|67.4,65|67.8,45.4|67.8,46.4|67.8,47.2|67.8,47.8|67.8,64.6|68,61|68,64|68.2,49.2|68.2,50.8|68.2,51.6|68.4,50|68.4,53.6|68.4,54.6|68.4,56|68.4,68|68.4,69|68.6,43.6|68.6,63.8|68.6,65|68.8,48.4|68.8,50.2|68.8,55.4|69,46.4|69,49.2|69.2,51.4|69.2,51.8|69.2,54|69.4,56|69.4,57.4|69.6,50|69.6,57.8|69.6,65.8|69.8,55.4|69.8,64.2|70,51|70,56.6|70.2,52|70.2,53.2|70.2,54.4|70.2,56.2|70.6,51.2|70.6,52|70.6,56.2|70.8,54|71,53|71,56.6|71.8,53.2|71.8,53.6|72.4,55.8"
248447,Kilivore Drone,15458,,2405,Voidstorm,
248448,Territorial Consumptor,15458,,2405,Voidstorm,
250124,Plump Chitterfang,3805,,2585,Zul'Aman,
250489,Voltaic Trigore,16340,0,2529,The Voidspire,
250503,Invasive Consumptor,16340,0,2529,The Voidspire,
250564,Blistercreep,16340,0,2529,The Voidspire,"42.5,35.2"
252240,Invasive Consumptor,16340,0,2529,The Voidspire,
252466,Razorshell Ravager,16596,,2507,Torment's Rise,
253179,Razorshell Ravager,16542,0,2545,Parhelion Plaza,
253179,Razorshell Ravager,16545,0,2547,Collegiate Calamity,
253179,Razorshell Ravager,16549,0,2506,Shadowguard Point,
253179,Razorshell Ravager,16556,0,2535,Atal'Aman,
253179,Razorshell Ravager,16557,1,2504,Twilight Crypts,
253179,Razorshell Ravager,16592,1,2571,Sunkiller Sanctum,
253179,Razorshell Ravager,16594,0,2502,Shadow Enclave,
253179,Razorshell Ravager,16595,0,2505,Gulf of Memory,
253179,Razorshell Ravager,16642,0,2525,The Darkway,"42,70.8|42.3,72.8|42.7,70.4|42.8,71|42.9,72.4|48.1,66|48.2,65|48.7,65.1"
253305,Poison Dart Frog,16556,,2535,Atal'Aman,
255055,Wrathshell Consumptor,16542,,2545,Parhelion Plaza,
255055,Wrathshell Consumptor,16545,,2547,Collegiate Calamity,
255055,Wrathshell Consumptor,16549,,2506,Shadowguard Point,
255055,Wrathshell Consumptor,16556,,2535,Atal'Aman,
255055,Wrathshell Consumptor,16557,1,2504,Twilight Crypts,
255055,Wrathshell Consumptor,16595,,2505,Gulf of Memory,"42,51.5"
255055,Wrathshell Consumptor,16595,,2575,Gulf of Memory,"43.7,74.9"
255055,Wrathshell Consumptor,16642,,2525,The Darkway,
255709,Reinfused Felwyrm,16091,,2434,Augurs' Terrace,
255957,Corrupted Ray,16796,,2585,Zul'Aman,"46.1,53.6|48.5,54.8|49.1,54.3|49.3,53.0"
256914,Lightmad Saptor,15968,,2395,Eversong Woods,
257127,Barbtooth Bloodtracker,16542,0,2545,Parhelion Plaza,
257127,Barbtooth Bloodtracker,16545,0,2547,Collegiate Calamity,
257127,Barbtooth Bloodtracker,16549,0,2506,Shadowguard Point,
257127,Barbtooth Bloodtracker,16556,,2535,Atal'Aman,
257127,Barbtooth Bloodtracker,16557,1,2504,Twilight Crypts,
257127,Barbtooth Bloodtracker,16594,0,2502,Shadow Enclave,
257127,Barbtooth Bloodtracker,16595,0,2505,Gulf of Memory,
257127,Barbtooth Bloodtracker,16595,1,2575,Gulf of Memory,
257127,Barbtooth Bloodtracker,16642,0,2525,The Darkway,
257765,Insatiable Consumptor,15458,,2405,Voidstorm,
257830,Deeplurk Snapdragon,16939,,2594,Eversong Woods,"63.8,61.7"
258073,Tusksplitter Boar,3805,,2585,Zul'Aman,
259914,Tortured Dragonhawk,16796,,2585,Zul'Aman,"52.9,47.7|53,47.4|53,50.3"
260988,Frost Crawler,16900,,2599,Val,
261085,Invasive Crystalback,16900,,2599,Val,
261981,Rime Worm,16900,,2599,Val,
262321,Depthstalker Snapdragon,16939,,2594,Eversong Woods,"53.8,59.9|54.8,61.4|54.8,61.5|54.9,56.2|55.6,57.8|55.9,59|56.4,59.5|56.6,59.4|56.8,59.7|56.9,58.2|56.9,60.5|58.2,58.4|58.2,58.5"
265254,Hal'hadar Leystalker,16943,0,2600,Naigtal,"25.9,48.2|26.1,52.7|26.2,54.8|27.3,55.1|28.2,52.2|28.3,39|28.3,41.5|28.3,56|28.4,42.6|28.6,39.2|28.6,42|28.6,55.3|29.1,43.4|30,46.1|30,55.9|30.2,44.9|30.3,54.4|30.4,40.2|30.5,43.4|30.6,40.1|30.7,44.5|31.1,45.8|32.1,54.5|32.2,54.4|32.4,38.3|32.6,39.2|32.9,44.9|33.2,52.8|33.7,43.4|33.8,43.5|33.9,39.9|35.4,45|36.1,46.1|36.3,42.9|36.4,45.3|36.5,40.9|36.6,44.7|36.8,42.2|38.8,44.6|41,43.3|43.3,45.4|43.3,60.2|43.4,45.8|43.5,60|44.4,59.1|44.5,47.1|45.3,61|45.9,60.8|52.2,34.6|54,36.9|54.5,46.4|55.1,40.4|55.2,38.1|56.3,42.9|57.9,42.4|58.4,45.9|59.2,44.1"
265254,Hal'hadar Leystalker,17103,0,2646,Vilaldoun,"58.3,36.8|68.8,23.3"
